route,direction,km_bin,accidents,deaths,injuries
경부선,부산,5,0,0,0
경부선,부산,6,0,0,0
경부선,부산,7,0,0,0
경부선,부산,8,0,0,0
경부선,부산,9,0,0,0
경부선,부산,10,1,0,1
경부선,부산,11,1,0,1
경부선,부산,12,3,0,0
경부선,부산,13,5,1,0
경부선,부산,14,1,0,0
경부선,부산,15,1,0,0
경부선,부산,16,1,0,0
경부선,부산,17,1,0,1
경부선,부산,18,1,0,0
경부선,부산,19,0,0,0
경부선,부산,20,0,0,0
경부선,부산,21,1,0,0
경부선,부산,22,1,0,1
경부선,부산,23,2,0,3
경부선,부산,24,0,0,0
경부선,부산,25,0,0,0
경부선,부산,26,1,0,0
경부선,부산,27,0,0,0
경부선,부산,28,0,0,0
경부선,부산,29,2,0,1
경부선,부산,30,0,0,0
경부선,부산,31,0,0,0
경부선,부산,32,0,0,0
경부선,부산,33,0,0,0
경부선,부산,34,0,0,0
경부선,부산,35,1,0,0
경부선,부산,36,0,0,0
경부선,부산,37,1,0,0
경부선,부산,38,1,0,0
경부선,부산,39,0,0,0
경부선,부산,40,3,0,1
경부선,부산,41,0,0,0
경부선,부산,42,3,0,1
경부선,부산,43,0,0,0
경부선,부산,44,0,0,0
경부선,부산,45,0,0,0
경부선,부산,46,0,0,0
경부선,부산,47,0,0,0
경부선,부산,48,0,0,0
경부선,부산,49,1,0,0
경부선,부산,50,0,0,0
경부선,부산,51,0,0,0
경부선,부산,52,0,0,0
경부선,부산,53,1,0,0
경부선,부산,54,0,0,0
경부선,부산,55,0,0,0
경부선,부산,56,0,0,0
경부선,부산,57,2,0,1
경부선,부산,58,2,0,1
경부선,부산,59,1,0,0
경부선,부산,60,0,0,0
경부선,부산,61,1,0,1
경부선,부산,62,2,0,1
경부선,부산,63,0,0,0
경부선,부산,64,0,0,0
경부선,부산,65,1,0,0
경부선,부산,66,0,0,0
경부선,부산,67,1,1,0
경부선,부산,68,1,0,1
경부선,부산,69,0,0,0
경부선,부산,70,3,0,3
경부선,부산,71,0,0,0
경부선,부산,72,1,0,0
경부선,부산,73,0,0,0
경부선,부산,74,0,0,0
경부선,부산,75,0,0,0
경부선,부산,76,1,0,0
경부선,부산,77,1,0,4
경부선,부산,78,1,0,2
경부선,부산,79,1,0,0
경부선,부산,80,0,0,0
경부선,부산,81,0,0,0
경부선,부산,82,0,0,0
경부선,부산,83,3,0,2
경부선,부산,84,0,0,0
경부선,부산,85,0,0,0
경부선,부산,86,0,0,0
경부선,부산,87,0,0,0
경부선,부산,88,0,0,0
경부선,부산,89,0,0,0
경부선,부산,90,0,0,0
경부선,부산,91,1,0,0
경부선,부산,92,0,0,0
경부선,부산,93,0,0,0
경부선,부산,94,0,0,0
경부선,부산,95,0,0,0
경부선,부산,96,1,0,0
경부선,부산,97,0,0,0
경부선,부산,98,0,0,0
경부선,부산,99,0,0,0
경부선,부산,100,1,0,1
경부선,부산,101,1,1,0
경부선,부산,102,0,0,0
경부선,부산,103,0,0,0
경부선,부산,104,1,1,0
경부선,부산,105,1,0,0
경부선,부산,106,0,0,0
경부선,부산,107,1,0,0
경부선,부산,108,0,0,0
경부선,부산,109,0,0,0
경부선,부산,110,0,0,0
경부선,부산,111,2,1,3
경부선,부산,112,1,0,0
경부선,부산,113,0,0,0
경부선,부산,114,0,0,0
경부선,부산,115,0,0,0
경부선,부산,116,0,0,0
경부선,부산,117,0,0,0
경부선,부산,118,2,0,2
경부선,부산,119,0,0,0
경부선,부산,120,0,0,0
경부선,부산,121,0,0,0
경부선,부산,122,0,0,0
경부선,부산,123,1,0,0
경부선,부산,124,0,0,0
경부선,부산,125,0,0,0
경부선,부산,126,0,0,0
경부선,부산,127,2,0,2
경부선,부산,128,1,0,1
경부선,부산,129,2,0,2
경부선,부산,130,2,0,0
경부선,부산,131,3,0,2
경부선,부산,132,1,0,0
경부선,부산,133,1,0,1
경부선,부산,134,1,0,1
경부선,부산,135,4,0,1
경부선,부산,136,1,0,0
경부선,부산,137,4,0,3
경부선,부산,138,1,0,2
경부선,부산,139,0,0,0
경부선,부산,140,3,0,0
경부선,부산,141,1,0,1
경부선,부산,142,0,0,0
경부선,부산,143,1,0,0
경부선,부산,144,0,0,0
경부선,부산,145,0,0,0
경부선,부산,146,2,0,1
경부선,부산,147,2,0,0
경부선,부산,148,3,0,4
경부선,부산,149,0,0,0
경부선,부산,150,0,0,0
경부선,부산,151,4,1,2
경부선,부산,152,4,0,0
경부선,부산,153,3,0,2
경부선,부산,154,1,0,0
경부선,부산,155,2,0,0
경부선,부산,156,1,0,0
경부선,부산,157,1,0,1
경부선,부산,158,2,0,2
경부선,부산,159,1,0,1
경부선,부산,160,3,0,2
경부선,부산,161,1,0,3
경부선,부산,162,0,0,0
경부선,부산,163,2,0,1
경부선,부산,164,2,0,2
경부선,부산,165,1,0,1
경부선,부산,166,2,1,4
경부선,부산,167,3,0,1
경부선,부산,168,1,0,0
경부선,부산,169,0,0,0
경부선,부산,170,1,1,0
경부선,부산,171,2,0,1
경부선,부산,172,2,0,5
경부선,부산,173,2,1,2
경부선,부산,174,0,0,0
경부선,부산,175,3,0,2
경부선,부산,176,1,0,2
경부선,부산,177,1,0,1
경부선,부산,178,0,0,0
경부선,부산,179,0,0,0
경부선,부산,180,0,0,0
경부선,부산,181,1,0,0
경부선,부산,182,0,0,0
경부선,부산,183,0,0,0
경부선,부산,184,1,0,1
경부선,부산,185,0,0,0
경부선,부산,186,0,0,0
경부선,부산,187,0,0,0
경부선,부산,188,0,0,0
경부선,부산,189,1,0,0
경부선,부산,190,0,0,0
경부선,부산,191,0,0,0
경부선,부산,192,0,0,0
경부선,부산,193,0,0,0
경부선,부산,194,1,0,0
경부선,부산,195,1,0,0
경부선,부산,196,1,0,1
경부선,부산,197,1,1,0
경부선,부산,198,1,0,1
경부선,부산,199,0,0,0
경부선,부산,200,2,1,0
경부선,부산,201,4,0,0
경부선,부산,202,0,0,0
경부선,부산,203,2,0,3
경부선,부산,204,1,0,0
경부선,부산,205,0,0,0
경부선,부산,206,0,0,0
경부선,부산,207,0,0,0
경부선,부산,208,2,0,1
경부선,부산,209,1,0,0
경부선,부산,210,0,0,0
경부선,부산,211,2,0,1
경부선,부산,212,0,0,0
경부선,부산,213,1,0,0
경부선,부산,214,0,0,0
경부선,부산,215,0,0,0
경부선,부산,216,0,0,0
경부선,부산,217,1,0,0
경부선,부산,218,0,0,0
경부선,부산,219,1,1,1
경부선,부산,220,1,0,2
경부선,부산,221,2,0,2
경부선,부산,222,1,0,1
경부선,부산,223,1,0,0
경부선,부산,224,0,0,0
경부선,부산,225,0,0,0
경부선,부산,226,1,0,0
경부선,부산,227,0,0,0
경부선,부산,228,0,0,0
경부선,부산,229,0,0,0
경부선,부산,230,0,0,0
경부선,부산,231,0,0,0
경부선,부산,232,1,0,0
경부선,부산,233,2,0,2
경부선,부산,234,0,0,0
경부선,부산,235,0,0,0
경부선,부산,236,0,0,0
경부선,부산,237,0,0,0
경부선,부산,238,0,0,0
경부선,부산,239,0,0,0
경부선,부산,240,0,0,0
경부선,부산,241,0,0,0
경부선,부산,242,0,0,0
경부선,부산,243,0,0,0
경부선,부산,244,0,0,0
경부선,부산,245,0,0,0
경부선,부산,246,0,0,0
경부선,부산,247,1,0,1
경부선,부산,248,0,0,0
경부선,부산,249,1,0,0
경부선,부산,250,1,0,0
경부선,부산,251,0,0,0
경부선,부산,252,1,0,0
경부선,부산,253,0,0,0
경부선,부산,254,0,0,0
경부선,부산,255,0,0,0
경부선,부산,256,0,0,0
경부선,부산,257,1,0,0
경부선,부산,258,0,0,0
경부선,부산,259,1,0,0
경부선,부산,260,0,0,0
경부선,부산,261,0,0,0
경부선,부산,262,0,0,0
경부선,부산,263,0,0,0
경부선,부산,264,1,0,0
경부선,부산,265,1,1,0
경부선,부산,266,1,0,0
경부선,부산,267,0,0,0
경부선,부산,268,4,1,2
경부선,부산,269,1,0,0
경부선,부산,270,1,0,2
경부선,부산,271,0,0,0
경부선,부산,272,1,0,0
경부선,부산,273,0,0,0
경부선,부산,274,4,2,0
경부선,부산,275,1,0,1
경부선,부산,276,0,0,0
경부선,부산,277,0,0,0
경부선,부산,278,1,0,1
경부선,부산,279,0,0,0
경부선,부산,280,0,0,0
경부선,부산,281,0,0,0
경부선,부산,282,0,0,0
경부선,부산,283,0,0,0
경부선,부산,284,0,0,0
경부선,부산,285,0,0,0
경부선,부산,286,1,1,1
경부선,부산,287,0,0,0
경부선,부산,288,0,0,0
경부선,부산,289,1,0,0
경부선,부산,290,0,0,0
경부선,부산,291,1,0,0
경부선,부산,292,0,0,0
경부선,부산,293,2,0,1
경부선,부산,294,1,0,0
경부선,부산,295,0,0,0
경부선,부산,296,0,0,0
경부선,부산,297,2,1,1
경부선,부산,298,3,0,2
경부선,부산,299,1,0,1
경부선,부산,300,0,0,0
경부선,부산,301,1,0,0
경부선,부산,302,0,0,0
경부선,부산,303,0,0,0
경부선,부산,304,1,0,1
경부선,부산,305,6,0,5
경부선,부산,306,1,0,1
경부선,부산,307,2,0,0
경부선,부산,308,2,0,0
경부선,부산,309,3,1,0
경부선,부산,310,3,0,0
경부선,부산,311,1,0,0
경부선,부산,312,3,0,9
경부선,부산,313,0,0,0
경부선,부산,314,5,0,2
경부선,부산,315,3,0,0
경부선,부산,316,1,0,2
경부선,부산,317,1,1,0
경부선,부산,318,4,1,4
경부선,부산,319,2,0,0
경부선,부산,320,0,0,0
경부선,부산,321,2,0,0
경부선,부산,322,2,0,0
경부선,부산,323,1,0,2
경부선,부산,324,2,0,0
경부선,부산,325,1,0,1
경부선,부산,326,1,0,4
경부선,부산,327,4,0,1
경부선,부산,328,5,0,15
경부선,부산,329,2,0,2
경부선,부산,330,5,0,3
경부선,부산,331,2,0,1
경부선,부산,332,8,0,2
경부선,부산,333,0,0,0
경부선,부산,334,6,1,1
경부선,부산,335,1,0,0
경부선,부산,336,3,0,0
경부선,부산,337,0,0,0
경부선,부산,338,3,0,1
경부선,부산,339,3,0,1
경부선,부산,340,9,0,2
경부선,부산,341,6,0,1
경부선,부산,342,3,0,1
경부선,부산,343,3,0,0
경부선,부산,344,3,0,0
경부선,부산,345,0,0,0
경부선,부산,346,2,0,1
경부선,부산,347,2,0,2
경부선,부산,348,7,0,0
경부선,부산,349,0,0,0
경부선,부산,350,3,0,0
경부선,부산,351,3,0,0
경부선,부산,352,3,0,5
경부선,부산,353,5,0,0
경부선,부산,354,2,0,1
경부선,부산,355,3,0,1
경부선,부산,356,1,0,0
경부선,부산,357,0,0,0
경부선,부산,358,3,3,12
경부선,부산,359,1,0,0
경부선,부산,360,9,0,3
경부선,부산,361,1,0,1
경부선,부산,362,4,1,3
경부선,부산,363,0,0,0
경부선,부산,364,1,0,1
경부선,부산,365,0,0,0
경부선,부산,366,0,0,0
경부선,부산,367,2,0,0
경부선,부산,368,0,0,0
경부선,부산,369,1,0,0
경부선,부산,370,0,0,0
경부선,부산,371,0,0,0
경부선,부산,372,6,0,5
경부선,부산,373,2,0,1
경부선,부산,374,1,0,0
경부선,부산,375,0,0,0
경부선,부산,376,0,0,0
경부선,부산,377,0,0,0
경부선,부산,378,4,0,3
경부선,부산,379,4,1,2
경부선,부산,380,2,1,0
경부선,부산,381,1,0,1
경부선,부산,382,1,0,0
경부선,부산,383,0,0,0
경부선,부산,384,2,0,2
경부선,부산,385,1,0,0
경부선,부산,386,1,0,0
경부선,부산,387,1,0,0
경부선,부산,388,2,3,1
경부선,부산,389,1,0,1
경부선,부산,390,0,0,0
경부선,부산,391,1,0,1
경부선,부산,392,7,1,9
경부선,부산,393,1,0,0
경부선,부산,394,1,0,0
경부선,부산,395,3,0,1
경부선,부산,396,1,0,1
경부선,부산,397,1,0,0
경부선,부산,398,1,0,0
경부선,부산,399,0,0,0
경부선,부산,400,0,0,0
경부선,부산,401,0,0,0
경부선,부산,402,3,0,4
경부선,부산,403,0,0,0
경부선,부산,404,2,0,0
경부선,부산,405,2,0,0
경부선,부산,406,0,0,0
경부선,부산,407,2,0,2
경부선,부산,408,0,0,0
경부선,부산,409,1,0,0
경부선,부산,410,2,0,1
경부선,부산,411,2,0,5
경부선,부산,412,2,0,2
경부선,부산,413,0,0,0
경부선,부산,414,1,1,0
경부선,부산,415,0,0,0
경부선,서울,5,2,0,1
경부선,서울,6,0,0,0
경부선,서울,7,1,0,0
경부선,서울,8,0,0,0
경부선,서울,9,2,1,0
경부선,서울,10,0,0,0
경부선,서울,11,1,1,1
경부선,서울,12,0,0,0
경부선,서울,13,2,0,0
경부선,서울,14,1,0,0
경부선,서울,15,1,0,1
경부선,서울,16,0,0,0
경부선,서울,17,2,0,0
경부선,서울,18,2,0,0
경부선,서울,19,0,0,0
경부선,서울,20,0,0,0
경부선,서울,21,1,0,0
경부선,서울,22,0,0,0
경부선,서울,23,0,0,0
경부선,서울,24,0,0,0
경부선,서울,25,0,0,0
경부선,서울,26,0,0,0
경부선,서울,27,0,0,0
경부선,서울,28,0,0,0
경부선,서울,29,0,0,0
경부선,서울,30,1,0,2
경부선,서울,31,1,0,1
경부선,서울,32,2,0,2
경부선,서울,33,0,0,0
경부선,서울,34,0,0,0
경부선,서울,35,2,0,0
경부선,서울,36,0,0,0
경부선,서울,37,1,0,0
경부선,서울,38,1,0,0
경부선,서울,39,0,0,0
경부선,서울,40,2,0,1
경부선,서울,41,0,0,0
경부선,서울,42,0,0,0
경부선,서울,43,0,0,0
경부선,서울,44,0,0,0
경부선,서울,45,0,0,0
경부선,서울,46,1,0,0
경부선,서울,47,0,0,0
경부선,서울,48,0,0,0
경부선,서울,49,0,0,0
경부선,서울,50,0,0,0
경부선,서울,51,0,0,0
경부선,서울,52,1,0,0
경부선,서울,53,0,0,0
경부선,서울,54,0,0,0
경부선,서울,55,0,0,0
경부선,서울,56,0,0,0
경부선,서울,57,0,0,0
경부선,서울,58,2,0,2
경부선,서울,59,1,0,0
경부선,서울,60,0,0,0
경부선,서울,61,2,0,0
경부선,서울,62,0,0,0
경부선,서울,63,0,0,0
경부선,서울,64,0,0,0
경부선,서울,65,0,0,0
경부선,서울,66,2,0,1
경부선,서울,67,0,0,0
경부선,서울,68,0,0,0
경부선,서울,69,1,0,1
경부선,서울,70,0,0,0
경부선,서울,71,0,0,0
경부선,서울,72,0,0,0
경부선,서울,73,0,0,0
경부선,서울,74,0,0,0
경부선,서울,75,0,0,0
경부선,서울,76,0,0,0
경부선,서울,77,0,0,0
경부선,서울,78,0,0,0
경부선,서울,79,0,0,0
경부선,서울,80,0,0,0
경부선,서울,81,0,0,0
경부선,서울,82,0,0,0
경부선,서울,83,0,0,0
경부선,서울,84,0,0,0
경부선,서울,85,0,0,0
경부선,서울,86,0,0,0
경부선,서울,87,0,0,0
경부선,서울,88,0,0,0
경부선,서울,89,1,1,0
경부선,서울,90,0,0,0
경부선,서울,91,0,0,0
경부선,서울,92,0,0,0
경부선,서울,93,0,0,0
경부선,서울,94,0,0,0
경부선,서울,95,0,0,0
경부선,서울,96,0,0,0
경부선,서울,97,0,0,0
경부선,서울,98,0,0,0
경부선,서울,99,0,0,0
경부선,서울,100,1,0,0
경부선,서울,101,0,0,0
경부선,서울,102,1,0,1
경부선,서울,103,0,0,0
경부선,서울,104,0,0,0
경부선,서울,105,0,0,0
경부선,서울,106,0,0,0
경부선,서울,107,0,0,0
경부선,서울,108,3,0,2
경부선,서울,109,0,0,0
경부선,서울,110,0,0,0
경부선,서울,111,0,0,0
경부선,서울,112,0,0,0
경부선,서울,113,0,0,0
경부선,서울,114,0,0,0
경부선,서울,115,0,0,0
경부선,서울,116,0,0,0
경부선,서울,117,0,0,0
경부선,서울,118,1,0,1
경부선,서울,119,0,0,0
경부선,서울,120,0,0,0
경부선,서울,121,1,0,2
경부선,서울,122,0,0,0
경부선,서울,123,1,0,1
경부선,서울,124,0,0,0
경부선,서울,125,1,0,1
경부선,서울,126,3,0,1
경부선,서울,127,3,1,3
경부선,서울,128,1,0,1
경부선,서울,129,2,0,1
경부선,서울,130,0,0,0
경부선,서울,131,0,0,0
경부선,서울,132,2,1,0
경부선,서울,133,0,0,0
경부선,서울,134,2,0,2
경부선,서울,135,2,0,1
경부선,서울,136,1,0,3
경부선,서울,137,3,0,3
경부선,서울,138,2,0,1
경부선,서울,139,1,0,1
경부선,서울,140,2,0,0
경부선,서울,141,0,0,0
경부선,서울,142,0,0,0
경부선,서울,143,0,0,0
경부선,서울,144,0,0,0
경부선,서울,145,2,0,3
경부선,서울,146,5,0,2
경부선,서울,147,2,0,1
경부선,서울,148,0,0,0
경부선,서울,149,2,0,2
경부선,서울,150,1,0,0
경부선,서울,151,2,0,0
경부선,서울,152,0,0,0
경부선,서울,153,0,0,0
경부선,서울,154,0,0,0
경부선,서울,155,0,0,0
경부선,서울,156,0,0,0
경부선,서울,157,0,0,0
경부선,서울,158,0,0,0
경부선,서울,159,1,0,0
경부선,서울,160,2,1,0
경부선,서울,161,0,0,0
경부선,서울,162,0,0,0
경부선,서울,163,0,0,0
경부선,서울,164,0,0,0
경부선,서울,165,2,0,1
경부선,서울,166,1,0,0
경부선,서울,167,0,0,0
경부선,서울,168,1,0,1
경부선,서울,169,1,0,0
경부선,서울,170,0,0,0
경부선,서울,171,1,0,0
경부선,서울,172,1,0,0
경부선,서울,173,0,0,0
경부선,서울,174,0,0,0
경부선,서울,175,0,0,0
경부선,서울,176,0,0,0
경부선,서울,177,1,0,2
경부선,서울,178,0,0,0
경부선,서울,179,0,0,0
경부선,서울,180,1,0,1
경부선,서울,181,3,0,0
경부선,서울,182,0,0,0
경부선,서울,183,1,0,1
경부선,서울,184,0,0,0
경부선,서울,185,0,0,0
경부선,서울,186,1,0,3
경부선,서울,187,0,0,0
경부선,서울,188,1,0,0
경부선,서울,189,0,0,0
경부선,서울,190,0,0,0
경부선,서울,191,0,0,0
경부선,서울,192,1,0,1
경부선,서울,193,1,0,0
경부선,서울,194,0,0,0
경부선,서울,195,0,0,0
경부선,서울,196,0,0,0
경부선,서울,197,0,0,0
경부선,서울,198,2,1,1
경부선,서울,199,0,0,0
경부선,서울,200,0,0,0
경부선,서울,201,3,0,3
경부선,서울,202,0,0,0
경부선,서울,203,0,0,0
경부선,서울,204,0,0,0
경부선,서울,205,0,0,0
경부선,서울,206,0,0,0
경부선,서울,207,0,0,0
경부선,서울,208,0,0,0
경부선,서울,209,0,0,0
경부선,서울,210,2,0,3
경부선,서울,211,0,0,0
경부선,서울,212,0,0,0
경부선,서울,213,0,0,0
경부선,서울,214,2,1,1
경부선,서울,215,0,0,0
경부선,서울,216,3,0,3
경부선,서울,217,0,0,0
경부선,서울,218,0,0,0
경부선,서울,219,0,0,0
경부선,서울,220,0,0,0
경부선,서울,221,0,0,0
경부선,서울,222,0,0,0
경부선,서울,223,0,0,0
경부선,서울,224,0,0,0
경부선,서울,225,0,0,0
경부선,서울,226,0,0,0
경부선,서울,227,0,0,0
경부선,서울,228,0,0,0
경부선,서울,229,1,1,0
경부선,서울,230,1,0,1
경부선,서울,231,1,1,0
경부선,서울,232,0,0,0
경부선,서울,233,0,0,0
경부선,서울,234,0,0,0
경부선,서울,235,0,0,0
경부선,서울,236,0,0,0
경부선,서울,237,0,0,0
경부선,서울,238,0,0,0
경부선,서울,239,0,0,0
경부선,서울,240,0,0,0
경부선,서울,241,0,0,0
경부선,서울,242,1,0,1
경부선,서울,243,0,0,0
경부선,서울,244,2,0,0
경부선,서울,245,0,0,0
경부선,서울,246,1,1,0
경부선,서울,247,0,0,0
경부선,서울,248,2,1,0
경부선,서울,249,1,0,1
경부선,서울,250,0,0,0
경부선,서울,251,0,0,0
경부선,서울,252,1,0,0
경부선,서울,253,0,0,0
경부선,서울,254,0,0,0
경부선,서울,255,0,0,0
경부선,서울,256,0,0,0
경부선,서울,257,0,0,0
경부선,서울,258,0,0,0
경부선,서울,259,1,0,2
경부선,서울,260,0,0,0
경부선,서울,261,1,0,0
경부선,서울,262,1,0,1
경부선,서울,263,0,0,0
경부선,서울,264,0,0,0
경부선,서울,265,0,0,0
경부선,서울,266,1,1,0
경부선,서울,267,1,1,0
경부선,서울,268,0,0,0
경부선,서울,269,1,0,0
경부선,서울,270,2,0,0
경부선,서울,271,0,0,0
경부선,서울,272,0,0,0
경부선,서울,273,2,0,1
경부선,서울,274,1,0,1
경부선,서울,275,2,0,1
경부선,서울,276,0,0,0
경부선,서울,277,0,0,0
경부선,서울,278,0,0,0
경부선,서울,279,0,0,0
경부선,서울,280,3,0,2
경부선,서울,281,0,0,0
경부선,서울,282,1,1,0
경부선,서울,283,1,0,3
경부선,서울,284,0,0,0
경부선,서울,285,0,0,0
경부선,서울,286,0,0,0
경부선,서울,287,0,0,0
경부선,서울,288,0,0,0
경부선,서울,289,0,0,0
경부선,서울,290,0,0,0
경부선,서울,291,0,0,0
경부선,서울,292,0,0,0
경부선,서울,293,2,1,0
경부선,서울,294,1,0,0
경부선,서울,295,0,0,0
경부선,서울,296,0,0,0
경부선,서울,297,1,0,0
경부선,서울,298,0,0,0
경부선,서울,299,0,0,0
경부선,서울,300,0,0,0
경부선,서울,301,0,0,0
경부선,서울,302,1,0,0
경부선,서울,303,0,0,0
경부선,서울,304,1,0,11
경부선,서울,305,7,0,8
경부선,서울,306,7,0,1
경부선,서울,307,1,0,0
경부선,서울,308,3,0,1
경부선,서울,309,5,1,0
경부선,서울,310,3,0,2
경부선,서울,311,3,0,3
경부선,서울,312,0,0,0
경부선,서울,313,4,0,0
경부선,서울,314,1,0,3
경부선,서울,315,4,1,0
경부선,서울,316,1,0,0
경부선,서울,317,5,1,1
경부선,서울,318,0,0,0
경부선,서울,319,2,0,0
경부선,서울,320,3,1,1
경부선,서울,321,1,0,0
경부선,서울,322,1,0,1
경부선,서울,323,0,0,0
경부선,서울,324,1,1,0
경부선,서울,325,0,0,0
경부선,서울,326,1,0,0
경부선,서울,327,2,0,0
경부선,서울,328,2,0,1
경부선,서울,329,0,0,0
경부선,서울,330,6,1,0
경부선,서울,331,1,0,0
경부선,서울,332,3,0,1
경부선,서울,333,2,0,0
경부선,서울,334,4,2,4
경부선,서울,335,5,0,1
경부선,서울,336,1,1,0
경부선,서울,337,1,0,0
경부선,서울,338,3,0,0
경부선,서울,339,2,0,0
경부선,서울,340,10,0,1
경부선,서울,341,0,0,0
경부선,서울,342,1,0,0
경부선,서울,343,0,0,0
경부선,서울,344,3,0,0
경부선,서울,345,4,0,4
경부선,서울,346,1,0,0
경부선,서울,347,2,0,0
경부선,서울,348,8,1,6
경부선,서울,349,4,1,3
경부선,서울,350,5,1,1
경부선,서울,351,3,0,1
경부선,서울,352,1,0,0
경부선,서울,353,7,0,2
경부선,서울,354,5,0,0
경부선,서울,355,1,0,0
경부선,서울,356,2,0,1
경부선,서울,357,0,0,0
경부선,서울,358,3,0,2
경부선,서울,359,4,0,0
경부선,서울,360,3,0,1
경부선,서울,361,0,0,0
경부선,서울,362,2,2,11
경부선,서울,363,2,0,2
경부선,서울,364,4,0,3
경부선,서울,365,3,0,2
경부선,서울,366,1,0,0
경부선,서울,367,2,0,1
경부선,서울,368,3,0,1
경부선,서울,369,3,0,9
경부선,서울,370,0,0,0
경부선,서울,371,1,0,0
경부선,서울,372,1,0,1
경부선,서울,373,0,0,0
경부선,서울,374,0,0,0
경부선,서울,375,4,0,1
경부선,서울,376,3,1,2
경부선,서울,377,1,0,1
경부선,서울,378,2,0,3
경부선,서울,379,2,0,1
경부선,서울,380,2,0,1
경부선,서울,381,0,0,0
경부선,서울,382,2,0,1
경부선,서울,383,1,0,4
경부선,서울,384,1,0,1
경부선,서울,385,2,0,2
경부선,서울,386,2,1,0
경부선,서울,387,1,0,0
경부선,서울,388,1,0,0
경부선,서울,389,2,1,6
경부선,서울,390,0,0,0
경부선,서울,391,2,0,2
경부선,서울,392,3,0,13
경부선,서울,393,2,0,1
경부선,서울,394,0,0,0
경부선,서울,395,0,0,0
경부선,서울,396,1,0,0
경부선,서울,397,1,0,0
경부선,서울,398,1,0,4
경부선,서울,399,6,1,25
경부선,서울,400,1,0,0
경부선,서울,401,4,1,3
경부선,서울,402,8,1,11
경부선,서울,403,1,0,2
경부선,서울,404,3,2,8
경부선,서울,405,2,0,1
경부선,서울,406,6,0,14
경부선,서울,407,2,0,2
경부선,서울,408,1,0,0
경부선,서울,409,2,0,1
경부선,서울,410,2,0,1
경부선,서울,411,0,0,0
경부선,서울,412,2,0,0
경부선,서울,413,2,0,4
경부선,서울,414,5,0,4
경부선,서울,415,2,0,7
경인선,서울,12,0,0,0
경인선,서울,13,1,1,0
경인선,서울,14,1,0,0
경인선,서울,15,0,0,0
경인선,서울,16,2,0,2
경인선,서울,17,3,0,0
경인선,서울,18,0,0,0
경인선,서울,19,0,0,0
경인선,서울,20,0,0,0
경인선,서울,21,0,0,0
경인선,서울,22,0,0,0
경인선,인천,12,1,0,1
경인선,인천,13,1,0,3
경인선,인천,14,2,0,2
경인선,인천,15,1,0,1
경인선,인천,16,3,0,2
경인선,인천,17,2,0,1
경인선,인천,18,2,0,1
경인선,인천,19,1,1,0
경인선,인천,20,0,0,0
경인선,인천,21,2,0,2
경인선,인천,22,1,0,2
고창담양선,고창,1,0,0,0
고창담양선,고창,2,0,0,0
고창담양선,고창,3,0,0,0
고창담양선,고창,4,0,0,0
고창담양선,고창,5,0,0,0
고창담양선,고창,6,0,0,0
고창담양선,고창,7,0,0,0
고창담양선,고창,8,0,0,0
고창담양선,고창,9,1,0,0
고창담양선,고창,10,0,0,0
고창담양선,고창,11,0,0,0
고창담양선,고창,12,1,0,1
고창담양선,고창,13,0,0,0
고창담양선,고창,14,1,0,0
고창담양선,고창,15,0,0,0
고창담양선,고창,16,0,0,0
고창담양선,고창,17,0,0,0
고창담양선,고창,18,0,0,0
고창담양선,고창,19,0,0,0
고창담양선,고창,20,0,0,0
고창담양선,고창,21,0,0,0
고창담양선,고창,22,0,0,0
고창담양선,고창,23,0,0,0
고창담양선,고창,24,0,0,0
고창담양선,고창,25,1,0,0
고창담양선,고창,26,0,0,0
고창담양선,고창,27,0,0,0
고창담양선,고창,28,0,0,0
고창담양선,고창,29,4,0,4
고창담양선,고창,30,1,0,0
고창담양선,고창,31,0,0,0
고창담양선,고창,32,0,0,0
고창담양선,고창,33,0,0,0
고창담양선,고창,34,0,0,0
고창담양선,고창,35,0,0,0
고창담양선,고창,36,1,0,0
고창담양선,고창,37,0,0,0
고창담양선,고창,38,1,0,1
고창담양선,고창,39,0,0,0
고창담양선,고창,40,1,3,5
고창담양선,고창,41,0,0,0
고창담양선,고창,42,1,0,0
고창담양선,담양,1,2,0,1
고창담양선,담양,2,0,0,0
고창담양선,담양,3,0,0,0
고창담양선,담양,4,0,0,0
고창담양선,담양,5,0,0,0
고창담양선,담양,6,1,0,0
고창담양선,담양,7,0,0,0
고창담양선,담양,8,0,0,0
고창담양선,담양,9,0,0,0
고창담양선,담양,10,0,0,0
고창담양선,담양,11,1,0,0
고창담양선,담양,12,0,0,0
고창담양선,담양,13,0,0,0
고창담양선,담양,14,0,0,0
고창담양선,담양,15,0,0,0
고창담양선,담양,16,0,0,0
고창담양선,담양,17,1,1,4
고창담양선,담양,18,0,0,0
고창담양선,담양,19,0,0,0
고창담양선,담양,20,0,0,0
고창담양선,담양,21,0,0,0
고창담양선,담양,22,0,0,0
고창담양선,담양,23,0,0,0
고창담양선,담양,24,0,0,0
고창담양선,담양,25,1,0,0
고창담양선,담양,26,0,0,0
고창담양선,담양,27,1,0,1
고창담양선,담양,28,0,0,0
고창담양선,담양,29,1,0,2
고창담양선,담양,30,0,0,0
고창담양선,담양,31,0,0,0
고창담양선,담양,32,0,0,0
고창담양선,담양,33,0,0,0
고창담양선,담양,34,0,0,0
고창담양선,담양,35,0,0,0
고창담양선,담양,36,0,0,0
고창담양선,담양,37,0,0,0
고창담양선,담양,38,1,1,2
고창담양선,담양,39,0,0,0
고창담양선,담양,40,0,0,0
고창담양선,담양,41,0,0,0
고창담양선,담양,42,0,0,0
광주대구선,광주,7,0,0,0
광주대구선,광주,8,0,0,0
광주대구선,광주,9,0,0,0
광주대구선,광주,10,2,0,2
광주대구선,광주,11,0,0,0
광주대구선,광주,12,0,0,0
광주대구선,광주,13,0,0,0
광주대구선,광주,14,0,0,0
광주대구선,광주,15,0,0,0
광주대구선,광주,16,0,0,0
광주대구선,광주,17,0,0,0
광주대구선,광주,18,0,0,0
광주대구선,광주,19,1,1,1
광주대구선,광주,20,0,0,0
광주대구선,광주,21,0,0,0
광주대구선,광주,22,0,0,0
광주대구선,광주,23,1,1,2
광주대구선,광주,24,0,0,0
광주대구선,광주,25,0,0,0
광주대구선,광주,26,0,0,0
광주대구선,광주,27,0,0,0
광주대구선,광주,28,0,0,0
광주대구선,광주,29,0,0,0
광주대구선,광주,30,1,0,1
광주대구선,광주,31,0,0,0
광주대구선,광주,32,0,0,0
광주대구선,광주,33,0,0,0
광주대구선,광주,34,0,0,0
광주대구선,광주,35,0,0,0
광주대구선,광주,36,1,0,0
광주대구선,광주,37,0,0,0
광주대구선,광주,38,0,0,0
광주대구선,광주,39,0,0,0
광주대구선,광주,40,0,0,0
광주대구선,광주,41,0,0,0
광주대구선,광주,42,0,0,0
광주대구선,광주,43,0,0,0
광주대구선,광주,44,1,0,1
광주대구선,광주,45,0,0,0
광주대구선,광주,46,0,0,0
광주대구선,광주,47,0,0,0
광주대구선,광주,48,0,0,0
광주대구선,광주,49,0,0,0
광주대구선,광주,50,0,0,0
광주대구선,광주,51,0,0,0
광주대구선,광주,52,0,0,0
광주대구선,광주,53,0,0,0
광주대구선,광주,54,0,0,0
광주대구선,광주,55,0,0,0
광주대구선,광주,56,0,0,0
광주대구선,광주,57,0,0,0
광주대구선,광주,58,1,0,0
광주대구선,광주,59,0,0,0
광주대구선,광주,60,0,0,0
광주대구선,광주,61,1,0,1
광주대구선,광주,62,0,0,0
광주대구선,광주,63,0,0,0
광주대구선,광주,64,0,0,0
광주대구선,광주,65,0,0,0
광주대구선,광주,66,0,0,0
광주대구선,광주,67,0,0,0
광주대구선,광주,68,0,0,0
광주대구선,광주,69,0,0,0
광주대구선,광주,70,0,0,0
광주대구선,광주,71,0,0,0
광주대구선,광주,72,0,0,0
광주대구선,광주,73,0,0,0
광주대구선,광주,74,0,0,0
광주대구선,광주,75,0,0,0
광주대구선,광주,76,0,0,0
광주대구선,광주,77,0,0,0
광주대구선,광주,78,0,0,0
광주대구선,광주,79,1,0,0
광주대구선,광주,80,1,0,0
광주대구선,광주,81,0,0,0
광주대구선,광주,82,0,0,0
광주대구선,광주,83,0,0,0
광주대구선,광주,84,1,0,0
광주대구선,광주,85,1,0,1
광주대구선,광주,86,0,0,0
광주대구선,광주,87,1,0,0
광주대구선,광주,88,0,0,0
광주대구선,광주,89,0,0,0
광주대구선,광주,90,0,0,0
광주대구선,광주,91,0,0,0
광주대구선,광주,92,0,0,0
광주대구선,광주,93,2,0,2
광주대구선,광주,94,0,0,0
광주대구선,광주,95,0,0,0
광주대구선,광주,96,0,0,0
광주대구선,광주,97,0,0,0
광주대구선,광주,98,0,0,0
광주대구선,광주,99,0,0,0
광주대구선,광주,100,0,0,0
광주대구선,광주,101,1,0,1
광주대구선,광주,102,0,0,0
광주대구선,광주,103,0,0,0
광주대구선,광주,104,0,0,0
광주대구선,광주,105,0,0,0
광주대구선,광주,106,0,0,0
광주대구선,광주,107,1,0,0
광주대구선,광주,108,0,0,0
광주대구선,광주,109,1,0,0
광주대구선,광주,110,1,0,1
광주대구선,광주,111,0,0,0
광주대구선,광주,112,1,1,0
광주대구선,광주,113,0,0,0
광주대구선,광주,114,0,0,0
광주대구선,광주,115,0,0,0
광주대구선,광주,116,0,0,0
광주대구선,광주,117,0,0,0
광주대구선,광주,118,0,0,0
광주대구선,광주,119,0,0,0
광주대구선,광주,120,0,0,0
광주대구선,광주,121,0,0,0
광주대구선,광주,122,0,0,0
광주대구선,광주,123,0,0,0
광주대구선,광주,124,0,0,0
광주대구선,광주,125,3,0,1
광주대구선,광주,126,1,0,1
광주대구선,광주,127,0,0,0
광주대구선,광주,128,1,0,0
광주대구선,광주,129,0,0,0
광주대구선,광주,130,0,0,0
광주대구선,광주,131,0,0,0
광주대구선,광주,132,0,0,0
광주대구선,광주,133,0,0,0
광주대구선,광주,134,1,0,0
광주대구선,광주,135,0,0,0
광주대구선,광주,136,0,0,0
광주대구선,광주,137,3,0,2
광주대구선,광주,138,0,0,0
광주대구선,광주,139,0,0,0
광주대구선,광주,140,1,0,2
광주대구선,광주,141,0,0,0
광주대구선,광주,142,1,0,3
광주대구선,광주,143,0,0,0
광주대구선,광주,144,0,0,0
광주대구선,광주,145,1,0,1
광주대구선,광주,146,0,0,0
광주대구선,광주,147,0,0,0
광주대구선,광주,148,1,0,0
광주대구선,광주,149,0,0,0
광주대구선,광주,150,0,0,0
광주대구선,광주,151,0,0,0
광주대구선,광주,152,1,0,1
광주대구선,광주,153,0,0,0
광주대구선,광주,154,2,0,1
광주대구선,광주,155,0,0,0
광주대구선,광주,156,2,0,1
광주대구선,광주,157,0,0,0
광주대구선,광주,158,1,0,0
광주대구선,광주,159,1,0,0
광주대구선,광주,160,0,0,0
광주대구선,광주,161,1,0,0
광주대구선,광주,162,0,0,0
광주대구선,광주,163,0,0,0
광주대구선,광주,164,0,0,0
광주대구선,광주,165,2,0,0
광주대구선,광주,166,0,0,0
광주대구선,광주,167,0,0,0
광주대구선,광주,168,0,0,0
광주대구선,광주,169,0,0,0
광주대구선,광주,170,1,0,0
광주대구선,광주,171,0,0,0
광주대구선,광주,172,0,0,0
광주대구선,광주,173,0,0,0
광주대구선,광주,174,1,0,0
광주대구선,대구,7,2,0,0
광주대구선,대구,8,1,0,1
광주대구선,대구,9,0,0,0
광주대구선,대구,10,0,0,0
광주대구선,대구,11,0,0,0
광주대구선,대구,12,0,0,0
광주대구선,대구,13,0,0,0
광주대구선,대구,14,0,0,0
광주대구선,대구,15,0,0,0
광주대구선,대구,16,0,0,0
광주대구선,대구,17,0,0,0
광주대구선,대구,18,0,0,0
광주대구선,대구,19,2,0,5
광주대구선,대구,20,0,0,0
광주대구선,대구,21,0,0,0
광주대구선,대구,22,1,0,1
광주대구선,대구,23,1,0,0
광주대구선,대구,24,0,0,0
광주대구선,대구,25,0,0,0
광주대구선,대구,26,0,0,0
광주대구선,대구,27,0,0,0
광주대구선,대구,28,0,0,0
광주대구선,대구,29,0,0,0
광주대구선,대구,30,1,0,1
광주대구선,대구,31,0,0,0
광주대구선,대구,32,0,0,0
광주대구선,대구,33,0,0,0
광주대구선,대구,34,1,0,1
광주대구선,대구,35,1,0,2
광주대구선,대구,36,0,0,0
광주대구선,대구,37,0,0,0
광주대구선,대구,38,0,0,0
광주대구선,대구,39,0,0,0
광주대구선,대구,40,1,0,0
광주대구선,대구,41,0,0,0
광주대구선,대구,42,0,0,0
광주대구선,대구,43,0,0,0
광주대구선,대구,44,0,0,0
광주대구선,대구,45,0,0,0
광주대구선,대구,46,0,0,0
광주대구선,대구,47,0,0,0
광주대구선,대구,48,0,0,0
광주대구선,대구,49,1,0,3
광주대구선,대구,50,0,0,0
광주대구선,대구,51,1,0,1
광주대구선,대구,52,0,0,0
광주대구선,대구,53,0,0,0
광주대구선,대구,54,0,0,0
광주대구선,대구,55,0,0,0
광주대구선,대구,56,0,0,0
광주대구선,대구,57,0,0,0
광주대구선,대구,58,0,0,0
광주대구선,대구,59,0,0,0
광주대구선,대구,60,1,0,2
광주대구선,대구,61,0,0,0
광주대구선,대구,62,0,0,0
광주대구선,대구,63,0,0,0
광주대구선,대구,64,0,0,0
광주대구선,대구,65,0,0,0
광주대구선,대구,66,0,0,0
광주대구선,대구,67,0,0,0
광주대구선,대구,68,0,0,0
광주대구선,대구,69,1,0,1
광주대구선,대구,70,0,0,0
광주대구선,대구,71,0,0,0
광주대구선,대구,72,0,0,0
광주대구선,대구,73,1,0,1
광주대구선,대구,74,0,0,0
광주대구선,대구,75,0,0,0
광주대구선,대구,76,0,0,0
광주대구선,대구,77,0,0,0
광주대구선,대구,78,0,0,0
광주대구선,대구,79,0,0,0
광주대구선,대구,80,0,0,0
광주대구선,대구,81,1,0,0
광주대구선,대구,82,1,0,1
광주대구선,대구,83,0,0,0
광주대구선,대구,84,0,0,0
광주대구선,대구,85,0,0,0
광주대구선,대구,86,0,0,0
광주대구선,대구,87,0,0,0
광주대구선,대구,88,0,0,0
광주대구선,대구,89,0,0,0
광주대구선,대구,90,0,0,0
광주대구선,대구,91,0,0,0
광주대구선,대구,92,0,0,0
광주대구선,대구,93,0,0,0
광주대구선,대구,94,0,0,0
광주대구선,대구,95,0,0,0
광주대구선,대구,96,0,0,0
광주대구선,대구,97,0,0,0
광주대구선,대구,98,0,0,0
광주대구선,대구,99,0,0,0
광주대구선,대구,100,0,0,0
광주대구선,대구,101,0,0,0
광주대구선,대구,102,1,0,0
광주대구선,대구,103,0,0,0
광주대구선,대구,104,2,1,1
광주대구선,대구,105,1,0,1
광주대구선,대구,106,2,0,1
광주대구선,대구,107,1,0,1
광주대구선,대구,108,0,0,0
광주대구선,대구,109,0,0,0
광주대구선,대구,110,0,0,0
광주대구선,대구,111,0,0,0
광주대구선,대구,112,1,2,3
광주대구선,대구,113,0,0,0
광주대구선,대구,114,0,0,0
광주대구선,대구,115,0,0,0
광주대구선,대구,116,1,0,1
광주대구선,대구,117,0,0,0
광주대구선,대구,118,0,0,0
광주대구선,대구,119,0,0,0
광주대구선,대구,120,1,0,1
광주대구선,대구,121,0,0,0
광주대구선,대구,122,0,0,0
광주대구선,대구,123,0,0,0
광주대구선,대구,124,0,0,0
광주대구선,대구,125,0,0,0
광주대구선,대구,126,0,0,0
광주대구선,대구,127,1,0,2
광주대구선,대구,128,0,0,0
광주대구선,대구,129,0,0,0
광주대구선,대구,130,0,0,0
광주대구선,대구,131,0,0,0
광주대구선,대구,132,2,0,2
광주대구선,대구,133,4,1,6
광주대구선,대구,134,3,1,3
광주대구선,대구,135,1,0,2
광주대구선,대구,136,0,0,0
광주대구선,대구,137,0,0,0
광주대구선,대구,138,0,0,0
광주대구선,대구,139,1,0,0
광주대구선,대구,140,0,0,0
광주대구선,대구,141,0,0,0
광주대구선,대구,142,0,0,0
광주대구선,대구,143,1,0,1
광주대구선,대구,144,0,0,0
광주대구선,대구,145,0,0,0
광주대구선,대구,146,0,0,0
광주대구선,대구,147,0,0,0
광주대구선,대구,148,3,0,0
광주대구선,대구,149,0,0,0
광주대구선,대구,150,0,0,0
광주대구선,대구,151,0,0,0
광주대구선,대구,152,3,0,1
광주대구선,대구,153,1,0,0
광주대구선,대구,154,0,0,0
광주대구선,대구,155,0,0,0
광주대구선,대구,156,1,0,1
광주대구선,대구,157,0,0,0
광주대구선,대구,158,0,0,0
광주대구선,대구,159,5,0,0
광주대구선,대구,160,2,0,1
광주대구선,대구,161,0,0,0
광주대구선,대구,162,0,0,0
광주대구선,대구,163,0,0,0
광주대구선,대구,164,0,0,0
광주대구선,대구,165,1,0,0
광주대구선,대구,166,1,0,0
광주대구선,대구,167,0,0,0
광주대구선,대구,168,0,0,0
광주대구선,대구,169,0,0,0
광주대구선,대구,170,0,0,0
광주대구선,대구,171,0,0,0
광주대구선,대구,172,0,0,0
광주대구선,대구,173,1,0,1
광주대구선,대구,174,0,0,0
광주외곽순환선,광주,6,0,0,0
광주외곽순환선,광주,7,1,0,0
광주외곽순환선,장성,6,1,0,2
광주외곽순환선,장성,7,0,0,0
남해선,부산,0,0,0,0
남해선,부산,1,0,0,0
남해선,부산,2,0,0,0
남해선,부산,3,1,0,0
남해선,부산,4,0,0,0
남해선,부산,5,0,0,0
남해선,부산,6,0,0,0
남해선,부산,7,0,0,0
남해선,부산,8,0,0,0
남해선,부산,9,0,0,0
남해선,부산,10,1,0,1
남해선,부산,11,0,0,0
남해선,부산,12,0,0,0
남해선,부산,13,0,0,0
남해선,부산,14,0,0,0
남해선,부산,15,0,0,0
남해선,부산,16,1,1,0
남해선,부산,17,0,0,0
남해선,부산,18,1,1,0
남해선,부산,19,0,0,0
남해선,부산,20,1,0,0
남해선,부산,21,1,0,0
남해선,부산,22,0,0,0
남해선,부산,23,0,0,0
남해선,부산,24,1,0,0
남해선,부산,25,1,0,0
남해선,부산,26,0,0,0
남해선,부산,27,0,0,0
남해선,부산,28,0,0,0
남해선,부산,29,0,0,0
남해선,부산,30,0,0,0
남해선,부산,31,0,0,0
남해선,부산,32,0,0,0
남해선,부산,33,0,0,0
남해선,부산,34,0,0,0
남해선,부산,35,1,0,0
남해선,부산,36,2,0,3
남해선,부산,37,1,0,0
남해선,부산,38,1,0,0
남해선,부산,39,0,0,0
남해선,부산,40,0,0,0
남해선,부산,41,0,0,0
남해선,부산,42,0,0,0
남해선,부산,43,0,0,0
남해선,부산,44,1,0,0
남해선,부산,45,1,0,1
남해선,부산,46,1,0,1
남해선,부산,47,2,0,1
남해선,부산,48,1,0,0
남해선,부산,49,1,0,1
남해선,부산,50,2,1,3
남해선,부산,51,0,0,0
남해선,부산,52,0,0,0
남해선,부산,53,2,0,0
남해선,부산,54,0,0,0
남해선,부산,55,0,0,0
남해선,부산,56,2,0,1
남해선,부산,57,0,0,0
남해선,부산,58,0,0,0
남해선,부산,59,1,0,0
남해선,부산,60,0,0,0
남해선,부산,61,1,0,0
남해선,부산,62,1,0,0
남해선,부산,63,0,0,0
남해선,부산,64,2,0,0
남해선,부산,65,0,0,0
남해선,부산,66,1,0,0
남해선,부산,67,0,0,0
남해선,부산,68,2,0,0
남해선,부산,69,0,0,0
남해선,부산,70,0,0,0
남해선,부산,71,6,0,3
남해선,부산,72,1,1,0
남해선,부산,73,0,0,0
남해선,부산,74,0,0,0
남해선,부산,75,1,0,0
남해선,부산,76,1,0,0
남해선,부산,77,0,0,0
남해선,부산,78,0,0,0
남해선,부산,79,0,0,0
남해선,부산,80,2,0,1
남해선,부산,81,3,0,0
남해선,부산,82,7,0,2
남해선,부산,83,2,0,7
남해선,부산,84,0,0,0
남해선,부산,85,0,0,0
남해선,부산,86,1,0,1
남해선,부산,87,0,0,0
남해선,부산,88,1,0,1
남해선,부산,89,0,0,0
남해선,부산,90,1,0,0
남해선,부산,91,0,0,0
남해선,부산,92,0,0,0
남해선,부산,93,0,0,0
남해선,부산,94,0,0,0
남해선,부산,95,0,0,0
남해선,부산,96,0,0,0
남해선,부산,97,1,0,0
남해선,부산,98,2,0,0
남해선,부산,99,2,0,3
남해선,부산,100,4,0,1
남해선,부산,101,1,0,0
남해선,부산,102,1,0,0
남해선,부산,103,1,0,1
남해선,부산,104,1,0,0
남해선,부산,105,4,0,3
남해선,부산,106,0,0,0
남해선,부산,107,0,0,0
남해선,부산,108,1,0,0
남해선,부산,109,1,0,0
남해선,부산,110,2,0,1
남해선,부산,111,0,0,0
남해선,부산,112,2,0,0
남해선,부산,113,1,0,1
남해선,부산,114,1,0,1
남해선,부산,115,2,1,2
남해선,부산,116,5,1,7
남해선,부산,117,0,0,0
남해선,부산,118,1,0,0
남해선,부산,119,4,0,3
남해선,부산,120,3,0,3
남해선,부산,121,2,0,1
남해선,부산,122,0,0,0
남해선,부산,123,0,0,0
남해선,부산,124,1,0,0
남해선,부산,125,2,0,2
남해선,부산,126,0,0,0
남해선,부산,127,0,0,0
남해선,부산,128,1,0,0
남해선,부산,129,2,2,1
남해선,부산,130,3,0,0
남해선,부산,131,1,0,1
남해선,부산,132,0,0,0
남해선,부산,133,3,0,6
남해선,부산,134,3,2,6
남해선,부산,135,1,0,0
남해선,부산,136,2,0,0
남해선,부산,137,2,0,2
남해선,부산,138,0,0,0
남해선,부산,139,0,0,0
남해선,부산,140,2,0,0
남해선,부산,141,0,0,0
남해선,부산,142,2,0,0
남해선,부산,143,0,0,0
남해선,부산,144,1,0,0
남해선,부산,145,0,0,0
남해선,부산,146,2,0,2
남해선,부산,147,1,0,1
남해선,부산,148,0,0,0
남해선,부산,149,0,0,0
남해선,부산,150,1,0,1
남해선,부산,151,3,0,2
남해선,부산,152,1,0,0
남해선,부산,153,0,0,0
남해선,부산,154,0,0,0
남해선,부산,155,0,0,0
남해선,부산,156,1,0,1
남해선,부산,157,2,1,2
남해선,부산,158,1,0,0
남해선,부산,159,2,0,2
남해선,부산,160,2,1,1
남해선,부산,161,0,0,0
남해선,부산,162,0,0,0
남해선,부산,163,0,0,0
남해선,부산,164,0,0,0
남해선,부산,165,1,0,0
남해선,순천,0,1,0,1
남해선,순천,1,0,0,0
남해선,순천,2,2,0,0
남해선,순천,3,1,0,0
남해선,순천,4,0,0,0
남해선,순천,5,0,0,0
남해선,순천,6,0,0,0
남해선,순천,7,0,0,0
남해선,순천,8,1,0,3
남해선,순천,9,0,0,0
남해선,순천,10,1,0,0
남해선,순천,11,1,0,0
남해선,순천,12,2,0,0
남해선,순천,13,0,0,0
남해선,순천,14,2,0,0
남해선,순천,15,1,0,0
남해선,순천,16,0,0,0
남해선,순천,17,1,0,0
남해선,순천,18,1,0,0
남해선,순천,19,0,0,0
남해선,순천,20,0,0,0
남해선,순천,21,0,0,0
남해선,순천,22,0,0,0
남해선,순천,23,0,0,0
남해선,순천,24,1,0,0
남해선,순천,25,2,0,0
남해선,순천,26,1,0,0
남해선,순천,27,1,0,0
남해선,순천,28,2,1,1
남해선,순천,29,1,0,0
남해선,순천,30,2,0,1
남해선,순천,31,0,0,0
남해선,순천,32,0,0,0
남해선,순천,33,2,0,3
남해선,순천,34,1,0,0
남해선,순천,35,3,0,1
남해선,순천,36,2,0,0
남해선,순천,37,1,0,2
남해선,순천,38,0,0,0
남해선,순천,39,1,0,0
남해선,순천,40,2,0,0
남해선,순천,41,2,0,0
남해선,순천,42,2,0,0
남해선,순천,43,0,0,0
남해선,순천,44,1,0,0
남해선,순천,45,0,0,0
남해선,순천,46,1,0,0
남해선,순천,47,0,0,0
남해선,순천,48,1,0,1
남해선,순천,49,2,0,1
남해선,순천,50,1,0,0
남해선,순천,51,1,0,0
남해선,순천,52,1,0,0
남해선,순천,53,1,0,4
남해선,순천,54,0,0,0
남해선,순천,55,1,0,5
남해선,순천,56,1,0,0
남해선,순천,57,0,0,0
남해선,순천,58,1,0,1
남해선,순천,59,0,0,0
남해선,순천,60,0,0,0
남해선,순천,61,1,0,0
남해선,순천,62,0,0,0
남해선,순천,63,0,0,0
남해선,순천,64,2,0,2
남해선,순천,65,1,1,0
남해선,순천,66,4,0,2
남해선,순천,67,1,0,4
남해선,순천,68,0,0,0
남해선,순천,69,1,0,0
남해선,순천,70,1,0,1
남해선,순천,71,3,0,1
남해선,순천,72,1,0,1
남해선,순천,73,2,0,1
남해선,순천,74,4,0,2
남해선,순천,75,2,0,2
남해선,순천,76,6,1,2
남해선,순천,77,2,0,0
남해선,순천,78,2,0,1
남해선,순천,79,0,0,0
남해선,순천,80,1,0,0
남해선,순천,81,0,0,0
남해선,순천,82,0,0,0
남해선,순천,83,1,1,0
남해선,순천,84,1,0,0
남해선,순천,85,1,0,0
남해선,순천,86,0,0,0
남해선,순천,87,0,0,0
남해선,순천,88,0,0,0
남해선,순천,89,0,0,0
남해선,순천,90,0,0,0
남해선,순천,91,0,0,0
남해선,순천,92,0,0,0
남해선,순천,93,3,0,4
남해선,순천,94,1,1,0
남해선,순천,95,0,0,0
남해선,순천,96,3,0,0
남해선,순천,97,2,0,1
남해선,순천,98,2,0,0
남해선,순천,99,1,0,1
남해선,순천,100,6,0,5
남해선,순천,101,4,0,3
남해선,순천,102,0,0,0
남해선,순천,103,0,0,0
남해선,순천,104,5,0,2
남해선,순천,105,1,0,0
남해선,순천,106,1,0,0
남해선,순천,107,1,0,2
남해선,순천,108,1,0,1
남해선,순천,109,1,0,1
남해선,순천,110,1,0,0
남해선,순천,111,3,0,6
남해선,순천,112,1,0,0
남해선,순천,113,1,0,0
남해선,순천,114,1,0,1
남해선,순천,115,0,0,0
남해선,순천,116,1,0,1
남해선,순천,117,1,0,2
남해선,순천,118,0,0,0
남해선,순천,119,0,0,0
남해선,순천,120,1,0,1
남해선,순천,121,0,0,0
남해선,순천,122,2,0,1
남해선,순천,123,0,0,0
남해선,순천,124,4,0,2
남해선,순천,125,2,0,1
남해선,순천,126,5,0,3
남해선,순천,127,1,0,1
남해선,순천,128,1,0,0
남해선,순천,129,1,0,1
남해선,순천,130,1,0,0
남해선,순천,131,0,0,0
남해선,순천,132,2,0,0
남해선,순천,133,2,0,1
남해선,순천,134,0,0,0
남해선,순천,135,2,0,0
남해선,순천,136,1,0,0
남해선,순천,137,4,0,2
남해선,순천,138,1,0,2
남해선,순천,139,1,0,0
남해선,순천,140,1,0,0
남해선,순천,141,2,0,0
남해선,순천,142,0,0,0
남해선,순천,143,1,0,0
남해선,순천,144,2,0,0
남해선,순천,145,3,0,1
남해선,순천,146,1,0,0
남해선,순천,147,0,0,0
남해선,순천,148,2,0,1
남해선,순천,149,1,0,1
남해선,순천,150,0,0,0
남해선,순천,151,0,0,0
남해선,순천,152,0,0,0
남해선,순천,153,0,0,0
남해선,순천,154,2,0,2
남해선,순천,155,0,0,0
남해선,순천,156,0,0,0
남해선,순천,157,2,0,1
남해선,순천,158,0,0,0
남해선,순천,159,2,1,1
남해선,순천,160,0,0,0
남해선,순천,161,0,0,0
남해선,순천,162,0,0,0
남해선,순천,163,0,0,0
남해선,순천,164,0,0,0
남해선,순천,165,1,0,1
남해선,영암,0,0,0,0
남해선,영암,1,0,0,0
남해선,영암,2,1,0,0
남해선,영암,3,0,0,0
남해선,영암,4,0,0,0
남해선,영암,5,1,0,0
남해선,영암,6,0,0,0
남해선,영암,7,0,0,0
남해선,영암,8,0,0,0
남해선,영암,9,0,0,0
남해선,영암,10,0,0,0
남해선,영암,11,1,0,0
남해선,영암,12,0,0,0
남해선,영암,13,0,0,0
남해선,영암,14,0,0,0
남해선,영암,15,0,0,0
남해선,영암,16,2,0,0
남해선,영암,17,0,0,0
남해선,영암,18,0,0,0
남해선,영암,19,3,0,0
남해선,영암,20,0,0,0
남해선,영암,21,0,0,0
남해선,영암,22,0,0,0
남해선,영암,23,0,0,0
남해선,영암,24,0,0,0
남해선,영암,25,0,0,0
남해선,영암,26,0,0,0
남해선,영암,27,0,0,0
남해선,영암,28,0,0,0
남해선,영암,29,1,0,0
남해선,영암,30,0,0,0
남해선,영암,31,0,0,0
남해선,영암,32,0,0,0
남해선,영암,33,0,0,0
남해선,영암,34,0,0,0
남해선,영암,35,0,0,0
남해선,영암,36,0,0,0
남해선,영암,37,0,0,0
남해선,영암,38,1,0,0
남해선,영암,39,0,0,0
남해선,영암,40,0,0,0
남해선,영암,41,0,0,0
남해선,영암,42,0,0,0
남해선,영암,43,1,0,0
남해선,영암,44,0,0,0
남해선,영암,45,0,0,0
남해선,영암,46,1,0,0
남해선,영암,47,0,0,0
남해선,영암,48,0,0,0
남해선,영암,49,0,0,0
남해선,영암,50,0,0,0
남해선,영암,51,1,0,0
남해선,영암,52,0,0,0
남해선,영암,53,0,0,0
남해선,영암,54,1,0,2
남해선,영암,55,0,0,0
남해선,영암,56,0,0,0
남해선,영암,57,0,0,0
남해선,영암,58,0,0,0
남해선,영암,59,0,0,0
남해선,영암,60,0,0,0
남해선,영암,61,0,0,0
남해선,영암,62,0,0,0
남해선,영암,63,2,0,0
남해선,영암,64,1,0,0
남해선,영암,65,0,0,0
남해선,영암,66,0,0,0
남해선,영암,67,0,0,0
남해선,영암,68,0,0,0
남해선,영암,69,1,0,0
남해선,영암,70,0,0,0
남해선,영암,71,0,0,0
남해선,영암,72,1,0,0
남해선,영암,73,0,0,0
남해선,영암,74,0,0,0
남해선,영암,75,0,0,0
남해선,영암,76,2,0,2
남해선,영암,77,0,0,0
남해선,영암,78,0,0,0
남해선,영암,79,0,0,0
남해선,영암,80,0,0,0
남해선,영암,81,1,0,1
남해선,영암,82,0,0,0
남해선,영암,83,0,0,0
남해선,영암,84,1,0,0
남해선,영암,85,0,0,0
남해선,영암,86,0,0,0
남해선,영암,87,0,0,0
남해선,영암,88,0,0,0
남해선,영암,89,0,0,0
남해선,영암,90,0,0,0
남해선,영암,91,2,0,0
남해선,영암,92,1,0,0
남해선,영암,93,1,0,0
남해선,영암,94,0,0,0
남해선,영암,95,0,0,0
남해선,영암,96,0,0,0
남해선,영암,97,1,0,1
남해선,영암,98,0,0,0
남해선,영암,99,0,0,0
남해선,영암,100,0,0,0
남해선,영암,101,0,0,0
남해선,영암,102,0,0,0
남해선,영암,103,0,0,0
남해선,영암,104,1,0,1
남해선,영암,105,1,0,2
남해선,영암,106,1,0,0
남해선,영암,107,0,0,0
남해선,영암,108,0,0,0
남해선,영암,109,0,0,0
남해선,영암,110,0,0,0
남해선,영암,111,0,0,0
남해선,영암,112,0,0,0
남해선,영암,113,0,0,0
남해선,영암,114,0,0,0
남해선,영암,115,0,0,0
남해선,영암,116,0,0,0
남해선,영암,117,0,0,0
남해선,영암,118,0,0,0
남해선,영암,119,0,0,0
남해선,영암,120,0,0,0
남해선,영암,121,0,0,0
남해선,영암,122,0,0,0
남해선,영암,123,0,0,0
남해선,영암,124,0,0,0
남해선,영암,125,0,0,0
남해선,영암,126,0,0,0
남해선,영암,127,0,0,0
남해선,영암,128,0,0,0
남해선,영암,129,0,0,0
남해선,영암,130,0,0,0
남해선,영암,131,0,0,0
남해선,영암,132,0,0,0
남해선,영암,133,0,0,0
남해선,영암,134,0,0,0
남해선,영암,135,0,0,0
남해선,영암,136,0,0,0
남해선,영암,137,0,0,0
남해선,영암,138,0,0,0
남해선,영암,139,0,0,0
남해선,영암,140,0,0,0
남해선,영암,141,0,0,0
남해선,영암,142,0,0,0
남해선,영암,143,0,0,0
남해선,영암,144,0,0,0
남해선,영암,145,0,0,0
남해선,영암,146,0,0,0
남해선,영암,147,0,0,0
남해선,영암,148,0,0,0
남해선,영암,149,0,0,0
남해선,영암,150,0,0,0
남해선,영암,151,0,0,0
남해선,영암,152,0,0,0
남해선,영암,153,0,0,0
남해선,영암,154,0,0,0
남해선,영암,155,0,0,0
남해선,영암,156,0,0,0
남해선,영암,157,0,0,0
남해선,영암,158,0,0,0
남해선,영암,159,0,0,0
남해선,영암,160,0,0,0
남해선,영암,161,0,0,0
남해선,영암,162,0,0,0
남해선,영암,163,0,0,0
남해선,영암,164,0,0,0
남해선,영암,165,0,0,0
남해제1지선,창원,0,1,0,0
남해제1지선,창원,1,0,0,0
남해제1지선,창원,2,0,0,0
남해제1지선,창원,3,0,0,0
남해제1지선,창원,4,1,0,0
남해제1지선,창원,5,0,0,0
남해제1지선,창원,6,1,0,2
남해제1지선,창원,7,0,0,0
남해제1지선,창원,8,2,0,1
남해제1지선,창원,9,0,0,0
남해제1지선,창원,10,0,0,0
남해제1지선,창원,11,0,0,0
남해제1지선,창원,12,0,0,0
남해제1지선,창원,13,1,0,0
남해제1지선,창원,14,0,0,0
남해제1지선,창원,15,1,0,1
남해제1지선,창원,16,1,0,1
남해제1지선,창원,17,1,0,0
남해제1지선,창원,18,0,0,0
남해제1지선,함안,0,0,0,0
남해제1지선,함안,1,0,0,0
남해제1지선,함안,2,1,0,0
남해제1지선,함안,3,0,0,0
남해제1지선,함안,4,0,0,0
남해제1지선,함안,5,0,0,0
남해제1지선,함안,6,1,0,0
남해제1지선,함안,7,0,0,0
남해제1지선,함안,8,0,0,0
남해제1지선,함안,9,0,0,0
남해제1지선,함안,10,0,0,0
남해제1지선,함안,11,0,0,0
남해제1지선,함안,12,0,0,0
남해제1지선,함안,13,1,0,2
남해제1지선,함안,14,2,1,0
남해제1지선,함안,15,0,0,0
남해제1지선,함안,16,1,0,0
남해제1지선,함안,17,0,0,0
남해제1지선,함안,18,1,0,1
남해제2지선,김해,0,3,0,2
남해제2지선,김해,1,1,0,1
남해제2지선,김해,2,1,0,0
남해제2지선,김해,3,1,0,1
남해제2지선,김해,4,0,0,0
남해제2지선,김해,5,2,1,4
남해제2지선,김해,6,0,0,0
남해제2지선,김해,7,0,0,0
남해제2지선,김해,8,0,0,0
남해제2지선,김해,9,0,0,0
남해제2지선,김해,10,2,2,0
남해제2지선,김해,11,1,0,22
남해제2지선,김해,12,1,0,0
남해제2지선,김해,13,2,0,1
남해제2지선,김해,14,2,3,3
남해제2지선,김해,15,1,0,0
남해제2지선,김해,16,0,0,0
남해제2지선,김해,17,0,0,0
남해제2지선,김해,18,1,0,0
남해제2지선,김해,19,3,0,1
남해제2지선,김해,20,0,0,0
남해제2지선,부산,0,0,0,0
남해제2지선,부산,1,0,0,0
남해제2지선,부산,2,0,0,0
남해제2지선,부산,3,1,0,3
남해제2지선,부산,4,0,0,0
남해제2지선,부산,5,0,0,0
남해제2지선,부산,6,0,0,0
남해제2지선,부산,7,0,0,0
남해제2지선,부산,8,0,0,0
남해제2지선,부산,9,0,0,0
남해제2지선,부산,10,2,0,1
남해제2지선,부산,11,0,0,0
남해제2지선,부산,12,1,0,1
남해제2지선,부산,13,2,0,1
남해제2지선,부산,14,0,0,0
남해제2지선,부산,15,2,0,0
남해제2지선,부산,16,0,0,0
남해제2지선,부산,17,2,0,2
남해제2지선,부산,18,4,0,1
남해제2지선,부산,19,1,0,0
남해제2지선,부산,20,1,0,0
당진대전선,당진,0,1,0,1
당진대전선,당진,1,0,0,0
당진대전선,당진,2,0,0,0
당진대전선,당진,3,0,0,0
당진대전선,당진,4,0,0,0
당진대전선,당진,5,0,0,0
당진대전선,당진,6,0,0,0
당진대전선,당진,7,0,0,0
당진대전선,당진,8,0,0,0
당진대전선,당진,9,0,0,0
당진대전선,당진,10,0,0,0
당진대전선,당진,11,1,0,2
당진대전선,당진,12,0,0,0
당진대전선,당진,13,0,0,0
당진대전선,당진,14,0,0,0
당진대전선,당진,15,0,0,0
당진대전선,당진,16,0,0,0
당진대전선,당진,17,0,0,0
당진대전선,당진,18,1,0,0
당진대전선,당진,19,0,0,0
당진대전선,당진,20,0,0,0
당진대전선,당진,21,0,0,0
당진대전선,당진,22,1,0,0
당진대전선,당진,23,0,0,0
당진대전선,당진,24,1,0,0
당진대전선,당진,25,0,0,0
당진대전선,당진,26,0,0,0
당진대전선,당진,27,0,0,0
당진대전선,당진,28,0,0,0
당진대전선,당진,29,0,0,0
당진대전선,당진,30,0,0,0
당진대전선,당진,31,0,0,0
당진대전선,당진,32,0,0,0
당진대전선,당진,33,1,0,1
당진대전선,당진,34,0,0,0
당진대전선,당진,35,0,0,0
당진대전선,당진,36,0,0,0
당진대전선,당진,37,1,0,0
당진대전선,당진,38,0,0,0
당진대전선,당진,39,1,0,1
당진대전선,당진,40,0,0,0
당진대전선,당진,41,0,0,0
당진대전선,당진,42,1,0,0
당진대전선,당진,43,0,0,0
당진대전선,당진,44,0,0,0
당진대전선,당진,45,0,0,0
당진대전선,당진,46,1,0,1
당진대전선,당진,47,0,0,0
당진대전선,당진,48,0,0,0
당진대전선,당진,49,1,0,1
당진대전선,당진,50,1,0,0
당진대전선,당진,51,0,0,0
당진대전선,당진,52,2,0,2
당진대전선,당진,53,1,0,1
당진대전선,당진,54,1,0,0
당진대전선,당진,55,0,0,0
당진대전선,당진,56,1,0,0
당진대전선,당진,57,0,0,0
당진대전선,당진,58,0,0,0
당진대전선,당진,59,1,0,0
당진대전선,당진,60,0,0,0
당진대전선,당진,61,0,0,0
당진대전선,당진,62,2,0,0
당진대전선,당진,63,2,1,0
당진대전선,당진,64,1,0,1
당진대전선,당진,65,0,0,0
당진대전선,당진,66,0,0,0
당진대전선,당진,67,0,0,0
당진대전선,당진,68,1,0,1
당진대전선,당진,69,0,0,0
당진대전선,당진,70,1,0,1
당진대전선,당진,71,0,0,0
당진대전선,당진,72,1,0,1
당진대전선,당진,73,0,0,0
당진대전선,당진,74,1,1,0
당진대전선,당진,75,0,0,0
당진대전선,당진,76,0,0,0
당진대전선,당진,77,0,0,0
당진대전선,당진,78,1,0,2
당진대전선,당진,79,1,0,0
당진대전선,당진,80,0,0,0
당진대전선,당진,81,0,0,0
당진대전선,당진,82,0,0,0
당진대전선,당진,83,1,0,1
당진대전선,당진,84,0,0,0
당진대전선,당진,85,3,0,4
당진대전선,당진,86,0,0,0
당진대전선,당진,87,0,0,0
당진대전선,당진,88,0,0,0
당진대전선,당진,89,0,0,0
당진대전선,당진,90,0,0,0
당진대전선,대전,0,0,0,0
당진대전선,대전,1,0,0,0
당진대전선,대전,2,0,0,0
당진대전선,대전,3,1,1,0
당진대전선,대전,4,1,0,0
당진대전선,대전,5,0,0,0
당진대전선,대전,6,0,0,0
당진대전선,대전,7,0,0,0
당진대전선,대전,8,0,0,0
당진대전선,대전,9,0,0,0
당진대전선,대전,10,1,0,1
당진대전선,대전,11,0,0,0
당진대전선,대전,12,0,0,0
당진대전선,대전,13,0,0,0
당진대전선,대전,14,2,0,1
당진대전선,대전,15,0,0,0
당진대전선,대전,16,1,0,0
당진대전선,대전,17,0,0,0
당진대전선,대전,18,0,0,0
당진대전선,대전,19,0,0,0
당진대전선,대전,20,0,0,0
당진대전선,대전,21,0,0,0
당진대전선,대전,22,1,0,0
당진대전선,대전,23,0,0,0
당진대전선,대전,24,0,0,0
당진대전선,대전,25,1,0,1
당진대전선,대전,26,0,0,0
당진대전선,대전,27,0,0,0
당진대전선,대전,28,0,0,0
당진대전선,대전,29,0,0,0
당진대전선,대전,30,1,0,1
당진대전선,대전,31,0,0,0
당진대전선,대전,32,0,0,0
당진대전선,대전,33,0,0,0
당진대전선,대전,34,0,0,0
당진대전선,대전,35,0,0,0
당진대전선,대전,36,0,0,0
당진대전선,대전,37,0,0,0
당진대전선,대전,38,0,0,0
당진대전선,대전,39,0,0,0
당진대전선,대전,40,0,0,0
당진대전선,대전,41,0,0,0
당진대전선,대전,42,0,0,0
당진대전선,대전,43,0,0,0
당진대전선,대전,44,1,0,0
당진대전선,대전,45,1,0,1
당진대전선,대전,46,0,0,0
당진대전선,대전,47,0,0,0
당진대전선,대전,48,1,0,0
당진대전선,대전,49,1,0,0
당진대전선,대전,50,0,0,0
당진대전선,대전,51,1,0,0
당진대전선,대전,52,1,0,0
당진대전선,대전,53,0,0,0
당진대전선,대전,54,1,1,1
당진대전선,대전,55,2,0,1
당진대전선,대전,56,0,0,0
당진대전선,대전,57,0,0,0
당진대전선,대전,58,1,0,0
당진대전선,대전,59,0,0,0
당진대전선,대전,60,0,0,0
당진대전선,대전,61,1,0,0
당진대전선,대전,62,1,0,0
당진대전선,대전,63,2,0,0
당진대전선,대전,64,2,0,0
당진대전선,대전,65,2,0,0
당진대전선,대전,66,0,0,0
당진대전선,대전,67,0,0,0
당진대전선,대전,68,0,0,0
당진대전선,대전,69,0,0,0
당진대전선,대전,70,2,0,1
당진대전선,대전,71,0,0,0
당진대전선,대전,72,0,0,0
당진대전선,대전,73,0,0,0
당진대전선,대전,74,0,0,0
당진대전선,대전,75,0,0,0
당진대전선,대전,76,0,0,0
당진대전선,대전,77,0,0,0
당진대전선,대전,78,0,0,0
당진대전선,대전,79,2,0,1
당진대전선,대전,80,0,0,0
당진대전선,대전,81,0,0,0
당진대전선,대전,82,0,0,0
당진대전선,대전,83,0,0,0
당진대전선,대전,84,0,0,0
당진대전선,대전,85,1,0,0
당진대전선,대전,86,0,0,0
당진대전선,대전,87,2,1,0
당진대전선,대전,88,1,0,0
당진대전선,대전,89,0,0,0
당진대전선,대전,90,2,0,0
당진청주선,당진,24,1,0,0
당진청주선,당진,25,0,0,0
당진청주선,당진,26,0,0,0
당진청주선,당진,27,1,0,0
당진청주선,당진,28,0,0,0
당진청주선,당진,29,0,0,0
당진청주선,당진,30,0,0,0
당진청주선,당진,31,1,0,0
당진청주선,당진,32,0,0,0
당진청주선,당진,33,1,0,0
당진청주선,당진,34,0,0,0
당진청주선,당진,35,0,0,0
당진청주선,당진,36,0,0,0
당진청주선,당진,37,0,0,0
당진청주선,당진,38,0,0,0
당진청주선,당진,39,0,0,0
당진청주선,당진,40,0,0,0
당진청주선,당진,41,0,0,0
당진청주선,당진,42,0,0,0
당진청주선,당진,43,0,0,0
당진청주선,당진,44,1,0,0
대구외곽순환선,달서,1,0,0,0
대구외곽순환선,달서,2,0,0,0
대구외곽순환선,달서,3,0,0,0
대구외곽순환선,달서,4,1,0,1
대구외곽순환선,달서,5,0,0,0
대구외곽순환선,달서,6,0,0,0
대구외곽순환선,달서,7,1,0,0
대구외곽순환선,달서,8,0,0,0
대구외곽순환선,달서,9,0,0,0
대구외곽순환선,달서,10,0,0,0
대구외곽순환선,달서,11,0,0,0
대구외곽순환선,달서,12,0,0,0
대구외곽순환선,달서,13,0,0,0
대구외곽순환선,달서,14,0,0,0
대구외곽순환선,달서,15,0,0,0
대구외곽순환선,달서,16,1,0,1
대구외곽순환선,달서,17,1,0,1
대구외곽순환선,달서,18,0,0,0
대구외곽순환선,달서,19,0,0,0
대구외곽순환선,달서,20,1,0,1
대구외곽순환선,달서,21,0,0,0
대구외곽순환선,달서,22,0,0,0
대구외곽순환선,달서,23,0,0,0
대구외곽순환선,달서,24,0,0,0
대구외곽순환선,달서,25,0,0,0
대구외곽순환선,달서,26,0,0,0
대구외곽순환선,달서,27,0,0,0
대구외곽순환선,달서,28,1,0,0
대구외곽순환선,달서,29,0,0,0
대구외곽순환선,달서,30,0,0,0
대구외곽순환선,달서,31,0,0,0
대구외곽순환선,달서,32,0,0,0
대구외곽순환선,달서,33,0,0,0
대구외곽순환선,달서,34,0,0,0
대구외곽순환선,달서,35,0,0,0
대구외곽순환선,달서,36,0,0,0
대구외곽순환선,상매,1,1,0,2
대구외곽순환선,상매,2,0,0,0
대구외곽순환선,상매,3,1,0,1
대구외곽순환선,상매,4,1,0,1
대구외곽순환선,상매,5,0,0,0
대구외곽순환선,상매,6,1,0,1
대구외곽순환선,상매,7,1,0,1
대구외곽순환선,상매,8,0,0,0
대구외곽순환선,상매,9,0,0,0
대구외곽순환선,상매,10,0,0,0
대구외곽순환선,상매,11,0,0,0
대구외곽순환선,상매,12,0,0,0
대구외곽순환선,상매,13,0,0,0
대구외곽순환선,상매,14,0,0,0
대구외곽순환선,상매,15,0,0,0
대구외곽순환선,상매,16,0,0,0
대구외곽순환선,상매,17,0,0,0
대구외곽순환선,상매,18,0,0,0
대구외곽순환선,상매,19,1,0,1
대구외곽순환선,상매,20,0,0,0
대구외곽순환선,상매,21,0,0,0
대구외곽순환선,상매,22,0,0,0
대구외곽순환선,상매,23,0,0,0
대구외곽순환선,상매,24,0,0,0
대구외곽순환선,상매,25,0,0,0
대구외곽순환선,상매,26,0,0,0
대구외곽순환선,상매,27,0,0,0
대구외곽순환선,상매,28,0,0,0
대구외곽순환선,상매,29,1,0,1
대구외곽순환선,상매,30,0,0,0
대구외곽순환선,상매,31,0,0,0
대구외곽순환선,상매,32,0,0,0
대구외곽순환선,상매,33,0,0,0
대구외곽순환선,상매,34,0,0,0
대구외곽순환선,상매,35,0,0,0
대구외곽순환선,상매,36,1,0,1
대구포항선,대구,0,3,0,1
대구포항선,대구,1,0,0,0
대구포항선,대구,2,0,0,0
대구포항선,대구,3,3,0,1
대구포항선,대구,4,0,0,0
대구포항선,대구,5,1,0,0
대구포항선,대구,6,0,0,0
대구포항선,대구,7,1,0,0
대구포항선,대구,8,0,0,0
대구포항선,대구,9,0,0,0
대구포항선,대구,10,0,0,0
대구포항선,대구,11,0,0,0
대구포항선,대구,12,0,0,0
대구포항선,대구,13,1,1,0
대구포항선,대구,14,0,0,0
대구포항선,대구,15,2,0,1
대구포항선,대구,16,1,0,0
대구포항선,대구,17,0,0,0
대구포항선,대구,18,1,0,1
대구포항선,대구,19,1,0,0
대구포항선,대구,20,0,0,0
대구포항선,대구,21,0,0,0
대구포항선,대구,22,0,0,0
대구포항선,대구,23,0,0,0
대구포항선,대구,24,0,0,0
대구포항선,대구,25,0,0,0
대구포항선,대구,26,1,0,1
대구포항선,대구,27,0,0,0
대구포항선,대구,28,0,0,0
대구포항선,대구,29,0,0,0
대구포항선,대구,30,0,0,0
대구포항선,대구,31,0,0,0
대구포항선,대구,32,0,0,0
대구포항선,대구,33,1,0,1
대구포항선,대구,34,0,0,0
대구포항선,대구,35,0,0,0
대구포항선,대구,36,0,0,0
대구포항선,대구,37,0,0,0
대구포항선,대구,38,0,0,0
대구포항선,대구,39,1,0,0
대구포항선,대구,40,0,0,0
대구포항선,대구,41,1,0,0
대구포항선,대구,42,3,0,3
대구포항선,대구,43,0,0,0
대구포항선,대구,44,0,0,0
대구포항선,대구,45,0,0,0
대구포항선,대구,46,0,0,0
대구포항선,대구,47,1,0,0
대구포항선,대구,48,0,0,0
대구포항선,대구,49,2,0,1
대구포항선,대구,50,0,0,0
대구포항선,대구,51,1,1,0
대구포항선,대구,52,2,1,1
대구포항선,대구,53,0,0,0
대구포항선,대구,54,0,0,0
대구포항선,대구,55,0,0,0
대구포항선,대구,56,0,0,0
대구포항선,대구,57,1,0,0
대구포항선,대구,58,0,0,0
대구포항선,대구,59,0,0,0
대구포항선,대구,60,0,0,0
대구포항선,대구,61,0,0,0
대구포항선,대구,62,0,0,0
대구포항선,대구,63,0,0,0
대구포항선,대구,64,0,0,0
대구포항선,대구,65,0,0,0
대구포항선,대구,66,0,0,0
대구포항선,대구,67,0,0,0
대구포항선,대구,68,1,0,1
대구포항선,대구,69,1,0,1
대구포항선,포항,0,0,0,0
대구포항선,포항,1,0,0,0
대구포항선,포항,2,1,0,0
대구포항선,포항,3,1,0,0
대구포항선,포항,4,0,0,0
대구포항선,포항,5,0,0,0
대구포항선,포항,6,0,0,0
대구포항선,포항,7,1,0,0
대구포항선,포항,8,0,0,0
대구포항선,포항,9,0,0,0
대구포항선,포항,10,0,0,0
대구포항선,포항,11,0,0,0
대구포항선,포항,12,1,0,2
대구포항선,포항,13,0,0,0
대구포항선,포항,14,0,0,0
대구포항선,포항,15,0,0,0
대구포항선,포항,16,0,0,0
대구포항선,포항,17,1,0,1
대구포항선,포항,18,0,0,0
대구포항선,포항,19,1,0,1
대구포항선,포항,20,0,0,0
대구포항선,포항,21,1,1,0
대구포항선,포항,22,0,0,0
대구포항선,포항,23,0,0,0
대구포항선,포항,24,0,0,0
대구포항선,포항,25,0,0,0
대구포항선,포항,26,0,0,0
대구포항선,포항,27,1,0,0
대구포항선,포항,28,0,0,0
대구포항선,포항,29,0,0,0
대구포항선,포항,30,1,0,1
대구포항선,포항,31,0,0,0
대구포항선,포항,32,0,0,0
대구포항선,포항,33,1,0,0
대구포항선,포항,34,0,0,0
대구포항선,포항,35,0,0,0
대구포항선,포항,36,0,0,0
대구포항선,포항,37,0,0,0
대구포항선,포항,38,0,0,0
대구포항선,포항,39,0,0,0
대구포항선,포항,40,0,0,0
대구포항선,포항,41,0,0,0
대구포항선,포항,42,0,0,0
대구포항선,포항,43,0,0,0
대구포항선,포항,44,0,0,0
대구포항선,포항,45,0,0,0
대구포항선,포항,46,0,0,0
대구포항선,포항,47,2,0,1
대구포항선,포항,48,0,0,0
대구포항선,포항,49,2,0,1
대구포항선,포항,50,0,0,0
대구포항선,포항,51,0,0,0
대구포항선,포항,52,0,0,0
대구포항선,포항,53,0,0,0
대구포항선,포항,54,1,0,1
대구포항선,포항,55,0,0,0
대구포항선,포항,56,0,0,0
대구포항선,포항,57,0,0,0
대구포항선,포항,58,0,0,0
대구포항선,포항,59,0,0,0
대구포항선,포항,60,0,0,0
대구포항선,포항,61,3,0,3
대구포항선,포항,62,0,0,0
대구포항선,포항,63,0,0,0
대구포항선,포항,64,1,0,0
대구포항선,포항,65,0,0,0
대구포항선,포항,66,0,0,0
대구포항선,포항,67,0,0,0
대구포항선,포항,68,0,0,0
대구포항선,포항,69,0,0,0
대전남부순환선,대전,0,1,0,0
대전남부순환선,대전,1,0,0,0
대전남부순환선,대전,2,0,0,0
대전남부순환선,대전,3,0,0,0
대전남부순환선,대전,4,0,0,0
대전남부순환선,대전,5,0,0,0
대전남부순환선,대전,6,0,0,0
대전남부순환선,대전,7,0,0,0
대전남부순환선,대전,8,0,0,0
대전남부순환선,대전,9,0,0,0
대전남부순환선,대전,10,0,0,0
대전남부순환선,대전,11,0,0,0
대전남부순환선,대전,12,0,0,0
대전남부순환선,산내,0,0,0,0
대전남부순환선,산내,1,1,0,1
대전남부순환선,산내,2,3,0,14
대전남부순환선,산내,3,0,0,0
대전남부순환선,산내,4,2,1,4
대전남부순환선,산내,5,1,0,2
대전남부순환선,산내,6,0,0,0
대전남부순환선,산내,7,0,0,0
대전남부순환선,산내,8,0,0,0
대전남부순환선,산내,9,0,0,0
대전남부순환선,산내,10,0,0,0
대전남부순환선,산내,11,0,0,0
대전남부순환선,산내,12,1,0,0
대전남부순환선,서대전,0,0,0,0
대전남부순환선,서대전,1,3,0,4
대전남부순환선,서대전,2,4,0,6
대전남부순환선,서대전,3,0,0,0
대전남부순환선,서대전,4,1,0,0
대전남부순환선,서대전,5,0,0,0
대전남부순환선,서대전,6,3,1,2
대전남부순환선,서대전,7,0,0,0
대전남부순환선,서대전,8,0,0,0
대전남부순환선,서대전,9,0,0,0
대전남부순환선,서대전,10,0,0,0
대전남부순환선,서대전,11,3,1,1
대전남부순환선,서대전,12,0,0,0
동해선,근덕,0,1,0,5
동해선,근덕,1,0,0,0
동해선,근덕,2,0,0,0
동해선,근덕,3,1,0,1
동해선,근덕,4,1,0,2
동해선,근덕,5,0,0,0
동해선,근덕,6,0,0,0
동해선,근덕,7,0,0,0
동해선,근덕,8,1,0,1
동해선,근덕,9,0,0,0
동해선,근덕,10,0,0,0
동해선,근덕,11,0,0,0
동해선,근덕,12,0,0,0
동해선,근덕,13,0,0,0
동해선,근덕,14,0,0,0
동해선,근덕,15,0,0,0
동해선,근덕,16,0,0,0
동해선,근덕,17,0,0,0
동해선,근덕,18,0,0,0
동해선,근덕,19,0,0,0
동해선,근덕,20,0,0,0
동해선,근덕,21,0,0,0
동해선,근덕,22,0,0,0
동해선,근덕,23,0,0,0
동해선,근덕,24,0,0,0
동해선,근덕,25,0,0,0
동해선,근덕,26,0,0,0
동해선,근덕,27,0,0,0
동해선,근덕,28,0,0,0
동해선,근덕,29,0,0,0
동해선,근덕,30,0,0,0
동해선,근덕,31,0,0,0
동해선,근덕,32,0,0,0
동해선,근덕,33,1,0,1
동해선,근덕,34,0,0,0
동해선,근덕,35,2,0,2
동해선,근덕,36,0,0,0
동해선,근덕,37,0,0,0
동해선,근덕,38,0,0,0
동해선,근덕,39,1,0,0
동해선,근덕,40,0,0,0
동해선,근덕,41,1,0,1
동해선,근덕,42,1,0,1
동해선,근덕,43,0,0,0
동해선,근덕,44,0,0,0
동해선,근덕,45,0,0,0
동해선,근덕,46,1,0,1
동해선,근덕,47,0,0,0
동해선,근덕,48,0,0,0
동해선,근덕,49,0,0,0
동해선,근덕,50,0,0,0
동해선,근덕,51,0,0,0
동해선,근덕,52,0,0,0
동해선,근덕,53,0,0,0
동해선,근덕,54,0,0,0
동해선,근덕,55,0,0,0
동해선,근덕,56,0,0,0
동해선,근덕,57,0,0,0
동해선,근덕,58,0,0,0
동해선,근덕,59,0,0,0
동해선,근덕,60,1,0,0
동해선,근덕,61,0,0,0
동해선,근덕,62,0,0,0
동해선,근덕,63,0,0,0
동해선,근덕,64,0,0,0
동해선,근덕,65,0,0,0
동해선,근덕,66,0,0,0
동해선,근덕,67,0,0,0
동해선,근덕,68,1,0,1
동해선,근덕,69,0,0,0
동해선,근덕,70,0,0,0
동해선,근덕,71,0,0,0
동해선,근덕,72,1,1,2
동해선,근덕,73,0,0,0
동해선,근덕,74,0,0,0
동해선,근덕,75,0,0,0
동해선,근덕,76,0,0,0
동해선,근덕,77,0,0,0
동해선,근덕,78,0,0,0
동해선,근덕,79,0,0,0
동해선,근덕,80,0,0,0
동해선,근덕,81,1,0,0
동해선,근덕,82,0,0,0
동해선,근덕,83,0,0,0
동해선,근덕,84,0,0,0
동해선,근덕,85,0,0,0
동해선,근덕,86,1,0,0
동해선,근덕,87,1,0,1
동해선,근덕,88,0,0,0
동해선,근덕,89,0,0,0
동해선,근덕,90,0,0,0
동해선,근덕,91,0,0,0
동해선,근덕,92,1,0,0
동해선,근덕,93,0,0,0
동해선,근덕,94,1,0,2
동해선,근덕,95,0,0,0
동해선,근덕,96,1,0,1
동해선,근덕,97,0,0,0
동해선,근덕,98,0,0,0
동해선,근덕,99,0,0,0
동해선,근덕,100,0,0,0
동해선,근덕,101,0,0,0
동해선,근덕,102,0,0,0
동해선,근덕,103,0,0,0
동해선,근덕,104,0,0,0
동해선,근덕,105,0,0,0
동해선,근덕,106,0,0,0
동해선,근덕,107,0,0,0
동해선,근덕,108,0,0,0
동해선,근덕,109,0,0,0
동해선,근덕,110,0,0,0
동해선,근덕,111,0,0,0
동해선,근덕,112,0,0,0
동해선,근덕,113,0,0,0
동해선,근덕,114,0,0,0
동해선,근덕,115,0,0,0
동해선,근덕,116,0,0,0
동해선,근덕,117,0,0,0
동해선,근덕,118,0,0,0
동해선,근덕,119,0,0,0
동해선,근덕,120,1,1,4
동해선,속초,0,0,0,0
동해선,속초,1,0,0,0
동해선,속초,2,0,0,0
동해선,속초,3,0,0,0
동해선,속초,4,0,0,0
동해선,속초,5,0,0,0
동해선,속초,6,0,0,0
동해선,속초,7,0,0,0
동해선,속초,8,0,0,0
동해선,속초,9,0,0,0
동해선,속초,10,0,0,0
동해선,속초,11,0,0,0
동해선,속초,12,0,0,0
동해선,속초,13,0,0,0
동해선,속초,14,0,0,0
동해선,속초,15,0,0,0
동해선,속초,16,0,0,0
동해선,속초,17,0,0,0
동해선,속초,18,0,0,0
동해선,속초,19,2,0,1
동해선,속초,20,0,0,0
동해선,속초,21,0,0,0
동해선,속초,22,0,0,0
동해선,속초,23,0,0,0
동해선,속초,24,0,0,0
동해선,속초,25,0,0,0
동해선,속초,26,0,0,0
동해선,속초,27,0,0,0
동해선,속초,28,0,0,0
동해선,속초,29,0,0,0
동해선,속초,30,0,0,0
동해선,속초,31,0,0,0
동해선,속초,32,0,0,0
동해선,속초,33,0,0,0
동해선,속초,34,0,0,0
동해선,속초,35,0,0,0
동해선,속초,36,2,0,0
동해선,속초,37,0,0,0
동해선,속초,38,0,0,0
동해선,속초,39,0,0,0
동해선,속초,40,1,0,0
동해선,속초,41,1,0,1
동해선,속초,42,0,0,0
동해선,속초,43,1,0,1
동해선,속초,44,0,0,0
동해선,속초,45,0,0,0
동해선,속초,46,0,0,0
동해선,속초,47,0,0,0
동해선,속초,48,0,0,0
동해선,속초,49,0,0,0
동해선,속초,50,0,0,0
동해선,속초,51,0,0,0
동해선,속초,52,0,0,0
동해선,속초,53,0,0,0
동해선,속초,54,0,0,0
동해선,속초,55,0,0,0
동해선,속초,56,0,0,0
동해선,속초,57,0,0,0
동해선,속초,58,1,0,0
동해선,속초,59,1,0,11
동해선,속초,60,1,0,18
동해선,속초,61,0,0,0
동해선,속초,62,0,0,0
동해선,속초,63,0,0,0
동해선,속초,64,0,0,0
동해선,속초,65,0,0,0
동해선,속초,66,0,0,0
동해선,속초,67,0,0,0
동해선,속초,68,2,0,3
동해선,속초,69,0,0,0
동해선,속초,70,2,0,4
동해선,속초,71,0,0,0
동해선,속초,72,1,0,1
동해선,속초,73,0,0,0
동해선,속초,74,0,0,0
동해선,속초,75,0,0,0
동해선,속초,76,0,0,0
동해선,속초,77,0,0,0
동해선,속초,78,0,0,0
동해선,속초,79,0,0,0
동해선,속초,80,1,0,3
동해선,속초,81,1,0,4
동해선,속초,82,0,0,0
동해선,속초,83,0,0,0
동해선,속초,84,0,0,0
동해선,속초,85,0,0,0
동해선,속초,86,0,0,0
동해선,속초,87,0,0,0
동해선,속초,88,1,0,0
동해선,속초,89,0,0,0
동해선,속초,90,0,0,0
동해선,속초,91,0,0,0
동해선,속초,92,0,0,0
동해선,속초,93,1,0,1
동해선,속초,94,1,0,1
동해선,속초,95,0,0,0
동해선,속초,96,1,0,0
동해선,속초,97,0,0,0
동해선,속초,98,0,0,0
동해선,속초,99,0,0,0
동해선,속초,100,0,0,0
동해선,속초,101,1,0,1
동해선,속초,102,2,0,1
동해선,속초,103,0,0,0
동해선,속초,104,1,0,1
동해선,속초,105,0,0,0
동해선,속초,106,0,0,0
동해선,속초,107,0,0,0
동해선,속초,108,1,0,0
동해선,속초,109,0,0,0
동해선,속초,110,1,0,0
동해선,속초,111,1,0,1
동해선,속초,112,0,0,0
동해선,속초,113,0,0,0
동해선,속초,114,0,0,0
동해선,속초,115,0,0,0
동해선,속초,116,0,0,0
동해선,속초,117,0,0,0
동해선,속초,118,1,0,0
동해선,속초,119,0,0,0
동해선,속초,120,0,0,0
무안광주선,광주,4,0,0,0
무안광주선,광주,5,0,0,0
무안광주선,광주,6,0,0,0
무안광주선,광주,7,0,0,0
무안광주선,광주,8,0,0,0
무안광주선,광주,9,0,0,0
무안광주선,광주,10,0,0,0
무안광주선,광주,11,0,0,0
무안광주선,광주,12,0,0,0
무안광주선,광주,13,0,0,0
무안광주선,광주,14,0,0,0
무안광주선,광주,15,1,0,0
무안광주선,광주,16,0,0,0
무안광주선,광주,17,0,0,0
무안광주선,광주,18,0,0,0
무안광주선,광주,19,0,0,0
무안광주선,광주,20,1,0,0
무안광주선,광주,21,0,0,0
무안광주선,광주,22,2,0,1
무안광주선,광주,23,0,0,0
무안광주선,광주,24,1,0,0
무안광주선,광주,25,0,0,0
무안광주선,광주,26,0,0,0
무안광주선,광주,27,6,0,2
무안광주선,광주,28,7,0,0
무안광주선,광주,29,0,0,0
무안광주선,광주,30,0,0,0
무안광주선,광주,31,2,0,0
무안광주선,광주,32,0,0,0
무안광주선,광주,33,1,0,0
무안광주선,광주,34,3,0,1
무안광주선,광주,35,1,0,0
무안광주선,광주,36,1,0,1
무안광주선,광주,37,1,0,0
무안광주선,광주,38,1,0,0
무안광주선,광주,39,1,0,0
무안광주선,광주,40,1,0,0
무안광주선,무안,4,1,1,0
무안광주선,무안,5,0,0,0
무안광주선,무안,6,0,0,0
무안광주선,무안,7,0,0,0
무안광주선,무안,8,0,0,0
무안광주선,무안,9,0,0,0
무안광주선,무안,10,0,0,0
무안광주선,무안,11,0,0,0
무안광주선,무안,12,0,0,0
무안광주선,무안,13,0,0,0
무안광주선,무안,14,0,0,0
무안광주선,무안,15,1,0,0
무안광주선,무안,16,1,1,0
무안광주선,무안,17,0,0,0
무안광주선,무안,18,1,0,0
무안광주선,무안,19,1,0,0
무안광주선,무안,20,0,0,0
무안광주선,무안,21,2,0,1
무안광주선,무안,22,0,0,0
무안광주선,무안,23,1,0,6
무안광주선,무안,24,0,0,0
무안광주선,무안,25,0,0,0
무안광주선,무안,26,0,0,0
무안광주선,무안,27,1,0,0
무안광주선,무안,28,0,0,0
무안광주선,무안,29,0,0,0
무안광주선,무안,30,0,0,0
무안광주선,무안,31,0,0,0
무안광주선,무안,32,0,0,0
무안광주선,무안,33,1,0,0
무안광주선,무안,34,0,0,0
무안광주선,무안,35,0,0,0
무안광주선,무안,36,0,0,0
무안광주선,무안,37,0,0,0
무안광주선,무안,38,0,0,0
무안광주선,무안,39,0,0,0
무안광주선,무안,40,0,0,0
부산외곽순환선,기장,0,0,0,0
부산외곽순환선,기장,1,1,0,0
부산외곽순환선,기장,2,1,0,0
부산외곽순환선,기장,3,0,0,0
부산외곽순환선,기장,4,0,0,0
부산외곽순환선,기장,5,0,0,0
부산외곽순환선,기장,6,0,0,0
부산외곽순환선,기장,7,0,0,0
부산외곽순환선,기장,8,0,0,0
부산외곽순환선,기장,9,0,0,0
부산외곽순환선,기장,10,0,0,0
부산외곽순환선,기장,11,1,1,1
부산외곽순환선,기장,12,0,0,0
부산외곽순환선,기장,13,0,0,0
부산외곽순환선,기장,14,0,0,0
부산외곽순환선,기장,15,0,0,0
부산외곽순환선,기장,16,0,0,0
부산외곽순환선,기장,17,1,0,0
부산외곽순환선,기장,18,0,0,0
부산외곽순환선,기장,19,0,0,0
부산외곽순환선,기장,20,0,0,0
부산외곽순환선,기장,21,0,0,0
부산외곽순환선,기장,22,0,0,0
부산외곽순환선,기장,23,0,0,0
부산외곽순환선,기장,24,0,0,0
부산외곽순환선,기장,25,1,0,0
부산외곽순환선,기장,26,0,0,0
부산외곽순환선,기장,27,0,0,0
부산외곽순환선,기장,28,1,0,0
부산외곽순환선,기장,29,0,0,0
부산외곽순환선,기장,30,0,0,0
부산외곽순환선,기장,31,1,0,0
부산외곽순환선,기장,32,1,0,0
부산외곽순환선,기장,33,1,0,0
부산외곽순환선,기장,34,0,0,0
부산외곽순환선,기장,35,1,0,0
부산외곽순환선,기장,36,0,0,0
부산외곽순환선,기장,37,1,0,0
부산외곽순환선,기장,38,0,0,0
부산외곽순환선,기장,39,1,0,0
부산외곽순환선,기장,40,0,0,0
부산외곽순환선,기장,41,1,0,0
부산외곽순환선,기장,42,0,0,0
부산외곽순환선,기장,43,0,0,0
부산외곽순환선,기장,44,1,0,0
부산외곽순환선,기장,45,0,0,0
부산외곽순환선,기장,46,2,0,0
부산외곽순환선,기장,47,0,0,0
부산외곽순환선,기장,48,3,1,1
부산외곽순환선,창원,0,2,0,1
부산외곽순환선,창원,1,0,0,0
부산외곽순환선,창원,2,0,0,0
부산외곽순환선,창원,3,0,0,0
부산외곽순환선,창원,4,0,0,0
부산외곽순환선,창원,5,1,0,0
부산외곽순환선,창원,6,0,0,0
부산외곽순환선,창원,7,0,0,0
부산외곽순환선,창원,8,0,0,0
부산외곽순환선,창원,9,0,0,0
부산외곽순환선,창원,10,0,0,0
부산외곽순환선,창원,11,0,0,0
부산외곽순환선,창원,12,1,0,0
부산외곽순환선,창원,13,0,0,0
부산외곽순환선,창원,14,0,0,0
부산외곽순환선,창원,15,1,0,0
부산외곽순환선,창원,16,0,0,0
부산외곽순환선,창원,17,1,0,0
부산외곽순환선,창원,18,0,0,0
부산외곽순환선,창원,19,0,0,0
부산외곽순환선,창원,20,1,0,0
부산외곽순환선,창원,21,0,0,0
부산외곽순환선,창원,22,1,1,0
부산외곽순환선,창원,23,1,1,0
부산외곽순환선,창원,24,0,0,0
부산외곽순환선,창원,25,0,0,0
부산외곽순환선,창원,26,1,0,1
부산외곽순환선,창원,27,0,0,0
부산외곽순환선,창원,28,3,0,1
부산외곽순환선,창원,29,2,0,0
부산외곽순환선,창원,30,0,0,0
부산외곽순환선,창원,31,0,0,0
부산외곽순환선,창원,32,0,0,0
부산외곽순환선,창원,33,1,0,0
부산외곽순환선,창원,34,0,0,0
부산외곽순환선,창원,35,1,0,0
부산외곽순환선,창원,36,0,0,0
부산외곽순환선,창원,37,1,0,0
부산외곽순환선,창원,38,0,0,0
부산외곽순환선,창원,39,0,0,0
부산외곽순환선,창원,40,0,0,0
부산외곽순환선,창원,41,1,0,0
부산외곽순환선,창원,42,1,0,1
부산외곽순환선,창원,43,0,0,0
부산외곽순환선,창원,44,0,0,0
부산외곽순환선,창원,45,0,0,0
부산외곽순환선,창원,46,2,0,0
부산외곽순환선,창원,47,0,0,0
부산외곽순환선,창원,48,0,0,0
부산포항선,부산,0,2,0,0
부산포항선,부산,1,0,0,0
부산포항선,부산,2,0,0,0
부산포항선,부산,3,0,0,0
부산포항선,부산,4,0,0,0
부산포항선,부산,5,0,0,0
부산포항선,부산,6,4,0,0
부산포항선,부산,7,0,0,0
부산포항선,부산,8,0,0,0
부산포항선,부산,9,0,0,0
부산포항선,부산,10,1,0,0
부산포항선,부산,11,1,1,0
부산포항선,부산,12,0,0,0
부산포항선,부산,13,0,0,0
부산포항선,부산,14,2,0,1
부산포항선,부산,15,1,0,1
부산포항선,부산,16,0,0,0
부산포항선,부산,17,1,0,1
부산포항선,부산,18,0,0,0
부산포항선,부산,19,1,0,1
부산포항선,부산,20,0,0,0
부산포항선,부산,21,0,0,0
부산포항선,부산,22,0,0,0
부산포항선,부산,23,0,0,0
부산포항선,부산,24,0,0,0
부산포항선,부산,25,0,0,0
부산포항선,부산,26,0,0,0
부산포항선,부산,27,0,0,0
부산포항선,부산,28,1,0,0
부산포항선,부산,29,2,1,0
부산포항선,부산,30,0,0,0
부산포항선,부산,31,0,0,0
부산포항선,부산,32,0,0,0
부산포항선,부산,33,1,0,0
부산포항선,부산,34,0,0,0
부산포항선,부산,35,0,0,0
부산포항선,부산,36,1,0,1
부산포항선,부산,37,4,2,0
부산포항선,부산,38,1,0,0
부산포항선,부산,39,0,0,0
부산포항선,부산,40,0,0,0
부산포항선,부산,41,0,0,0
부산포항선,부산,42,0,0,0
부산포항선,부산,43,0,0,0
부산포항선,부산,44,0,0,0
부산포항선,부산,45,0,0,0
부산포항선,부산,46,0,0,0
부산포항선,부산,47,0,0,0
부산포항선,부산,48,0,0,0
부산포항선,부산,49,0,0,0
부산포항선,부산,50,1,0,1
부산포항선,부산,51,0,0,0
부산포항선,부산,52,0,0,0
부산포항선,부산,53,0,0,0
부산포항선,부산,54,2,0,1
부산포항선,부산,55,2,0,1
부산포항선,부산,56,1,0,1
부산포항선,부산,57,0,0,0
부산포항선,부산,58,0,0,0
부산포항선,부산,59,0,0,0
부산포항선,부산,60,0,0,0
부산포항선,부산,61,1,0,0
부산포항선,부산,62,1,0,0
부산포항선,부산,63,0,0,0
부산포항선,부산,64,0,0,0
부산포항선,부산,65,0,0,0
부산포항선,부산,66,2,1,3
부산포항선,부산,67,0,0,0
부산포항선,부산,68,0,0,0
부산포항선,부산,69,2,0,0
부산포항선,부산,70,0,0,0
부산포항선,부산,71,0,0,0
부산포항선,부산,72,0,0,0
부산포항선,부산,73,1,0,0
부산포항선,부산,74,0,0,0
부산포항선,부산,75,0,0,0
부산포항선,부산,76,0,0,0
부산포항선,부산,77,0,0,0
부산포항선,부산,78,0,0,0
부산포항선,부산,79,0,0,0
부산포항선,부산,80,1,1,1
부산포항선,부산,81,0,0,0
부산포항선,부산,82,0,0,0
부산포항선,부산,83,0,0,0
부산포항선,부산,84,0,0,0
부산포항선,부산,85,0,0,0
부산포항선,부산,86,0,0,0
부산포항선,부산,87,0,0,0
부산포항선,부산,88,2,0,1
부산포항선,부산,89,1,0,1
부산포항선,부산,90,0,0,0
부산포항선,부산,91,0,0,0
부산포항선,부산,92,0,0,0
부산포항선,부산,93,0,0,0
부산포항선,부산,94,1,0,1
부산포항선,부산,95,0,0,0
부산포항선,부산,96,0,0,0
부산포항선,부산,97,0,0,0
부산포항선,부산,98,2,0,1
부산포항선,부산,99,1,0,2
부산포항선,부산,100,2,0,0
부산포항선,포항,0,0,0,0
부산포항선,포항,1,0,0,0
부산포항선,포항,2,0,0,0
부산포항선,포항,3,1,0,0
부산포항선,포항,4,0,0,0
부산포항선,포항,5,0,0,0
부산포항선,포항,6,0,0,0
부산포항선,포항,7,0,0,0
부산포항선,포항,8,0,0,0
부산포항선,포항,9,0,0,0
부산포항선,포항,10,0,0,0
부산포항선,포항,11,0,0,0
부산포항선,포항,12,0,0,0
부산포항선,포항,13,1,0,0
부산포항선,포항,14,0,0,0
부산포항선,포항,15,0,0,0
부산포항선,포항,16,1,0,0
부산포항선,포항,17,0,0,0
부산포항선,포항,18,1,2,0
부산포항선,포항,19,0,0,0
부산포항선,포항,20,0,0,0
부산포항선,포항,21,0,0,0
부산포항선,포항,22,1,0,0
부산포항선,포항,23,0,0,0
부산포항선,포항,24,0,0,0
부산포항선,포항,25,2,0,1
부산포항선,포항,26,0,0,0
부산포항선,포항,27,0,0,0
부산포항선,포항,28,0,0,0
부산포항선,포항,29,0,0,0
부산포항선,포항,30,0,0,0
부산포항선,포항,31,0,0,0
부산포항선,포항,32,0,0,0
부산포항선,포항,33,0,0,0
부산포항선,포항,34,0,0,0
부산포항선,포항,35,0,0,0
부산포항선,포항,36,1,0,0
부산포항선,포항,37,1,0,0
부산포항선,포항,38,0,0,0
부산포항선,포항,39,0,0,0
부산포항선,포항,40,0,0,0
부산포항선,포항,41,0,0,0
부산포항선,포항,42,0,0,0
부산포항선,포항,43,0,0,0
부산포항선,포항,44,1,0,0
부산포항선,포항,45,0,0,0
부산포항선,포항,46,1,0,0
부산포항선,포항,47,0,0,0
부산포항선,포항,48,1,0,0
부산포항선,포항,49,1,0,0
부산포항선,포항,50,0,0,0
부산포항선,포항,51,0,0,0
부산포항선,포항,52,0,0,0
부산포항선,포항,53,0,0,0
부산포항선,포항,54,0,0,0
부산포항선,포항,55,0,0,0
부산포항선,포항,56,0,0,0
부산포항선,포항,57,0,0,0
부산포항선,포항,58,0,0,0
부산포항선,포항,59,1,0,0
부산포항선,포항,60,1,0,0
부산포항선,포항,61,2,0,0
부산포항선,포항,62,1,0,0
부산포항선,포항,63,0,0,0
부산포항선,포항,64,0,0,0
부산포항선,포항,65,0,0,0
부산포항선,포항,66,0,0,0
부산포항선,포항,67,0,0,0
부산포항선,포항,68,0,0,0
부산포항선,포항,69,2,0,1
부산포항선,포항,70,0,0,0
부산포항선,포항,71,0,0,0
부산포항선,포항,72,0,0,0
부산포항선,포항,73,0,0,0
부산포항선,포항,74,0,0,0
부산포항선,포항,75,0,0,0
부산포항선,포항,76,0,0,0
부산포항선,포항,77,1,0,1
부산포항선,포항,78,0,0,0
부산포항선,포항,79,0,0,0
부산포항선,포항,80,0,0,0
부산포항선,포항,81,5,0,0
부산포항선,포항,82,0,0,0
부산포항선,포항,83,0,0,0
부산포항선,포항,84,0,0,0
부산포항선,포항,85,0,0,0
부산포항선,포항,86,0,0,0
부산포항선,포항,87,0,0,0
부산포항선,포항,88,0,0,0
부산포항선,포항,89,0,0,0
부산포항선,포항,90,0,0,0
부산포항선,포항,91,2,0,0
부산포항선,포항,92,0,0,0
부산포항선,포항,93,0,0,0
부산포항선,포항,94,2,0,0
부산포항선,포항,95,0,0,0
부산포항선,포항,96,0,0,0
부산포항선,포항,97,0,0,0
부산포항선,포항,98,1,0,1
부산포항선,포항,99,0,0,0
부산포항선,포항,100,0,0,0
서울양양선,서울,0,1,0,1
서울양양선,서울,1,0,0,0
서울양양선,서울,2,0,0,0
서울양양선,서울,3,0,0,0
서울양양선,서울,4,0,0,0
서울양양선,서울,5,1,0,1
서울양양선,서울,6,0,0,0
서울양양선,서울,7,0,0,0
서울양양선,서울,8,0,0,0
서울양양선,서울,9,2,1,0
서울양양선,서울,10,0,0,0
서울양양선,서울,11,0,0,0
서울양양선,서울,12,0,0,0
서울양양선,서울,13,0,0,0
서울양양선,서울,14,2,0,1
서울양양선,서울,15,0,0,0
서울양양선,서울,16,0,0,0
서울양양선,서울,17,1,0,1
서울양양선,서울,18,2,0,1
서울양양선,서울,19,3,0,2
서울양양선,서울,20,1,0,3
서울양양선,서울,21,0,0,0
서울양양선,서울,22,1,0,0
서울양양선,서울,23,0,0,0
서울양양선,서울,24,0,0,0
서울양양선,서울,25,0,0,0
서울양양선,서울,26,1,0,0
서울양양선,서울,27,0,0,0
서울양양선,서울,28,1,0,0
서울양양선,서울,29,0,0,0
서울양양선,서울,30,0,0,0
서울양양선,서울,31,0,0,0
서울양양선,서울,32,0,0,0
서울양양선,서울,33,0,0,0
서울양양선,서울,34,0,0,0
서울양양선,서울,35,0,0,0
서울양양선,서울,36,0,0,0
서울양양선,서울,37,1,0,1
서울양양선,서울,38,0,0,0
서울양양선,서울,39,0,0,0
서울양양선,서울,40,0,0,0
서울양양선,서울,41,0,0,0
서울양양선,서울,42,1,0,1
서울양양선,서울,43,1,0,0
서울양양선,서울,44,2,0,2
서울양양선,서울,45,2,0,0
서울양양선,서울,46,0,0,0
서울양양선,서울,47,0,0,0
서울양양선,서울,48,0,0,0
서울양양선,서울,49,0,0,0
서울양양선,서울,50,0,0,0
서울양양선,서울,51,0,0,0
서울양양선,서울,52,0,0,0
서울양양선,서울,53,0,0,0
서울양양선,서울,54,0,0,0
서울양양선,서울,55,0,0,0
서울양양선,서울,56,0,0,0
서울양양선,서울,57,0,0,0
서울양양선,서울,58,0,0,0
서울양양선,서울,59,0,0,0
서울양양선,서울,60,0,0,0
서울양양선,서울,61,0,0,0
서울양양선,서울,62,2,0,4
서울양양선,서울,63,0,0,0
서울양양선,서울,64,0,0,0
서울양양선,서울,65,0,0,0
서울양양선,서울,66,2,0,1
서울양양선,서울,67,1,1,0
서울양양선,서울,68,0,0,0
서울양양선,서울,69,0,0,0
서울양양선,서울,70,1,0,3
서울양양선,서울,71,0,0,0
서울양양선,서울,72,0,0,0
서울양양선,서울,73,0,0,0
서울양양선,서울,74,0,0,0
서울양양선,서울,75,0,0,0
서울양양선,서울,76,0,0,0
서울양양선,서울,77,1,0,1
서울양양선,서울,78,2,0,5
서울양양선,서울,79,0,0,0
서울양양선,서울,80,1,0,2
서울양양선,서울,81,0,0,0
서울양양선,서울,82,0,0,0
서울양양선,서울,83,0,0,0
서울양양선,서울,84,0,0,0
서울양양선,서울,85,0,0,0
서울양양선,서울,86,1,0,2
서울양양선,서울,87,0,0,0
서울양양선,서울,88,0,0,0
서울양양선,서울,89,0,0,0
서울양양선,서울,90,0,0,0
서울양양선,서울,91,0,0,0
서울양양선,서울,92,0,0,0
서울양양선,서울,93,1,0,1
서울양양선,서울,94,1,0,3
서울양양선,서울,95,0,0,0
서울양양선,서울,96,3,0,2
서울양양선,서울,97,0,0,0
서울양양선,서울,98,1,0,0
서울양양선,서울,99,0,0,0
서울양양선,서울,100,0,0,0
서울양양선,서울,101,2,1,3
서울양양선,서울,102,1,0,0
서울양양선,서울,103,0,0,0
서울양양선,서울,104,0,0,0
서울양양선,서울,105,0,0,0
서울양양선,서울,106,0,0,0
서울양양선,서울,107,0,0,0
서울양양선,서울,108,0,0,0
서울양양선,서울,109,2,0,1
서울양양선,서울,110,1,0,0
서울양양선,서울,111,1,0,0
서울양양선,서울,112,0,0,0
서울양양선,서울,113,0,0,0
서울양양선,서울,114,0,0,0
서울양양선,서울,115,1,0,3
서울양양선,서울,116,0,0,0
서울양양선,서울,117,0,0,0
서울양양선,서울,118,0,0,0
서울양양선,서울,119,0,0,0
서울양양선,서울,120,0,0,0
서울양양선,서울,121,1,0,1
서울양양선,서울,122,0,0,0
서울양양선,서울,123,2,0,0
서울양양선,서울,124,0,0,0
서울양양선,서울,125,0,0,0
서울양양선,서울,126,0,0,0
서울양양선,서울,127,0,0,0
서울양양선,서울,128,0,0,0
서울양양선,서울,129,0,0,0
서울양양선,서울,130,0,0,0
서울양양선,서울,131,1,0,1
서울양양선,서울,132,0,0,0
서울양양선,서울,133,1,0,0
서울양양선,서울,134,0,0,0
서울양양선,서울,135,0,0,0
서울양양선,서울,136,0,0,0
서울양양선,서울,137,0,0,0
서울양양선,서울,138,0,0,0
서울양양선,서울,139,0,0,0
서울양양선,서울,140,0,0,0
서울양양선,서울,141,0,0,0
서울양양선,서울,142,0,0,0
서울양양선,서울,143,0,0,0
서울양양선,서울,144,0,0,0
서울양양선,서울,145,1,0,0
서울양양선,서울,146,1,0,0
서울양양선,서울,147,0,0,0
서울양양선,서울,148,0,0,0
서울양양선,서울,149,1,0,0
서울양양선,양양,0,0,0,0
서울양양선,양양,1,0,0,0
서울양양선,양양,2,0,0,0
서울양양선,양양,3,2,0,2
서울양양선,양양,4,0,0,0
서울양양선,양양,5,0,0,0
서울양양선,양양,6,0,0,0
서울양양선,양양,7,1,0,1
서울양양선,양양,8,0,0,0
서울양양선,양양,9,0,0,0
서울양양선,양양,10,0,0,0
서울양양선,양양,11,0,0,0
서울양양선,양양,12,0,0,0
서울양양선,양양,13,3,0,4
서울양양선,양양,14,0,0,0
서울양양선,양양,15,1,0,2
서울양양선,양양,16,1,1,0
서울양양선,양양,17,0,0,0
서울양양선,양양,18,1,0,0
서울양양선,양양,19,0,0,0
서울양양선,양양,20,0,0,0
서울양양선,양양,21,0,0,0
서울양양선,양양,22,0,0,0
서울양양선,양양,23,0,0,0
서울양양선,양양,24,0,0,0
서울양양선,양양,25,0,0,0
서울양양선,양양,26,1,1,0
서울양양선,양양,27,1,0,2
서울양양선,양양,28,0,0,0
서울양양선,양양,29,0,0,0
서울양양선,양양,30,0,0,0
서울양양선,양양,31,1,0,0
서울양양선,양양,32,1,0,1
서울양양선,양양,33,0,0,0
서울양양선,양양,34,0,0,0
서울양양선,양양,35,0,0,0
서울양양선,양양,36,0,0,0
서울양양선,양양,37,1,0,0
서울양양선,양양,38,0,0,0
서울양양선,양양,39,1,0,1
서울양양선,양양,40,0,0,0
서울양양선,양양,41,0,0,0
서울양양선,양양,42,1,0,1
서울양양선,양양,43,0,0,0
서울양양선,양양,44,1,0,0
서울양양선,양양,45,0,0,0
서울양양선,양양,46,0,0,0
서울양양선,양양,47,0,0,0
서울양양선,양양,48,0,0,0
서울양양선,양양,49,0,0,0
서울양양선,양양,50,0,0,0
서울양양선,양양,51,0,0,0
서울양양선,양양,52,0,0,0
서울양양선,양양,53,0,0,0
서울양양선,양양,54,0,0,0
서울양양선,양양,55,0,0,0
서울양양선,양양,56,0,0,0
서울양양선,양양,57,0,0,0
서울양양선,양양,58,1,0,1
서울양양선,양양,59,0,0,0
서울양양선,양양,60,0,0,0
서울양양선,양양,61,0,0,0
서울양양선,양양,62,0,0,0
서울양양선,양양,63,1,0,2
서울양양선,양양,64,0,0,0
서울양양선,양양,65,0,0,0
서울양양선,양양,66,1,0,0
서울양양선,양양,67,0,0,0
서울양양선,양양,68,0,0,0
서울양양선,양양,69,0,0,0
서울양양선,양양,70,0,0,0
서울양양선,양양,71,0,0,0
서울양양선,양양,72,0,0,0
서울양양선,양양,73,0,0,0
서울양양선,양양,74,0,0,0
서울양양선,양양,75,0,0,0
서울양양선,양양,76,0,0,0
서울양양선,양양,77,1,0,0
서울양양선,양양,78,0,0,0
서울양양선,양양,79,0,0,0
서울양양선,양양,80,2,0,2
서울양양선,양양,81,0,0,0
서울양양선,양양,82,0,0,0
서울양양선,양양,83,0,0,0
서울양양선,양양,84,0,0,0
서울양양선,양양,85,0,0,0
서울양양선,양양,86,0,0,0
서울양양선,양양,87,0,0,0
서울양양선,양양,88,0,0,0
서울양양선,양양,89,0,0,0
서울양양선,양양,90,0,0,0
서울양양선,양양,91,0,0,0
서울양양선,양양,92,0,0,0
서울양양선,양양,93,1,0,2
서울양양선,양양,94,0,0,0
서울양양선,양양,95,0,0,0
서울양양선,양양,96,0,0,0
서울양양선,양양,97,0,0,0
서울양양선,양양,98,1,0,0
서울양양선,양양,99,1,0,4
서울양양선,양양,100,0,0,0
서울양양선,양양,101,0,0,0
서울양양선,양양,102,0,0,0
서울양양선,양양,103,1,0,0
서울양양선,양양,104,0,0,0
서울양양선,양양,105,0,0,0
서울양양선,양양,106,1,0,0
서울양양선,양양,107,1,0,1
서울양양선,양양,108,0,0,0
서울양양선,양양,109,0,0,0
서울양양선,양양,110,0,0,0
서울양양선,양양,111,0,0,0
서울양양선,양양,112,0,0,0
서울양양선,양양,113,2,0,4
서울양양선,양양,114,0,0,0
서울양양선,양양,115,2,0,6
서울양양선,양양,116,1,0,2
서울양양선,양양,117,1,1,2
서울양양선,양양,118,0,0,0
서울양양선,양양,119,0,0,0
서울양양선,양양,120,2,0,0
서울양양선,양양,121,0,0,0
서울양양선,양양,122,0,0,0
서울양양선,양양,123,2,0,3
서울양양선,양양,124,1,0,1
서울양양선,양양,125,0,0,0
서울양양선,양양,126,0,0,0
서울양양선,양양,127,0,0,0
서울양양선,양양,128,1,0,0
서울양양선,양양,129,0,0,0
서울양양선,양양,130,1,0,0
서울양양선,양양,131,1,0,0
서울양양선,양양,132,0,0,0
서울양양선,양양,133,1,0,0
서울양양선,양양,134,0,0,0
서울양양선,양양,135,0,0,0
서울양양선,양양,136,0,0,0
서울양양선,양양,137,0,0,0
서울양양선,양양,138,1,0,0
서울양양선,양양,139,1,0,0
서울양양선,양양,140,1,0,1
서울양양선,양양,141,0,0,0
서울양양선,양양,142,1,0,9
서울양양선,양양,143,0,0,0
서울양양선,양양,144,1,0,0
서울양양선,양양,145,3,0,2
서울양양선,양양,146,0,0,0
서울양양선,양양,147,0,0,0
서울양양선,양양,148,2,0,5
서울양양선,양양,149,1,0,0
서천공주선,공주,3,0,0,0
서천공주선,공주,4,1,0,1
서천공주선,공주,5,1,0,1
서천공주선,공주,6,0,0,0
서천공주선,공주,7,0,0,0
서천공주선,공주,8,0,0,0
서천공주선,공주,9,0,0,0
서천공주선,공주,10,0,0,0
서천공주선,공주,11,1,0,0
서천공주선,공주,12,1,2,0
서천공주선,공주,13,1,0,0
서천공주선,공주,14,0,0,0
서천공주선,공주,15,2,0,3
서천공주선,공주,16,1,0,1
서천공주선,공주,17,0,0,0
서천공주선,공주,18,0,0,0
서천공주선,공주,19,0,0,0
서천공주선,공주,20,0,0,0
서천공주선,공주,21,0,0,0
서천공주선,공주,22,0,0,0
서천공주선,공주,23,0,0,0
서천공주선,공주,24,1,0,0
서천공주선,공주,25,0,0,0
서천공주선,공주,26,0,0,0
서천공주선,공주,27,0,0,0
서천공주선,공주,28,0,0,0
서천공주선,공주,29,0,0,0
서천공주선,공주,30,0,0,0
서천공주선,공주,31,0,0,0
서천공주선,공주,32,0,0,0
서천공주선,공주,33,1,0,0
서천공주선,공주,34,0,0,0
서천공주선,공주,35,0,0,0
서천공주선,공주,36,0,0,0
서천공주선,공주,37,0,0,0
서천공주선,공주,38,1,0,1
서천공주선,공주,39,0,0,0
서천공주선,공주,40,1,0,1
서천공주선,공주,41,0,0,0
서천공주선,공주,42,0,0,0
서천공주선,공주,43,0,0,0
서천공주선,공주,44,1,1,0
서천공주선,공주,45,0,0,0
서천공주선,공주,46,0,0,0
서천공주선,공주,47,0,0,0
서천공주선,공주,48,1,0,1
서천공주선,공주,49,0,0,0
서천공주선,공주,50,0,0,0
서천공주선,공주,51,0,0,0
서천공주선,공주,52,1,0,0
서천공주선,공주,53,0,0,0
서천공주선,공주,54,0,0,0
서천공주선,공주,55,0,0,0
서천공주선,공주,56,0,0,0
서천공주선,공주,57,0,0,0
서천공주선,공주,58,0,0,0
서천공주선,공주,59,2,0,2
서천공주선,서천,3,1,0,1
서천공주선,서천,4,0,0,0
서천공주선,서천,5,0,0,0
서천공주선,서천,6,0,0,0
서천공주선,서천,7,0,0,0
서천공주선,서천,8,0,0,0
서천공주선,서천,9,0,0,0
서천공주선,서천,10,0,0,0
서천공주선,서천,11,0,0,0
서천공주선,서천,12,0,0,0
서천공주선,서천,13,0,0,0
서천공주선,서천,14,0,0,0
서천공주선,서천,15,0,0,0
서천공주선,서천,16,1,0,0
서천공주선,서천,17,0,0,0
서천공주선,서천,18,0,0,0
서천공주선,서천,19,0,0,0
서천공주선,서천,20,0,0,0
서천공주선,서천,21,0,0,0
서천공주선,서천,22,1,0,0
서천공주선,서천,23,0,0,0
서천공주선,서천,24,0,0,0
서천공주선,서천,25,0,0,0
서천공주선,서천,26,0,0,0
서천공주선,서천,27,0,0,0
서천공주선,서천,28,0,0,0
서천공주선,서천,29,0,0,0
서천공주선,서천,30,0,0,0
서천공주선,서천,31,0,0,0
서천공주선,서천,32,0,0,0
서천공주선,서천,33,0,0,0
서천공주선,서천,34,0,0,0
서천공주선,서천,35,0,0,0
서천공주선,서천,36,0,0,0
서천공주선,서천,37,0,0,0
서천공주선,서천,38,0,0,0
서천공주선,서천,39,0,0,0
서천공주선,서천,40,0,0,0
서천공주선,서천,41,0,0,0
서천공주선,서천,42,0,0,0
서천공주선,서천,43,1,0,1
서천공주선,서천,44,0,0,0
서천공주선,서천,45,0,0,0
서천공주선,서천,46,0,0,0
서천공주선,서천,47,1,0,0
서천공주선,서천,48,0,0,0
서천공주선,서천,49,0,0,0
서천공주선,서천,50,1,0,1
서천공주선,서천,51,0,0,0
서천공주선,서천,52,0,0,0
서천공주선,서천,53,0,0,0
서천공주선,서천,54,0,0,0
서천공주선,서천,55,0,0,0
서천공주선,서천,56,1,0,1
서천공주선,서천,57,1,0,1
서천공주선,서천,58,1,0,1
서천공주선,서천,59,1,0,1
서해안선,목포,1,1,0,1
서해안선,목포,2,0,0,0
서해안선,목포,3,0,0,0
서해안선,목포,4,0,0,0
서해안선,목포,5,1,0,3
서해안선,목포,6,0,0,0
서해안선,목포,7,0,0,0
서해안선,목포,8,1,0,0
서해안선,목포,9,1,0,1
서해안선,목포,10,1,0,1
서해안선,목포,11,0,0,0
서해안선,목포,12,0,0,0
서해안선,목포,13,0,0,0
서해안선,목포,14,0,0,0
서해안선,목포,15,0,0,0
서해안선,목포,16,2,0,0
서해안선,목포,17,0,0,0
서해안선,목포,18,0,0,0
서해안선,목포,19,0,0,0
서해안선,목포,20,1,0,0
서해안선,목포,21,0,0,0
서해안선,목포,22,0,0,0
서해안선,목포,23,2,0,0
서해안선,목포,24,0,0,0
서해안선,목포,25,0,0,0
서해안선,목포,26,0,0,0
서해안선,목포,27,0,0,0
서해안선,목포,28,0,0,0
서해안선,목포,29,0,0,0
서해안선,목포,30,0,0,0
서해안선,목포,31,1,1,0
서해안선,목포,32,1,0,1
서해안선,목포,33,0,0,0
서해안선,목포,34,0,0,0
서해안선,목포,35,0,0,0
서해안선,목포,36,0,0,0
서해안선,목포,37,0,0,0
서해안선,목포,38,2,1,0
서해안선,목포,39,0,0,0
서해안선,목포,40,0,0,0
서해안선,목포,41,0,0,0
서해안선,목포,42,0,0,0
서해안선,목포,43,0,0,0
서해안선,목포,44,1,0,1
서해안선,목포,45,0,0,0
서해안선,목포,46,0,0,0
서해안선,목포,47,1,0,0
서해안선,목포,48,0,0,0
서해안선,목포,49,0,0,0
서해안선,목포,50,1,0,0
서해안선,목포,51,1,0,0
서해안선,목포,52,0,0,0
서해안선,목포,53,0,0,0
서해안선,목포,54,1,0,2
서해안선,목포,55,0,0,0
서해안선,목포,56,0,0,0
서해안선,목포,57,0,0,0
서해안선,목포,58,0,0,0
서해안선,목포,59,0,0,0
서해안선,목포,60,0,0,0
서해안선,목포,61,0,0,0
서해안선,목포,62,0,0,0
서해안선,목포,63,0,0,0
서해안선,목포,64,1,0,0
서해안선,목포,65,0,0,0
서해안선,목포,66,0,0,0
서해안선,목포,67,0,0,0
서해안선,목포,68,0,0,0
서해안선,목포,69,0,0,0
서해안선,목포,70,0,0,0
서해안선,목포,71,0,0,0
서해안선,목포,72,0,0,0
서해안선,목포,73,0,0,0
서해안선,목포,74,0,0,0
서해안선,목포,75,1,0,1
서해안선,목포,76,0,0,0
서해안선,목포,77,2,0,0
서해안선,목포,78,1,0,0
서해안선,목포,79,0,0,0
서해안선,목포,80,0,0,0
서해안선,목포,81,0,0,0
서해안선,목포,82,1,0,0
서해안선,목포,83,1,0,0
서해안선,목포,84,2,0,3
서해안선,목포,85,1,0,0
서해안선,목포,86,2,0,1
서해안선,목포,87,1,0,1
서해안선,목포,88,1,0,0
서해안선,목포,89,0,0,0
서해안선,목포,90,0,0,0
서해안선,목포,91,6,0,2
서해안선,목포,92,1,0,0
서해안선,목포,93,2,0,0
서해안선,목포,94,0,0,0
서해안선,목포,95,0,0,0
서해안선,목포,96,0,0,0
서해안선,목포,97,2,0,1
서해안선,목포,98,0,0,0
서해안선,목포,99,0,0,0
서해안선,목포,100,0,0,0
서해안선,목포,101,0,0,0
서해안선,목포,102,1,0,1
서해안선,목포,103,0,0,0
서해안선,목포,104,1,0,2
서해안선,목포,105,1,0,0
서해안선,목포,106,1,2,0
서해안선,목포,107,0,0,0
서해안선,목포,108,1,1,0
서해안선,목포,109,1,0,0
서해안선,목포,110,0,0,0
서해안선,목포,111,0,0,0
서해안선,목포,112,0,0,0
서해안선,목포,113,0,0,0
서해안선,목포,114,0,0,0
서해안선,목포,115,1,0,2
서해안선,목포,116,0,0,0
서해안선,목포,117,0,0,0
서해안선,목포,118,0,0,0
서해안선,목포,119,2,0,1
서해안선,목포,120,0,0,0
서해안선,목포,121,0,0,0
서해안선,목포,122,0,0,0
서해안선,목포,123,0,0,0
서해안선,목포,124,1,0,0
서해안선,목포,125,0,0,0
서해안선,목포,126,0,0,0
서해안선,목포,127,0,0,0
서해안선,목포,128,0,0,0
서해안선,목포,129,0,0,0
서해안선,목포,130,0,0,0
서해안선,목포,131,0,0,0
서해안선,목포,132,0,0,0
서해안선,목포,133,0,0,0
서해안선,목포,134,1,0,0
서해안선,목포,135,1,0,0
서해안선,목포,136,0,0,0
서해안선,목포,137,3,0,2
서해안선,목포,138,2,0,2
서해안선,목포,139,0,0,0
서해안선,목포,140,0,0,0
서해안선,목포,141,0,0,0
서해안선,목포,142,0,0,0
서해안선,목포,143,0,0,0
서해안선,목포,144,1,0,0
서해안선,목포,145,0,0,0
서해안선,목포,146,0,0,0
서해안선,목포,147,0,0,0
서해안선,목포,148,0,0,0
서해안선,목포,149,2,0,1
서해안선,목포,150,0,0,0
서해안선,목포,151,2,0,1
서해안선,목포,152,1,0,0
서해안선,목포,153,0,0,0
서해안선,목포,154,0,0,0
서해안선,목포,155,0,0,0
서해안선,목포,156,0,0,0
서해안선,목포,157,0,0,0
서해안선,목포,158,0,0,0
서해안선,목포,159,0,0,0
서해안선,목포,160,0,0,0
서해안선,목포,161,2,0,4
서해안선,목포,162,0,0,0
서해안선,목포,163,1,0,1
서해안선,목포,164,0,0,0
서해안선,목포,165,0,0,0
서해안선,목포,166,1,0,0
서해안선,목포,167,0,0,0
서해안선,목포,168,1,0,0
서해안선,목포,169,1,0,0
서해안선,목포,170,1,0,0
서해안선,목포,171,0,0,0
서해안선,목포,172,0,0,0
서해안선,목포,173,1,0,2
서해안선,목포,174,1,0,0
서해안선,목포,175,0,0,0
서해안선,목포,176,0,0,0
서해안선,목포,177,1,0,0
서해안선,목포,178,0,0,0
서해안선,목포,179,0,0,0
서해안선,목포,180,0,0,0
서해안선,목포,181,2,0,0
서해안선,목포,182,0,0,0
서해안선,목포,183,0,0,0
서해안선,목포,184,0,0,0
서해안선,목포,185,1,0,1
서해안선,목포,186,0,0,0
서해안선,목포,187,0,0,0
서해안선,목포,188,0,0,0
서해안선,목포,189,0,0,0
서해안선,목포,190,1,0,0
서해안선,목포,191,1,0,1
서해안선,목포,192,0,0,0
서해안선,목포,193,0,0,0
서해안선,목포,194,1,0,4
서해안선,목포,195,1,0,0
서해안선,목포,196,0,0,0
서해안선,목포,197,0,0,0
서해안선,목포,198,0,0,0
서해안선,목포,199,1,0,0
서해안선,목포,200,0,0,0
서해안선,목포,201,0,0,0
서해안선,목포,202,0,0,0
서해안선,목포,203,0,0,0
서해안선,목포,204,1,0,0
서해안선,목포,205,0,0,0
서해안선,목포,206,2,0,1
서해안선,목포,207,0,0,0
서해안선,목포,208,0,0,0
서해안선,목포,209,0,0,0
서해안선,목포,210,0,0,0
서해안선,목포,211,0,0,0
서해안선,목포,212,1,0,0
서해안선,목포,213,0,0,0
서해안선,목포,214,1,0,3
서해안선,목포,215,1,0,1
서해안선,목포,216,1,0,0
서해안선,목포,217,0,0,0
서해안선,목포,218,1,0,0
서해안선,목포,219,0,0,0
서해안선,목포,220,1,0,0
서해안선,목포,221,0,0,0
서해안선,목포,222,1,0,0
서해안선,목포,223,0,0,0
서해안선,목포,224,1,0,0
서해안선,목포,225,2,0,1
서해안선,목포,226,0,0,0
서해안선,목포,227,1,0,0
서해안선,목포,228,1,0,0
서해안선,목포,229,2,1,0
서해안선,목포,230,0,0,0
서해안선,목포,231,0,0,0
서해안선,목포,232,0,0,0
서해안선,목포,233,0,0,0
서해안선,목포,234,0,0,0
서해안선,목포,235,0,0,0
서해안선,목포,236,0,0,0
서해안선,목포,237,1,0,2
서해안선,목포,238,0,0,0
서해안선,목포,239,1,0,1
서해안선,목포,240,0,0,0
서해안선,목포,241,0,0,0
서해안선,목포,242,0,0,0
서해안선,목포,243,0,0,0
서해안선,목포,244,1,0,1
서해안선,목포,245,0,0,0
서해안선,목포,246,0,0,0
서해안선,목포,247,0,0,0
서해안선,목포,248,0,0,0
서해안선,목포,249,0,0,0
서해안선,목포,250,0,0,0
서해안선,목포,251,0,0,0
서해안선,목포,252,0,0,0
서해안선,목포,253,0,0,0
서해안선,목포,254,0,0,0
서해안선,목포,255,2,0,0
서해안선,목포,256,0,0,0
서해안선,목포,257,0,0,0
서해안선,목포,258,0,0,0
서해안선,목포,259,0,0,0
서해안선,목포,260,0,0,0
서해안선,목포,261,1,0,0
서해안선,목포,262,1,0,0
서해안선,목포,263,0,0,0
서해안선,목포,264,0,0,0
서해안선,목포,265,0,0,0
서해안선,목포,266,2,1,4
서해안선,목포,267,0,0,0
서해안선,목포,268,0,0,0
서해안선,목포,269,1,0,2
서해안선,목포,270,0,0,0
서해안선,목포,271,0,0,0
서해안선,목포,272,2,1,0
서해안선,목포,273,2,0,2
서해안선,목포,274,0,0,0
서해안선,목포,275,0,0,0
서해안선,목포,276,0,0,0
서해안선,목포,277,0,0,0
서해안선,목포,278,0,0,0
서해안선,목포,279,1,0,1
서해안선,목포,280,0,0,0
서해안선,목포,281,0,0,0
서해안선,목포,282,0,0,0
서해안선,목포,283,2,0,2
서해안선,목포,284,0,0,0
서해안선,목포,285,1,0,1
서해안선,목포,286,3,0,4
서해안선,목포,287,3,2,1
서해안선,목포,288,2,0,0
서해안선,목포,289,1,0,3
서해안선,목포,290,0,0,0
서해안선,목포,291,4,0,5
서해안선,목포,292,1,0,0
서해안선,목포,293,0,0,0
서해안선,목포,294,0,0,0
서해안선,목포,295,0,0,0
서해안선,목포,296,0,0,0
서해안선,목포,297,0,0,0
서해안선,목포,298,0,0,0
서해안선,목포,299,1,0,1
서해안선,목포,300,0,0,0
서해안선,목포,301,2,0,2
서해안선,목포,302,0,0,0
서해안선,목포,303,1,0,1
서해안선,목포,304,1,0,0
서해안선,목포,305,4,3,2
서해안선,목포,306,3,1,2
서해안선,목포,307,0,0,0
서해안선,목포,308,0,0,0
서해안선,목포,309,0,0,0
서해안선,목포,310,0,0,0
서해안선,목포,311,0,0,0
서해안선,목포,312,1,0,1
서해안선,목포,313,2,1,0
서해안선,목포,314,0,0,0
서해안선,목포,315,0,0,0
서해안선,목포,316,0,0,0
서해안선,목포,317,2,0,0
서해안선,목포,318,3,1,1
서해안선,목포,319,1,0,1
서해안선,목포,320,1,1,0
서해안선,목포,321,1,0,0
서해안선,목포,322,0,0,0
서해안선,목포,323,2,1,1
서해안선,목포,324,0,0,0
서해안선,목포,325,1,0,2
서해안선,목포,326,0,0,0
서해안선,목포,327,3,0,0
서해안선,목포,328,1,0,0
서해안선,목포,329,0,0,0
서해안선,목포,330,0,0,0
서해안선,목포,331,0,0,0
서해안선,목포,332,2,0,1
서해안선,목포,333,0,0,0
서해안선,목포,334,1,0,1
서해안선,목포,335,1,0,1
서해안선,목포,336,3,0,0
서해안선,목포,337,1,0,1
서해안선,목포,338,0,0,0
서해안선,목포,339,0,0,0
서해안선,목포,340,0,0,0
서해안선,서울,1,0,0,0
서해안선,서울,2,0,0,0
서해안선,서울,3,0,0,0
서해안선,서울,4,0,0,0
서해안선,서울,5,0,0,0
서해안선,서울,6,0,0,0
서해안선,서울,7,0,0,0
서해안선,서울,8,1,0,0
서해안선,서울,9,0,0,0
서해안선,서울,10,1,0,0
서해안선,서울,11,0,0,0
서해안선,서울,12,1,0,1
서해안선,서울,13,2,1,0
서해안선,서울,14,1,1,0
서해안선,서울,15,0,0,0
서해안선,서울,16,0,0,0
서해안선,서울,17,0,0,0
서해안선,서울,18,0,0,0
서해안선,서울,19,0,0,0
서해안선,서울,20,0,0,0
서해안선,서울,21,0,0,0
서해안선,서울,22,0,0,0
서해안선,서울,23,0,0,0
서해안선,서울,24,0,0,0
서해안선,서울,25,1,1,0
서해안선,서울,26,0,0,0
서해안선,서울,27,0,0,0
서해안선,서울,28,0,0,0
서해안선,서울,29,0,0,0
서해안선,서울,30,0,0,0
서해안선,서울,31,0,0,0
서해안선,서울,32,0,0,0
서해안선,서울,33,0,0,0
서해안선,서울,34,1,0,1
서해안선,서울,35,1,1,2
서해안선,서울,36,0,0,0
서해안선,서울,37,0,0,0
서해안선,서울,38,0,0,0
서해안선,서울,39,0,0,0
서해안선,서울,40,0,0,0
서해안선,서울,41,1,0,0
서해안선,서울,42,0,0,0
서해안선,서울,43,0,0,0
서해안선,서울,44,0,0,0
서해안선,서울,45,0,0,0
서해안선,서울,46,0,0,0
서해안선,서울,47,0,0,0
서해안선,서울,48,0,0,0
서해안선,서울,49,0,0,0
서해안선,서울,50,0,0,0
서해안선,서울,51,0,0,0
서해안선,서울,52,0,0,0
서해안선,서울,53,0,0,0
서해안선,서울,54,1,0,0
서해안선,서울,55,0,0,0
서해안선,서울,56,0,0,0
서해안선,서울,57,0,0,0
서해안선,서울,58,0,0,0
서해안선,서울,59,0,0,0
서해안선,서울,60,0,0,0
서해안선,서울,61,1,0,0
서해안선,서울,62,0,0,0
서해안선,서울,63,0,0,0
서해안선,서울,64,0,0,0
서해안선,서울,65,0,0,0
서해안선,서울,66,0,0,0
서해안선,서울,67,0,0,0
서해안선,서울,68,0,0,0
서해안선,서울,69,0,0,0
서해안선,서울,70,0,0,0
서해안선,서울,71,1,0,1
서해안선,서울,72,0,0,0
서해안선,서울,73,0,0,0
서해안선,서울,74,0,0,0
서해안선,서울,75,0,0,0
서해안선,서울,76,2,1,1
서해안선,서울,77,2,0,4
서해안선,서울,78,0,0,0
서해안선,서울,79,0,0,0
서해안선,서울,80,0,0,0
서해안선,서울,81,0,0,0
서해안선,서울,82,0,0,0
서해안선,서울,83,0,0,0
서해안선,서울,84,1,1,4
서해안선,서울,85,0,0,0
서해안선,서울,86,0,0,0
서해안선,서울,87,0,0,0
서해안선,서울,88,0,0,0
서해안선,서울,89,0,0,0
서해안선,서울,90,0,0,0
서해안선,서울,91,0,0,0
서해안선,서울,92,0,0,0
서해안선,서울,93,0,0,0
서해안선,서울,94,1,0,0
서해안선,서울,95,1,0,0
서해안선,서울,96,0,0,0
서해안선,서울,97,0,0,0
서해안선,서울,98,1,0,1
서해안선,서울,99,0,0,0
서해안선,서울,100,0,0,0
서해안선,서울,101,0,0,0
서해안선,서울,102,0,0,0
서해안선,서울,103,0,0,0
서해안선,서울,104,2,0,2
서해안선,서울,105,0,0,0
서해안선,서울,106,0,0,0
서해안선,서울,107,0,0,0
서해안선,서울,108,2,0,4
서해안선,서울,109,0,0,0
서해안선,서울,110,1,1,0
서해안선,서울,111,2,0,2
서해안선,서울,112,0,0,0
서해안선,서울,113,0,0,0
서해안선,서울,114,0,0,0
서해안선,서울,115,0,0,0
서해안선,서울,116,1,0,0
서해안선,서울,117,1,0,0
서해안선,서울,118,0,0,0
서해안선,서울,119,1,0,0
서해안선,서울,120,1,1,1
서해안선,서울,121,0,0,0
서해안선,서울,122,1,0,1
서해안선,서울,123,2,0,0
서해안선,서울,124,2,0,3
서해안선,서울,125,0,0,0
서해안선,서울,126,2,0,1
서해안선,서울,127,1,0,0
서해안선,서울,128,0,0,0
서해안선,서울,129,0,0,0
서해안선,서울,130,0,0,0
서해안선,서울,131,0,0,0
서해안선,서울,132,0,0,0
서해안선,서울,133,0,0,0
서해안선,서울,134,0,0,0
서해안선,서울,135,1,0,0
서해안선,서울,136,0,0,0
서해안선,서울,137,0,0,0
서해안선,서울,138,2,1,2
서해안선,서울,139,0,0,0
서해안선,서울,140,1,0,0
서해안선,서울,141,0,0,0
서해안선,서울,142,0,0,0
서해안선,서울,143,1,0,0
서해안선,서울,144,0,0,0
서해안선,서울,145,1,1,0
서해안선,서울,146,0,0,0
서해안선,서울,147,2,0,4
서해안선,서울,148,1,0,0
서해안선,서울,149,2,0,2
서해안선,서울,150,1,0,0
서해안선,서울,151,0,0,0
서해안선,서울,152,0,0,0
서해안선,서울,153,0,0,0
서해안선,서울,154,0,0,0
서해안선,서울,155,0,0,0
서해안선,서울,156,0,0,0
서해안선,서울,157,0,0,0
서해안선,서울,158,0,0,0
서해안선,서울,159,0,0,0
서해안선,서울,160,1,0,1
서해안선,서울,161,1,0,1
서해안선,서울,162,0,0,0
서해안선,서울,163,0,0,0
서해안선,서울,164,1,0,0
서해안선,서울,165,1,0,1
서해안선,서울,166,1,0,0
서해안선,서울,167,1,1,0
서해안선,서울,168,0,0,0
서해안선,서울,169,0,0,0
서해안선,서울,170,1,1,0
서해안선,서울,171,0,0,0
서해안선,서울,172,0,0,0
서해안선,서울,173,0,0,0
서해안선,서울,174,0,0,0
서해안선,서울,175,0,0,0
서해안선,서울,176,1,0,0
서해안선,서울,177,0,0,0
서해안선,서울,178,1,1,0
서해안선,서울,179,0,0,0
서해안선,서울,180,0,0,0
서해안선,서울,181,0,0,0
서해안선,서울,182,0,0,0
서해안선,서울,183,0,0,0
서해안선,서울,184,0,0,0
서해안선,서울,185,0,0,0
서해안선,서울,186,1,0,0
서해안선,서울,187,2,0,5
서해안선,서울,188,1,0,1
서해안선,서울,189,0,0,0
서해안선,서울,190,3,1,1
서해안선,서울,191,0,0,0
서해안선,서울,192,0,0,0
서해안선,서울,193,2,0,3
서해안선,서울,194,0,0,0
서해안선,서울,195,0,0,0
서해안선,서울,196,0,0,0
서해안선,서울,197,0,0,0
서해안선,서울,198,0,0,0
서해안선,서울,199,0,0,0
서해안선,서울,200,0,0,0
서해안선,서울,201,0,0,0
서해안선,서울,202,0,0,0
서해안선,서울,203,0,0,0
서해안선,서울,204,0,0,0
서해안선,서울,205,1,0,1
서해안선,서울,206,1,0,1
서해안선,서울,207,0,0,0
서해안선,서울,208,1,0,0
서해안선,서울,209,0,0,0
서해안선,서울,210,1,0,0
서해안선,서울,211,0,0,0
서해안선,서울,212,0,0,0
서해안선,서울,213,0,0,0
서해안선,서울,214,0,0,0
서해안선,서울,215,0,0,0
서해안선,서울,216,0,0,0
서해안선,서울,217,0,0,0
서해안선,서울,218,1,1,0
서해안선,서울,219,1,0,0
서해안선,서울,220,0,0,0
서해안선,서울,221,0,0,0
서해안선,서울,222,1,0,0
서해안선,서울,223,0,0,0
서해안선,서울,224,1,1,1
서해안선,서울,225,1,0,1
서해안선,서울,226,0,0,0
서해안선,서울,227,0,0,0
서해안선,서울,228,0,0,0
서해안선,서울,229,0,0,0
서해안선,서울,230,1,0,0
서해안선,서울,231,0,0,0
서해안선,서울,232,1,0,0
서해안선,서울,233,1,0,2
서해안선,서울,234,0,0,0
서해안선,서울,235,0,0,0
서해안선,서울,236,1,0,1
서해안선,서울,237,2,0,6
서해안선,서울,238,1,0,1
서해안선,서울,239,0,0,0
서해안선,서울,240,0,0,0
서해안선,서울,241,0,0,0
서해안선,서울,242,0,0,0
서해안선,서울,243,0,0,0
서해안선,서울,244,1,0,0
서해안선,서울,245,1,0,1
서해안선,서울,246,0,0,0
서해안선,서울,247,0,0,0
서해안선,서울,248,1,2,1
서해안선,서울,249,0,0,0
서해안선,서울,250,0,0,0
서해안선,서울,251,0,0,0
서해안선,서울,252,1,0,1
서해안선,서울,253,0,0,0
서해안선,서울,254,0,0,0
서해안선,서울,255,0,0,0
서해안선,서울,256,2,0,0
서해안선,서울,257,0,0,0
서해안선,서울,258,0,0,0
서해안선,서울,259,3,0,1
서해안선,서울,260,1,0,0
서해안선,서울,261,0,0,0
서해안선,서울,262,0,0,0
서해안선,서울,263,0,0,0
서해안선,서울,264,3,0,0
서해안선,서울,265,0,0,0
서해안선,서울,266,1,0,1
서해안선,서울,267,3,0,0
서해안선,서울,268,1,1,5
서해안선,서울,269,1,0,0
서해안선,서울,270,1,0,1
서해안선,서울,271,2,1,1
서해안선,서울,272,6,0,5
서해안선,서울,273,2,0,1
서해안선,서울,274,0,0,0
서해안선,서울,275,2,0,1
서해안선,서울,276,0,0,0
서해안선,서울,277,1,0,0
서해안선,서울,278,1,0,0
서해안선,서울,279,3,1,4
서해안선,서울,280,0,0,0
서해안선,서울,281,1,0,0
서해안선,서울,282,0,0,0
서해안선,서울,283,1,0,0
서해안선,서울,284,0,0,0
서해안선,서울,285,1,0,1
서해안선,서울,286,1,0,2
서해안선,서울,287,0,0,0
서해안선,서울,288,4,2,4
서해안선,서울,289,3,0,3
서해안선,서울,290,3,2,5
서해안선,서울,291,1,0,2
서해안선,서울,292,1,0,8
서해안선,서울,293,0,0,0
서해안선,서울,294,1,0,1
서해안선,서울,295,1,0,1
서해안선,서울,296,0,0,0
서해안선,서울,297,1,0,0
서해안선,서울,298,1,0,1
서해안선,서울,299,2,0,1
서해안선,서울,300,0,0,0
서해안선,서울,301,2,0,0
서해안선,서울,302,0,0,0
서해안선,서울,303,0,0,0
서해안선,서울,304,0,0,0
서해안선,서울,305,0,0,0
서해안선,서울,306,2,1,1
서해안선,서울,307,0,0,0
서해안선,서울,308,0,0,0
서해안선,서울,309,1,0,1
서해안선,서울,310,1,0,0
서해안선,서울,311,2,0,3
서해안선,서울,312,0,0,0
서해안선,서울,313,0,0,0
서해안선,서울,314,2,1,0
서해안선,서울,315,2,0,1
서해안선,서울,316,1,0,2
서해안선,서울,317,1,0,0
서해안선,서울,318,3,0,2
서해안선,서울,319,0,0,0
서해안선,서울,320,0,0,0
서해안선,서울,321,0,0,0
서해안선,서울,322,0,0,0
서해안선,서울,323,1,0,0
서해안선,서울,324,0,0,0
서해안선,서울,325,2,1,0
서해안선,서울,326,1,0,0
서해안선,서울,327,4,0,0
서해안선,서울,328,3,0,0
서해안선,서울,329,1,1,0
서해안선,서울,330,0,0,0
서해안선,서울,331,1,0,0
서해안선,서울,332,2,0,0
서해안선,서울,333,1,0,0
서해안선,서울,334,2,0,1
서해안선,서울,335,4,2,1
서해안선,서울,336,2,0,0
서해안선,서울,337,1,0,0
서해안선,서울,338,0,0,0
서해안선,서울,339,0,0,0
서해안선,서울,340,1,0,0
수도권제1순환선,일산,0,0,0,0
수도권제1순환선,일산,1,0,0,0
수도권제1순환선,일산,2,1,0,0
수도권제1순환선,일산,3,0,0,0
수도권제1순환선,일산,4,0,0,0
수도권제1순환선,일산,5,0,0,0
수도권제1순환선,일산,6,0,0,0
수도권제1순환선,일산,7,0,0,0
수도권제1순환선,일산,8,0,0,0
수도권제1순환선,일산,9,0,0,0
수도권제1순환선,일산,10,0,0,0
수도권제1순환선,일산,11,0,0,0
수도권제1순환선,일산,12,0,0,0
수도권제1순환선,일산,13,0,0,0
수도권제1순환선,일산,14,0,0,0
수도권제1순환선,일산,15,0,0,0
수도권제1순환선,일산,16,0,0,0
수도권제1순환선,일산,17,0,0,0
수도권제1순환선,일산,18,0,0,0
수도권제1순환선,일산,19,0,0,0
수도권제1순환선,일산,20,0,0,0
수도권제1순환선,일산,21,0,0,0
수도권제1순환선,일산,22,0,0,0
수도권제1순환선,일산,23,0,0,0
수도권제1순환선,일산,24,0,0,0
수도권제1순환선,일산,25,0,0,0
수도권제1순환선,일산,26,0,0,0
수도권제1순환선,일산,27,0,0,0
수도권제1순환선,일산,28,0,0,0
수도권제1순환선,일산,29,0,0,0
수도권제1순환선,일산,30,0,0,0
수도권제1순환선,일산,31,0,0,0
수도권제1순환선,일산,32,0,0,0
수도권제1순환선,일산,33,0,0,0
수도권제1순환선,일산,34,0,0,0
수도권제1순환선,일산,35,0,0,0
수도권제1순환선,일산,36,0,0,0
수도권제1순환선,일산,37,0,0,0
수도권제1순환선,일산,38,0,0,0
수도권제1순환선,일산,39,0,0,0
수도권제1순환선,일산,40,0,0,0
수도권제1순환선,일산,41,0,0,0
수도권제1순환선,일산,42,0,0,0
수도권제1순환선,일산,43,0,0,0
수도권제1순환선,일산,44,0,0,0
수도권제1순환선,일산,45,0,0,0
수도권제1순환선,일산,46,0,0,0
수도권제1순환선,일산,47,0,0,0
수도권제1순환선,일산,48,0,0,0
수도권제1순환선,일산,49,0,0,0
수도권제1순환선,일산,50,0,0,0
수도권제1순환선,일산,51,0,0,0
수도권제1순환선,일산,52,0,0,0
수도권제1순환선,일산,53,0,0,0
수도권제1순환선,일산,54,0,0,0
수도권제1순환선,일산,55,0,0,0
수도권제1순환선,일산,56,0,0,0
수도권제1순환선,일산,57,0,0,0
수도권제1순환선,일산,58,0,0,0
수도권제1순환선,일산,59,0,0,0
수도권제1순환선,일산,60,0,0,0
수도권제1순환선,일산,61,0,0,0
수도권제1순환선,일산,62,0,0,0
수도권제1순환선,일산,63,0,0,0
수도권제1순환선,일산,64,0,0,0
수도권제1순환선,일산,65,0,0,0
수도권제1순환선,일산,66,0,0,0
수도권제1순환선,일산,67,0,0,0
수도권제1순환선,일산,68,0,0,0
수도권제1순환선,일산,69,0,0,0
수도권제1순환선,일산,70,3,2,1
수도권제1순환선,일산,71,0,0,0
수도권제1순환선,일산,72,1,0,0
수도권제1순환선,일산,73,0,0,0
수도권제1순환선,일산,74,0,0,0
수도권제1순환선,일산,75,2,0,1
수도권제1순환선,일산,76,6,0,1
수도권제1순환선,일산,77,0,0,0
수도권제1순환선,일산,78,1,0,0
수도권제1순환선,일산,79,3,1,2
수도권제1순환선,일산,80,2,0,0
수도권제1순환선,일산,81,0,0,0
수도권제1순환선,일산,82,6,2,0
수도권제1순환선,일산,83,1,0,0
수도권제1순환선,일산,84,3,0,0
수도권제1순환선,일산,85,1,0,0
수도권제1순환선,일산,86,1,0,1
수도권제1순환선,일산,87,0,0,0
수도권제1순환선,일산,88,3,0,1
수도권제1순환선,일산,89,3,0,0
수도권제1순환선,일산,90,0,0,0
수도권제1순환선,일산,91,1,0,1
수도권제1순환선,일산,92,1,0,0
수도권제1순환선,일산,93,3,1,0
수도권제1순환선,일산,94,1,0,1
수도권제1순환선,일산,95,3,0,1
수도권제1순환선,일산,96,3,0,1
수도권제1순환선,일산,97,2,0,1
수도권제1순환선,일산,98,1,1,0
수도권제1순환선,일산,99,1,0,1
수도권제1순환선,일산,100,0,0,0
수도권제1순환선,일산,101,0,0,0
수도권제1순환선,일산,102,1,0,0
수도권제1순환선,일산,103,1,0,1
수도권제1순환선,일산,104,2,0,0
수도권제1순환선,일산,105,2,0,7
수도권제1순환선,일산,106,0,0,0
수도권제1순환선,일산,107,2,0,0
수도권제1순환선,일산,108,2,0,1
수도권제1순환선,일산,109,6,0,1
수도권제1순환선,일산,110,0,0,0
수도권제1순환선,일산,111,0,0,0
수도권제1순환선,일산,112,4,0,2
수도권제1순환선,일산,113,0,0,0
수도권제1순환선,일산,114,1,0,1
수도권제1순환선,일산,115,1,1,0
수도권제1순환선,일산,116,0,0,0
수도권제1순환선,일산,117,0,0,0
수도권제1순환선,일산,118,0,0,0
수도권제1순환선,일산,119,1,1,1
수도권제1순환선,일산,120,0,0,0
수도권제1순환선,일산,121,4,0,2
수도권제1순환선,일산,122,0,0,0
수도권제1순환선,일산,123,0,0,0
수도권제1순환선,일산,124,0,0,0
수도권제1순환선,일산,125,0,0,0
수도권제1순환선,일산,126,1,0,1
수도권제1순환선,일산,127,2,1,2
수도권제1순환선,퇴계원,0,1,1,0
수도권제1순환선,퇴계원,1,0,0,0
수도권제1순환선,퇴계원,2,1,0,1
수도권제1순환선,퇴계원,3,1,0,1
수도권제1순환선,퇴계원,4,1,0,1
수도권제1순환선,퇴계원,5,1,0,0
수도권제1순환선,퇴계원,6,0,0,0
수도권제1순환선,퇴계원,7,0,0,0
수도권제1순환선,퇴계원,8,1,0,1
수도권제1순환선,퇴계원,9,0,0,0
수도권제1순환선,퇴계원,10,0,0,0
수도권제1순환선,퇴계원,11,0,0,0
수도권제1순환선,퇴계원,12,2,0,1
수도권제1순환선,퇴계원,13,2,0,0
수도권제1순환선,퇴계원,14,0,0,0
수도권제1순환선,퇴계원,15,0,0,0
수도권제1순환선,퇴계원,16,0,0,0
수도권제1순환선,퇴계원,17,0,0,0
수도권제1순환선,퇴계원,18,1,1,0
수도권제1순환선,퇴계원,19,2,1,0
수도권제1순환선,퇴계원,20,1,0,0
수도권제1순환선,퇴계원,21,1,0,0
수도권제1순환선,퇴계원,22,3,1,2
수도권제1순환선,퇴계원,23,1,1,0
수도권제1순환선,퇴계원,24,2,0,0
수도권제1순환선,퇴계원,25,1,0,0
수도권제1순환선,퇴계원,26,1,0,1
수도권제1순환선,퇴계원,27,1,0,1
수도권제1순환선,퇴계원,28,0,0,0
수도권제1순환선,퇴계원,29,1,1,0
수도권제1순환선,퇴계원,30,0,0,0
수도권제1순환선,퇴계원,31,1,0,0
수도권제1순환선,퇴계원,32,0,0,0
수도권제1순환선,퇴계원,33,2,0,1
수도권제1순환선,퇴계원,34,0,0,0
수도권제1순환선,퇴계원,35,0,0,0
수도권제1순환선,퇴계원,36,0,0,0
수도권제1순환선,퇴계원,37,0,0,0
수도권제1순환선,퇴계원,38,0,0,0
수도권제1순환선,퇴계원,39,0,0,0
수도권제1순환선,퇴계원,40,0,0,0
수도권제1순환선,퇴계원,41,0,0,0
수도권제1순환선,퇴계원,42,0,0,0
수도권제1순환선,퇴계원,43,0,0,0
수도권제1순환선,퇴계원,44,0,0,0
수도권제1순환선,퇴계원,45,0,0,0
수도권제1순환선,퇴계원,46,0,0,0
수도권제1순환선,퇴계원,47,0,0,0
수도권제1순환선,퇴계원,48,0,0,0
수도권제1순환선,퇴계원,49,0,0,0
수도권제1순환선,퇴계원,50,0,0,0
수도권제1순환선,퇴계원,51,0,0,0
수도권제1순환선,퇴계원,52,0,0,0
수도권제1순환선,퇴계원,53,0,0,0
수도권제1순환선,퇴계원,54,0,0,0
수도권제1순환선,퇴계원,55,0,0,0
수도권제1순환선,퇴계원,56,0,0,0
수도권제1순환선,퇴계원,57,0,0,0
수도권제1순환선,퇴계원,58,0,0,0
수도권제1순환선,퇴계원,59,0,0,0
수도권제1순환선,퇴계원,60,0,0,0
수도권제1순환선,퇴계원,61,0,0,0
수도권제1순환선,퇴계원,62,0,0,0
수도권제1순환선,퇴계원,63,0,0,0
수도권제1순환선,퇴계원,64,0,0,0
수도권제1순환선,퇴계원,65,0,0,0
수도권제1순환선,퇴계원,66,0,0,0
수도권제1순환선,퇴계원,67,0,0,0
수도권제1순환선,퇴계원,68,0,0,0
수도권제1순환선,퇴계원,69,0,0,0
수도권제1순환선,퇴계원,70,0,0,0
수도권제1순환선,퇴계원,71,0,0,0
수도권제1순환선,퇴계원,72,0,0,0
수도권제1순환선,퇴계원,73,0,0,0
수도권제1순환선,퇴계원,74,0,0,0
수도권제1순환선,퇴계원,75,0,0,0
수도권제1순환선,퇴계원,76,0,0,0
수도권제1순환선,퇴계원,77,0,0,0
수도권제1순환선,퇴계원,78,0,0,0
수도권제1순환선,퇴계원,79,0,0,0
수도권제1순환선,퇴계원,80,0,0,0
수도권제1순환선,퇴계원,81,0,0,0
수도권제1순환선,퇴계원,82,0,0,0
수도권제1순환선,퇴계원,83,0,0,0
수도권제1순환선,퇴계원,84,0,0,0
수도권제1순환선,퇴계원,85,0,0,0
수도권제1순환선,퇴계원,86,0,0,0
수도권제1순환선,퇴계원,87,0,0,0
수도권제1순환선,퇴계원,88,0,0,0
수도권제1순환선,퇴계원,89,0,0,0
수도권제1순환선,퇴계원,90,0,0,0
수도권제1순환선,퇴계원,91,0,0,0
수도권제1순환선,퇴계원,92,0,0,0
수도권제1순환선,퇴계원,93,0,0,0
수도권제1순환선,퇴계원,94,0,0,0
수도권제1순환선,퇴계원,95,0,0,0
수도권제1순환선,퇴계원,96,0,0,0
수도권제1순환선,퇴계원,97,0,0,0
수도권제1순환선,퇴계원,98,0,0,0
수도권제1순환선,퇴계원,99,0,0,0
수도권제1순환선,퇴계원,100,0,0,0
수도권제1순환선,퇴계원,101,0,0,0
수도권제1순환선,퇴계원,102,0,0,0
수도권제1순환선,퇴계원,103,0,0,0
수도권제1순환선,퇴계원,104,0,0,0
수도권제1순환선,퇴계원,105,0,0,0
수도권제1순환선,퇴계원,106,0,0,0
수도권제1순환선,퇴계원,107,0,0,0
수도권제1순환선,퇴계원,108,0,0,0
수도권제1순환선,퇴계원,109,0,0,0
수도권제1순환선,퇴계원,110,0,0,0
수도권제1순환선,퇴계원,111,0,0,0
수도권제1순환선,퇴계원,112,0,0,0
수도권제1순환선,퇴계원,113,0,0,0
수도권제1순환선,퇴계원,114,0,0,0
수도권제1순환선,퇴계원,115,0,0,0
수도권제1순환선,퇴계원,116,0,0,0
수도권제1순환선,퇴계원,117,0,0,0
수도권제1순환선,퇴계원,118,0,0,0
수도권제1순환선,퇴계원,119,0,0,0
수도권제1순환선,퇴계원,120,0,0,0
수도권제1순환선,퇴계원,121,0,0,0
수도권제1순환선,퇴계원,122,0,0,0
수도권제1순환선,퇴계원,123,0,0,0
수도권제1순환선,퇴계원,124,0,0,0
수도권제1순환선,퇴계원,125,0,0,0
수도권제1순환선,퇴계원,126,0,0,0
수도권제1순환선,퇴계원,127,0,0,0
수도권제1순환선,판교,0,0,0,0
수도권제1순환선,판교,1,1,0,1
수도권제1순환선,판교,2,0,0,0
수도권제1순환선,판교,3,0,0,0
수도권제1순환선,판교,4,3,0,2
수도권제1순환선,판교,5,4,0,1
수도권제1순환선,판교,6,1,0,1
수도권제1순환선,판교,7,1,0,1
수도권제1순환선,판교,8,0,0,0
수도권제1순환선,판교,9,0,0,0
수도권제1순환선,판교,10,0,0,0
수도권제1순환선,판교,11,0,0,0
수도권제1순환선,판교,12,0,0,0
수도권제1순환선,판교,13,1,1,0
수도권제1순환선,판교,14,0,0,0
수도권제1순환선,판교,15,0,0,0
수도권제1순환선,판교,16,1,0,1
수도권제1순환선,판교,17,0,0,0
수도권제1순환선,판교,18,0,0,0
수도권제1순환선,판교,19,1,0,1
수도권제1순환선,판교,20,1,1,0
수도권제1순환선,판교,21,0,0,0
수도권제1순환선,판교,22,3,1,0
수도권제1순환선,판교,23,1,0,1
수도권제1순환선,판교,24,2,1,0
수도권제1순환선,판교,25,1,0,0
수도권제1순환선,판교,26,2,1,1
수도권제1순환선,판교,27,2,0,2
수도권제1순환선,판교,28,1,0,1
수도권제1순환선,판교,29,1,0,0
수도권제1순환선,판교,30,1,0,0
수도권제1순환선,판교,31,0,0,0
수도권제1순환선,판교,32,0,0,0
수도권제1순환선,판교,33,1,0,1
수도권제1순환선,판교,34,0,0,0
수도권제1순환선,판교,35,0,0,0
수도권제1순환선,판교,36,0,0,0
수도권제1순환선,판교,37,0,0,0
수도권제1순환선,판교,38,0,0,0
수도권제1순환선,판교,39,0,0,0
수도권제1순환선,판교,40,0,0,0
수도권제1순환선,판교,41,0,0,0
수도권제1순환선,판교,42,0,0,0
수도권제1순환선,판교,43,0,0,0
수도권제1순환선,판교,44,0,0,0
수도권제1순환선,판교,45,0,0,0
수도권제1순환선,판교,46,0,0,0
수도권제1순환선,판교,47,0,0,0
수도권제1순환선,판교,48,0,0,0
수도권제1순환선,판교,49,0,0,0
수도권제1순환선,판교,50,0,0,0
수도권제1순환선,판교,51,0,0,0
수도권제1순환선,판교,52,0,0,0
수도권제1순환선,판교,53,0,0,0
수도권제1순환선,판교,54,0,0,0
수도권제1순환선,판교,55,0,0,0
수도권제1순환선,판교,56,0,0,0
수도권제1순환선,판교,57,0,0,0
수도권제1순환선,판교,58,0,0,0
수도권제1순환선,판교,59,0,0,0
수도권제1순환선,판교,60,0,0,0
수도권제1순환선,판교,61,0,0,0
수도권제1순환선,판교,62,0,0,0
수도권제1순환선,판교,63,0,0,0
수도권제1순환선,판교,64,0,0,0
수도권제1순환선,판교,65,0,0,0
수도권제1순환선,판교,66,0,0,0
수도권제1순환선,판교,67,0,0,0
수도권제1순환선,판교,68,0,0,0
수도권제1순환선,판교,69,0,0,0
수도권제1순환선,판교,70,0,0,0
수도권제1순환선,판교,71,2,0,0
수도권제1순환선,판교,72,0,0,0
수도권제1순환선,판교,73,0,0,0
수도권제1순환선,판교,74,0,0,0
수도권제1순환선,판교,75,0,0,0
수도권제1순환선,판교,76,2,0,0
수도권제1순환선,판교,77,0,0,0
수도권제1순환선,판교,78,0,0,0
수도권제1순환선,판교,79,0,0,0
수도권제1순환선,판교,80,0,0,0
수도권제1순환선,판교,81,2,0,0
수도권제1순환선,판교,82,0,0,0
수도권제1순환선,판교,83,2,0,1
수도권제1순환선,판교,84,0,0,0
수도권제1순환선,판교,85,1,0,0
수도권제1순환선,판교,86,0,0,0
수도권제1순환선,판교,87,0,0,0
수도권제1순환선,판교,88,2,0,0
수도권제1순환선,판교,89,1,0,2
수도권제1순환선,판교,90,2,0,1
수도권제1순환선,판교,91,0,0,0
수도권제1순환선,판교,92,0,0,0
수도권제1순환선,판교,93,0,0,0
수도권제1순환선,판교,94,4,0,1
수도권제1순환선,판교,95,1,0,0
수도권제1순환선,판교,96,2,0,1
수도권제1순환선,판교,97,1,0,0
수도권제1순환선,판교,98,0,0,0
수도권제1순환선,판교,99,0,0,0
수도권제1순환선,판교,100,0,0,0
수도권제1순환선,판교,101,0,0,0
수도권제1순환선,판교,102,0,0,0
수도권제1순환선,판교,103,1,0,0
수도권제1순환선,판교,104,1,0,2
수도권제1순환선,판교,105,3,0,0
수도권제1순환선,판교,106,0,0,0
수도권제1순환선,판교,107,0,0,0
수도권제1순환선,판교,108,2,0,1
수도권제1순환선,판교,109,1,0,0
수도권제1순환선,판교,110,0,0,0
수도권제1순환선,판교,111,0,0,0
수도권제1순환선,판교,112,2,0,1
수도권제1순환선,판교,113,0,0,0
수도권제1순환선,판교,114,1,0,1
수도권제1순환선,판교,115,1,0,0
수도권제1순환선,판교,116,1,0,0
수도권제1순환선,판교,117,1,0,1
수도권제1순환선,판교,118,0,0,0
수도권제1순환선,판교,119,2,2,0
수도권제1순환선,판교,120,1,0,0
수도권제1순환선,판교,121,3,0,4
수도권제1순환선,판교,122,1,0,1
수도권제1순환선,판교,123,0,0,0
수도권제1순환선,판교,124,0,0,0
수도권제1순환선,판교,125,0,0,0
수도권제1순환선,판교,126,0,0,0
수도권제1순환선,판교,127,0,0,0
수도권제2순환선,양평,281,0,0,0
수도권제2순환선,양평,282,0,0,0
수도권제2순환선,양평,283,0,0,0
수도권제2순환선,양평,284,0,0,0
수도권제2순환선,양평,285,0,0,0
수도권제2순환선,양평,286,0,0,0
수도권제2순환선,양평,287,0,0,0
수도권제2순환선,양평,288,0,0,0
수도권제2순환선,양평,289,0,0,0
수도권제2순환선,양평,290,0,0,0
수도권제2순환선,양평,291,0,0,0
수도권제2순환선,양평,292,0,0,0
수도권제2순환선,양평,293,0,0,0
수도권제2순환선,양평,294,0,0,0
수도권제2순환선,양평,295,0,0,0
수도권제2순환선,양평,296,0,0,0
수도권제2순환선,양평,297,0,0,0
수도권제2순환선,양평,298,0,0,0
수도권제2순환선,양평,299,0,0,0
수도권제2순환선,양평,300,0,0,0
수도권제2순환선,양평,301,0,0,0
수도권제2순환선,양평,302,0,0,0
수도권제2순환선,양평,303,0,0,0
수도권제2순환선,양평,304,0,0,0
수도권제2순환선,양평,305,1,1,0
수도권제2순환선,양평,306,0,0,0
수도권제2순환선,양평,307,0,0,0
수도권제2순환선,양평,308,0,0,0
수도권제2순환선,양평,309,0,0,0
수도권제2순환선,양평,310,0,0,0
수도권제2순환선,양평,311,0,0,0
수도권제2순환선,양평,312,0,0,0
수도권제2순환선,양평,313,0,0,0
수도권제2순환선,양평,314,0,0,0
수도권제2순환선,양평,315,0,0,0
수도권제2순환선,양평,316,0,0,0
수도권제2순환선,양평,317,0,0,0
수도권제2순환선,양평,318,0,0,0
수도권제2순환선,창원,281,1,0,1
수도권제2순환선,창원,282,0,0,0
수도권제2순환선,창원,283,0,0,0
수도권제2순환선,창원,284,0,0,0
수도권제2순환선,창원,285,0,0,0
수도권제2순환선,창원,286,0,0,0
수도권제2순환선,창원,287,0,0,0
수도권제2순환선,창원,288,0,0,0
수도권제2순환선,창원,289,0,0,0
수도권제2순환선,창원,290,0,0,0
수도권제2순환선,창원,291,0,0,0
수도권제2순환선,창원,292,0,0,0
수도권제2순환선,창원,293,0,0,0
수도권제2순환선,창원,294,0,0,0
수도권제2순환선,창원,295,0,0,0
수도권제2순환선,창원,296,0,0,0
수도권제2순환선,창원,297,0,0,0
수도권제2순환선,창원,298,0,0,0
수도권제2순환선,창원,299,0,0,0
수도권제2순환선,창원,300,0,0,0
수도권제2순환선,창원,301,0,0,0
수도권제2순환선,창원,302,0,0,0
수도권제2순환선,창원,303,0,0,0
수도권제2순환선,창원,304,0,0,0
수도권제2순환선,창원,305,0,0,0
수도권제2순환선,창원,306,0,0,0
수도권제2순환선,창원,307,0,0,0
수도권제2순환선,창원,308,0,0,0
수도권제2순환선,창원,309,0,0,0
수도권제2순환선,창원,310,0,0,0
수도권제2순환선,창원,311,0,0,0
수도권제2순환선,창원,312,0,0,0
수도권제2순환선,창원,313,0,0,0
수도권제2순환선,창원,314,0,0,0
수도권제2순환선,창원,315,0,0,0
수도권제2순환선,창원,316,0,0,0
수도권제2순환선,창원,317,0,0,0
수도권제2순환선,창원,318,0,0,0
수도권제2순환선,화도,281,0,0,0
수도권제2순환선,화도,282,0,0,0
수도권제2순환선,화도,283,0,0,0
수도권제2순환선,화도,284,0,0,0
수도권제2순환선,화도,285,0,0,0
수도권제2순환선,화도,286,0,0,0
수도권제2순환선,화도,287,0,0,0
수도권제2순환선,화도,288,1,0,0
수도권제2순환선,화도,289,0,0,0
수도권제2순환선,화도,290,0,0,0
수도권제2순환선,화도,291,0,0,0
수도권제2순환선,화도,292,0,0,0
수도권제2순환선,화도,293,0,0,0
수도권제2순환선,화도,294,0,0,0
수도권제2순환선,화도,295,0,0,0
수도권제2순환선,화도,296,0,0,0
수도권제2순환선,화도,297,0,0,0
수도권제2순환선,화도,298,0,0,0
수도권제2순환선,화도,299,0,0,0
수도권제2순환선,화도,300,0,0,0
수도권제2순환선,화도,301,0,0,0
수도권제2순환선,화도,302,0,0,0
수도권제2순환선,화도,303,0,0,0
수도권제2순환선,화도,304,0,0,0
수도권제2순환선,화도,305,0,0,0
수도권제2순환선,화도,306,0,0,0
수도권제2순환선,화도,307,0,0,0
수도권제2순환선,화도,308,1,0,0
수도권제2순환선,화도,309,0,0,0
수도권제2순환선,화도,310,0,0,0
수도권제2순환선,화도,311,0,0,0
수도권제2순환선,화도,312,0,0,0
수도권제2순환선,화도,313,1,0,0
수도권제2순환선,화도,314,0,0,0
수도권제2순환선,화도,315,0,0,0
수도권제2순환선,화도,316,0,0,0
수도권제2순환선,화도,317,0,0,0
수도권제2순환선,화도,318,2,0,0
순천완주선,순천,5,2,0,0
순천완주선,순천,6,1,0,1
순천완주선,순천,7,0,0,0
순천완주선,순천,8,1,0,0
순천완주선,순천,9,1,0,0
순천완주선,순천,10,2,0,1
순천완주선,순천,11,0,0,0
순천완주선,순천,12,0,0,0
순천완주선,순천,13,0,0,0
순천완주선,순천,14,0,0,0
순천완주선,순천,15,0,0,0
순천완주선,순천,16,1,0,1
순천완주선,순천,17,0,0,0
순천완주선,순천,18,1,0,0
순천완주선,순천,19,0,0,0
순천완주선,순천,20,0,0,0
순천완주선,순천,21,0,0,0
순천완주선,순천,22,0,0,0
순천완주선,순천,23,1,0,0
순천완주선,순천,24,0,0,0
순천완주선,순천,25,0,0,0
순천완주선,순천,26,0,0,0
순천완주선,순천,27,1,0,2
순천완주선,순천,28,0,0,0
순천완주선,순천,29,0,0,0
순천완주선,순천,30,0,0,0
순천완주선,순천,31,0,0,0
순천완주선,순천,32,3,0,4
순천완주선,순천,33,0,0,0
순천완주선,순천,34,0,0,0
순천완주선,순천,35,0,0,0
순천완주선,순천,36,0,0,0
순천완주선,순천,37,2,0,1
순천완주선,순천,38,0,0,0
순천완주선,순천,39,1,0,1
순천완주선,순천,40,0,0,0
순천완주선,순천,41,2,0,0
순천완주선,순천,42,1,0,0
순천완주선,순천,43,0,0,0
순천완주선,순천,44,0,0,0
순천완주선,순천,45,0,0,0
순천완주선,순천,46,0,0,0
순천완주선,순천,47,1,0,0
순천완주선,순천,48,0,0,0
순천완주선,순천,49,0,0,0
순천완주선,순천,50,0,0,0
순천완주선,순천,51,0,0,0
순천완주선,순천,52,3,0,1
순천완주선,순천,53,0,0,0
순천완주선,순천,54,0,0,0
순천완주선,순천,55,0,0,0
순천완주선,순천,56,0,0,0
순천완주선,순천,57,1,0,0
순천완주선,순천,58,1,0,0
순천완주선,순천,59,0,0,0
순천완주선,순천,60,0,0,0
순천완주선,순천,61,1,0,1
순천완주선,순천,62,0,0,0
순천완주선,순천,63,0,0,0
순천완주선,순천,64,0,0,0
순천완주선,순천,65,0,0,0
순천완주선,순천,66,0,0,0
순천완주선,순천,67,0,0,0
순천완주선,순천,68,0,0,0
순천완주선,순천,69,1,0,0
순천완주선,순천,70,0,0,0
순천완주선,순천,71,0,0,0
순천완주선,순천,72,0,0,0
순천완주선,순천,73,0,0,0
순천완주선,순천,74,0,0,0
순천완주선,순천,75,1,0,1
순천완주선,순천,76,0,0,0
순천완주선,순천,77,1,0,0
순천완주선,순천,78,1,0,0
순천완주선,순천,79,1,0,0
순천완주선,순천,80,1,0,1
순천완주선,순천,81,0,0,0
순천완주선,순천,82,0,0,0
순천완주선,순천,83,1,0,0
순천완주선,순천,84,0,0,0
순천완주선,순천,85,0,0,0
순천완주선,순천,86,2,0,0
순천완주선,순천,87,1,0,1
순천완주선,순천,88,0,0,0
순천완주선,순천,89,1,1,0
순천완주선,순천,90,0,0,0
순천완주선,순천,91,0,0,0
순천완주선,순천,92,1,0,0
순천완주선,순천,93,2,0,1
순천완주선,순천,94,0,0,0
순천완주선,순천,95,1,0,0
순천완주선,순천,96,0,0,0
순천완주선,순천,97,1,0,0
순천완주선,순천,98,1,0,1
순천완주선,순천,99,1,0,0
순천완주선,순천,100,3,0,0
순천완주선,순천,101,0,0,0
순천완주선,순천,102,0,0,0
순천완주선,순천,103,0,0,0
순천완주선,순천,104,1,0,0
순천완주선,순천,105,0,0,0
순천완주선,순천,106,1,0,0
순천완주선,순천,107,0,0,0
순천완주선,순천,108,0,0,0
순천완주선,순천,109,1,0,1
순천완주선,순천,110,0,0,0
순천완주선,순천,111,0,0,0
순천완주선,순천,112,0,0,0
순천완주선,순천,113,0,0,0
순천완주선,순천,114,1,0,0
순천완주선,순천,115,0,0,0
순천완주선,순천,116,0,0,0
순천완주선,순천,117,0,0,0
순천완주선,완주,5,1,0,0
순천완주선,완주,6,0,0,0
순천완주선,완주,7,0,0,0
순천완주선,완주,8,0,0,0
순천완주선,완주,9,0,0,0
순천완주선,완주,10,0,0,0
순천완주선,완주,11,0,0,0
순천완주선,완주,12,0,0,0
순천완주선,완주,13,1,0,0
순천완주선,완주,14,1,1,1
순천완주선,완주,15,0,0,0
순천완주선,완주,16,0,0,0
순천완주선,완주,17,2,0,3
순천완주선,완주,18,1,0,1
순천완주선,완주,19,1,0,0
순천완주선,완주,20,0,0,0
순천완주선,완주,21,1,0,0
순천완주선,완주,22,1,0,1
순천완주선,완주,23,2,0,0
순천완주선,완주,24,1,0,0
순천완주선,완주,25,0,0,0
순천완주선,완주,26,0,0,0
순천완주선,완주,27,0,0,0
순천완주선,완주,28,0,0,0
순천완주선,완주,29,0,0,0
순천완주선,완주,30,1,0,0
순천완주선,완주,31,0,0,0
순천완주선,완주,32,0,0,0
순천완주선,완주,33,0,0,0
순천완주선,완주,34,1,0,0
순천완주선,완주,35,0,0,0
순천완주선,완주,36,0,0,0
순천완주선,완주,37,2,0,0
순천완주선,완주,38,2,0,0
순천완주선,완주,39,0,0,0
순천완주선,완주,40,0,0,0
순천완주선,완주,41,0,0,0
순천완주선,완주,42,0,0,0
순천완주선,완주,43,0,0,0
순천완주선,완주,44,0,0,0
순천완주선,완주,45,1,0,0
순천완주선,완주,46,1,0,1
순천완주선,완주,47,1,0,1
순천완주선,완주,48,0,0,0
순천완주선,완주,49,0,0,0
순천완주선,완주,50,0,0,0
순천완주선,완주,51,0,0,0
순천완주선,완주,52,1,0,0
순천완주선,완주,53,0,0,0
순천완주선,완주,54,0,0,0
순천완주선,완주,55,0,0,0
순천완주선,완주,56,1,0,1
순천완주선,완주,57,1,0,0
순천완주선,완주,58,1,0,1
순천완주선,완주,59,0,0,0
순천완주선,완주,60,1,0,0
순천완주선,완주,61,0,0,0
순천완주선,완주,62,0,0,0
순천완주선,완주,63,0,0,0
순천완주선,완주,64,0,0,0
순천완주선,완주,65,1,0,0
순천완주선,완주,66,0,0,0
순천완주선,완주,67,0,0,0
순천완주선,완주,68,0,0,0
순천완주선,완주,69,0,0,0
순천완주선,완주,70,0,0,0
순천완주선,완주,71,1,0,2
순천완주선,완주,72,1,0,0
순천완주선,완주,73,2,0,0
순천완주선,완주,74,0,0,0
순천완주선,완주,75,1,0,0
순천완주선,완주,76,1,0,0
순천완주선,완주,77,1,0,1
순천완주선,완주,78,1,0,0
순천완주선,완주,79,2,0,0
순천완주선,완주,80,0,0,0
순천완주선,완주,81,1,0,0
순천완주선,완주,82,0,0,0
순천완주선,완주,83,0,0,0
순천완주선,완주,84,0,0,0
순천완주선,완주,85,0,0,0
순천완주선,완주,86,0,0,0
순천완주선,완주,87,0,0,0
순천완주선,완주,88,1,0,0
순천완주선,완주,89,0,0,0
순천완주선,완주,90,3,0,5
순천완주선,완주,91,0,0,0
순천완주선,완주,92,0,0,0
순천완주선,완주,93,0,0,0
순천완주선,완주,94,1,1,1
순천완주선,완주,95,0,0,0
순천완주선,완주,96,0,0,0
순천완주선,완주,97,0,0,0
순천완주선,완주,98,2,0,2
순천완주선,완주,99,1,0,0
순천완주선,완주,100,0,0,0
순천완주선,완주,101,0,0,0
순천완주선,완주,102,0,0,0
순천완주선,완주,103,2,0,0
순천완주선,완주,104,0,0,0
순천완주선,완주,105,0,0,0
순천완주선,완주,106,0,0,0
순천완주선,완주,107,0,0,0
순천완주선,완주,108,0,0,0
순천완주선,완주,109,0,0,0
순천완주선,완주,110,0,0,0
순천완주선,완주,111,0,0,0
순천완주선,완주,112,1,0,1
순천완주선,완주,113,1,0,1
순천완주선,완주,114,3,0,1
순천완주선,완주,115,1,0,5
순천완주선,완주,116,0,0,0
순천완주선,완주,117,3,1,0
영동선,강릉,0,0,0,0
영동선,강릉,1,1,0,0
영동선,강릉,2,0,0,0
영동선,강릉,3,0,0,0
영동선,강릉,4,0,0,0
영동선,강릉,5,0,0,0
영동선,강릉,6,0,0,0
영동선,강릉,7,0,0,0
영동선,강릉,8,0,0,0
영동선,강릉,9,0,0,0
영동선,강릉,10,0,0,0
영동선,강릉,11,0,0,0
영동선,강릉,12,1,1,0
영동선,강릉,13,0,0,0
영동선,강릉,14,2,1,1
영동선,강릉,15,0,0,0
영동선,강릉,16,2,0,0
영동선,강릉,17,1,0,1
영동선,강릉,18,0,0,0
영동선,강릉,19,0,0,0
영동선,강릉,20,1,0,1
영동선,강릉,21,0,0,0
영동선,강릉,22,1,0,0
영동선,강릉,23,0,0,0
영동선,강릉,24,0,0,0
영동선,강릉,25,0,0,0
영동선,강릉,26,1,0,0
영동선,강릉,27,0,0,0
영동선,강릉,28,0,0,0
영동선,강릉,29,0,0,0
영동선,강릉,30,1,0,1
영동선,강릉,31,0,0,0
영동선,강릉,32,0,0,0
영동선,강릉,33,0,0,0
영동선,강릉,34,0,0,0
영동선,강릉,35,1,0,0
영동선,강릉,36,0,0,0
영동선,강릉,37,2,1,2
영동선,강릉,38,0,0,0
영동선,강릉,39,1,0,0
영동선,강릉,40,0,0,0
영동선,강릉,41,0,0,0
영동선,강릉,42,1,0,0
영동선,강릉,43,1,1,0
영동선,강릉,44,0,0,0
영동선,강릉,45,1,0,1
영동선,강릉,46,0,0,0
영동선,강릉,47,0,0,0
영동선,강릉,48,2,0,0
영동선,강릉,49,0,0,0
영동선,강릉,50,0,0,0
영동선,강릉,51,0,0,0
영동선,강릉,52,2,0,1
영동선,강릉,53,2,0,1
영동선,강릉,54,0,0,0
영동선,강릉,55,1,0,0
영동선,강릉,56,0,0,0
영동선,강릉,57,3,1,0
영동선,강릉,58,2,0,1
영동선,강릉,59,0,0,0
영동선,강릉,60,0,0,0
영동선,강릉,61,1,3,0
영동선,강릉,62,1,0,1
영동선,강릉,63,1,0,1
영동선,강릉,64,1,0,3
영동선,강릉,65,1,1,0
영동선,강릉,66,0,0,0
영동선,강릉,67,0,0,0
영동선,강릉,68,0,0,0
영동선,강릉,69,0,0,0
영동선,강릉,70,1,0,0
영동선,강릉,71,1,0,0
영동선,강릉,72,3,0,2
영동선,강릉,73,4,0,3
영동선,강릉,74,2,1,1
영동선,강릉,75,1,0,1
영동선,강릉,76,0,0,0
영동선,강릉,77,0,0,0
영동선,강릉,78,1,0,2
영동선,강릉,79,5,1,3
영동선,강릉,80,0,0,0
영동선,강릉,81,0,0,0
영동선,강릉,82,2,0,0
영동선,강릉,83,0,0,0
영동선,강릉,84,0,0,0
영동선,강릉,85,0,0,0
영동선,강릉,86,0,0,0
영동선,강릉,87,3,0,3
영동선,강릉,88,0,0,0
영동선,강릉,89,0,0,0
영동선,강릉,90,0,0,0
영동선,강릉,91,1,1,2
영동선,강릉,92,1,0,2
영동선,강릉,93,1,1,0
영동선,강릉,94,1,0,1
영동선,강릉,95,0,0,0
영동선,강릉,96,0,0,0
영동선,강릉,97,0,0,0
영동선,강릉,98,0,0,0
영동선,강릉,99,1,0,0
영동선,강릉,100,2,0,1
영동선,강릉,101,1,0,0
영동선,강릉,102,1,0,1
영동선,강릉,103,0,0,0
영동선,강릉,104,1,0,0
영동선,강릉,105,1,0,0
영동선,강릉,106,0,0,0
영동선,강릉,107,1,0,1
영동선,강릉,108,0,0,0
영동선,강릉,109,0,0,0
영동선,강릉,110,1,0,1
영동선,강릉,111,1,0,0
영동선,강릉,112,0,0,0
영동선,강릉,113,0,0,0
영동선,강릉,114,0,0,0
영동선,강릉,115,0,0,0
영동선,강릉,116,0,0,0
영동선,강릉,117,1,0,0
영동선,강릉,118,2,0,2
영동선,강릉,119,0,0,0
영동선,강릉,120,0,0,0
영동선,강릉,121,0,0,0
영동선,강릉,122,0,0,0
영동선,강릉,123,0,0,0
영동선,강릉,124,1,0,0
영동선,강릉,125,0,0,0
영동선,강릉,126,1,0,0
영동선,강릉,127,0,0,0
영동선,강릉,128,0,0,0
영동선,강릉,129,1,0,2
영동선,강릉,130,0,0,0
영동선,강릉,131,1,0,2
영동선,강릉,132,2,0,0
영동선,강릉,133,1,0,0
영동선,강릉,134,2,0,0
영동선,강릉,135,2,0,2
영동선,강릉,136,0,0,0
영동선,강릉,137,1,0,0
영동선,강릉,138,0,0,0
영동선,강릉,139,0,0,0
영동선,강릉,140,0,0,0
영동선,강릉,141,0,0,0
영동선,강릉,142,0,0,0
영동선,강릉,143,0,0,0
영동선,강릉,144,0,0,0
영동선,강릉,145,0,0,0
영동선,강릉,146,0,0,0
영동선,강릉,147,2,0,1
영동선,강릉,148,0,0,0
영동선,강릉,149,0,0,0
영동선,강릉,150,1,0,2
영동선,강릉,151,0,0,0
영동선,강릉,152,2,1,4
영동선,강릉,153,1,0,0
영동선,강릉,154,1,0,0
영동선,강릉,155,2,0,0
영동선,강릉,156,1,0,0
영동선,강릉,157,0,0,0
영동선,강릉,158,0,0,0
영동선,강릉,159,0,0,0
영동선,강릉,160,1,0,1
영동선,강릉,161,0,0,0
영동선,강릉,162,0,0,0
영동선,강릉,163,0,0,0
영동선,강릉,164,2,0,3
영동선,강릉,165,0,0,0
영동선,강릉,166,0,0,0
영동선,강릉,167,0,0,0
영동선,강릉,168,1,0,0
영동선,강릉,169,1,0,0
영동선,강릉,170,0,0,0
영동선,강릉,171,0,0,0
영동선,강릉,172,0,0,0
영동선,강릉,173,0,0,0
영동선,강릉,174,0,0,0
영동선,강릉,175,1,0,1
영동선,강릉,176,0,0,0
영동선,강릉,177,1,1,0
영동선,강릉,178,0,0,0
영동선,강릉,179,2,0,2
영동선,강릉,180,0,0,0
영동선,강릉,181,3,0,4
영동선,강릉,182,0,0,0
영동선,강릉,183,0,0,0
영동선,강릉,184,0,0,0
영동선,강릉,185,1,0,0
영동선,강릉,186,0,0,0
영동선,강릉,187,0,0,0
영동선,강릉,188,0,0,0
영동선,강릉,189,0,0,0
영동선,강릉,190,1,0,1
영동선,강릉,191,0,0,0
영동선,강릉,192,4,0,2
영동선,강릉,193,0,0,0
영동선,강릉,194,2,0,2
영동선,강릉,195,3,0,2
영동선,강릉,196,1,0,4
영동선,강릉,197,2,0,2
영동선,강릉,198,0,0,0
영동선,강릉,199,0,0,0
영동선,강릉,200,3,0,3
영동선,강릉,201,0,0,0
영동선,강릉,202,1,1,1
영동선,강릉,203,0,0,0
영동선,강릉,204,0,0,0
영동선,강릉,205,1,0,1
영동선,강릉,206,0,0,0
영동선,강릉,207,1,0,1
영동선,강릉,208,0,0,0
영동선,강릉,209,4,1,4
영동선,강릉,210,0,0,0
영동선,강릉,211,4,0,6
영동선,강릉,212,2,0,1
영동선,강릉,213,0,0,0
영동선,강릉,214,1,0,1
영동선,강릉,215,0,0,0
영동선,강릉,216,0,0,0
영동선,강릉,217,1,0,2
영동선,강릉,218,0,0,0
영동선,강릉,219,0,0,0
영동선,강릉,220,2,0,3
영동선,강릉,221,2,0,1
영동선,강릉,222,0,0,0
영동선,강릉,223,0,0,0
영동선,강릉,224,0,0,0
영동선,강릉,225,0,0,0
영동선,강릉,226,1,0,1
영동선,강릉,227,2,0,1
영동선,강릉,228,0,0,0
영동선,강릉,229,0,0,0
영동선,강릉,230,0,0,0
영동선,강릉,231,0,0,0
영동선,강릉,232,2,0,4
영동선,강릉,233,1,0,1
영동선,강릉,234,1,0,1
영동선,강릉,235,0,0,0
영동선,강릉,236,0,0,0
영동선,강릉,237,0,0,0
영동선,강릉,238,0,0,0
영동선,강릉,239,0,0,0
영동선,강릉,240,0,0,0
영동선,강릉,241,0,0,0
영동선,강릉,242,0,0,0
영동선,강릉,243,0,0,0
영동선,강릉,244,0,0,0
영동선,강릉,245,0,0,0
영동선,강릉,246,0,0,0
영동선,강릉,247,0,0,0
영동선,강릉,248,0,0,0
영동선,강릉,249,0,0,0
영동선,강릉,250,0,0,0
영동선,강릉,251,0,0,0
영동선,강릉,252,0,0,0
영동선,강릉,253,0,0,0
영동선,강릉,254,0,0,0
영동선,강릉,255,0,0,0
영동선,강릉,256,0,0,0
영동선,강릉,257,0,0,0
영동선,강릉,258,0,0,0
영동선,강릉,259,0,0,0
영동선,강릉,260,0,0,0
영동선,강릉,261,0,0,0
영동선,강릉,262,0,0,0
영동선,강릉,263,0,0,0
영동선,강릉,264,0,0,0
영동선,강릉,265,0,0,0
영동선,강릉,266,0,0,0
영동선,강릉,267,0,0,0
영동선,강릉,268,0,0,0
영동선,강릉,269,0,0,0
영동선,강릉,270,0,0,0
영동선,강릉,271,0,0,0
영동선,강릉,272,0,0,0
영동선,강릉,273,0,0,0
영동선,강릉,274,0,0,0
영동선,강릉,275,0,0,0
영동선,강릉,276,0,0,0
영동선,강릉,277,0,0,0
영동선,강릉,278,0,0,0
영동선,강릉,279,0,0,0
영동선,강릉,280,0,0,0
영동선,강릉,281,0,0,0
영동선,강릉,282,0,0,0
영동선,강릉,283,0,0,0
영동선,강릉,284,0,0,0
영동선,강릉,285,0,0,0
영동선,강릉,286,0,0,0
영동선,강릉,287,0,0,0
영동선,강릉,288,0,0,0
영동선,강릉,289,0,0,0
영동선,강릉,290,0,0,0
영동선,강릉,291,0,0,0
영동선,강릉,292,0,0,0
영동선,강릉,293,0,0,0
영동선,강릉,294,0,0,0
영동선,강릉,295,0,0,0
영동선,강릉,296,0,0,0
영동선,강릉,297,0,0,0
영동선,강릉,298,0,0,0
영동선,강릉,299,0,0,0
영동선,강릉,300,0,0,0
영동선,강릉,301,0,0,0
영동선,강릉,302,0,0,0
영동선,강릉,303,0,0,0
영동선,강릉,304,0,0,0
영동선,강릉,305,0,0,0
영동선,강릉,306,0,0,0
영동선,강릉,307,0,0,0
영동선,강릉,308,0,0,0
영동선,강릉,309,0,0,0
영동선,강릉,310,0,0,0
영동선,강릉,311,0,0,0
영동선,강릉,312,0,0,0
영동선,강릉,313,0,0,0
영동선,강릉,314,0,0,0
영동선,강릉,315,0,0,0
영동선,강릉,316,0,0,0
영동선,강릉,317,0,0,0
영동선,강릉,318,0,0,0
영동선,인천,0,3,0,2
영동선,인천,1,2,1,0
영동선,인천,2,1,0,2
영동선,인천,3,0,0,0
영동선,인천,4,0,0,0
영동선,인천,5,0,0,0
영동선,인천,6,2,0,1
영동선,인천,7,0,0,0
영동선,인천,8,0,0,0
영동선,인천,9,0,0,0
영동선,인천,10,2,0,2
영동선,인천,11,1,1,0
영동선,인천,12,1,0,0
영동선,인천,13,0,0,0
영동선,인천,14,3,0,4
영동선,인천,15,0,0,0
영동선,인천,16,1,0,0
영동선,인천,17,2,0,0
영동선,인천,18,1,0,0
영동선,인천,19,0,0,0
영동선,인천,20,1,0,0
영동선,인천,21,2,0,0
영동선,인천,22,4,2,2
영동선,인천,23,3,0,1
영동선,인천,24,0,0,0
영동선,인천,25,0,0,0
영동선,인천,26,0,0,0
영동선,인천,27,0,0,0
영동선,인천,28,0,0,0
영동선,인천,29,1,1,0
영동선,인천,30,0,0,0
영동선,인천,31,0,0,0
영동선,인천,32,1,1,1
영동선,인천,33,0,0,0
영동선,인천,34,1,0,1
영동선,인천,35,2,0,1
영동선,인천,36,0,0,0
영동선,인천,37,3,1,0
영동선,인천,38,1,0,0
영동선,인천,39,1,0,0
영동선,인천,40,0,0,0
영동선,인천,41,0,0,0
영동선,인천,42,1,0,0
영동선,인천,43,0,0,0
영동선,인천,44,1,0,0
영동선,인천,45,0,0,0
영동선,인천,46,0,0,0
영동선,인천,47,0,0,0
영동선,인천,48,0,0,0
영동선,인천,49,2,1,1
영동선,인천,50,3,1,1
영동선,인천,51,3,0,2
영동선,인천,52,3,0,2
영동선,인천,53,3,0,0
영동선,인천,54,0,0,0
영동선,인천,55,0,0,0
영동선,인천,56,0,0,0
영동선,인천,57,3,0,3
영동선,인천,58,4,0,1
영동선,인천,59,5,0,2
영동선,인천,60,0,0,0
영동선,인천,61,1,0,0
영동선,인천,62,2,0,1
영동선,인천,63,1,0,0
영동선,인천,64,3,2,5
영동선,인천,65,2,1,1
영동선,인천,66,1,1,0
영동선,인천,67,1,0,1
영동선,인천,68,1,0,0
영동선,인천,69,0,0,0
영동선,인천,70,0,0,0
영동선,인천,71,1,0,1
영동선,인천,72,0,0,0
영동선,인천,73,1,0,4
영동선,인천,74,3,0,2
영동선,인천,75,1,1,0
영동선,인천,76,1,0,1
영동선,인천,77,0,0,0
영동선,인천,78,1,0,1
영동선,인천,79,3,1,3
영동선,인천,80,0,0,0
영동선,인천,81,0,0,0
영동선,인천,82,1,0,1
영동선,인천,83,1,0,0
영동선,인천,84,0,0,0
영동선,인천,85,3,0,4
영동선,인천,86,4,0,1
영동선,인천,87,0,0,0
영동선,인천,88,2,0,0
영동선,인천,89,1,0,0
영동선,인천,90,0,0,0
영동선,인천,91,0,0,0
영동선,인천,92,1,0,0
영동선,인천,93,0,0,0
영동선,인천,94,0,0,0
영동선,인천,95,4,2,4
영동선,인천,96,1,0,1
영동선,인천,97,0,0,0
영동선,인천,98,0,0,0
영동선,인천,99,0,0,0
영동선,인천,100,1,0,0
영동선,인천,101,0,0,0
영동선,인천,102,0,0,0
영동선,인천,103,0,0,0
영동선,인천,104,3,0,0
영동선,인천,105,0,0,0
영동선,인천,106,0,0,0
영동선,인천,107,1,1,1
영동선,인천,108,0,0,0
영동선,인천,109,0,0,0
영동선,인천,110,0,0,0
영동선,인천,111,2,0,2
영동선,인천,112,0,0,0
영동선,인천,113,1,0,1
영동선,인천,114,0,0,0
영동선,인천,115,0,0,0
영동선,인천,116,1,1,0
영동선,인천,117,0,0,0
영동선,인천,118,0,0,0
영동선,인천,119,0,0,0
영동선,인천,120,1,0,0
영동선,인천,121,1,0,1
영동선,인천,122,0,0,0
영동선,인천,123,0,0,0
영동선,인천,124,1,0,0
영동선,인천,125,0,0,0
영동선,인천,126,0,0,0
영동선,인천,127,0,0,0
영동선,인천,128,0,0,0
영동선,인천,129,1,0,1
영동선,인천,130,1,0,1
영동선,인천,131,0,0,0
영동선,인천,132,0,0,0
영동선,인천,133,1,0,0
영동선,인천,134,0,0,0
영동선,인천,135,2,0,1
영동선,인천,136,2,0,0
영동선,인천,137,0,0,0
영동선,인천,138,0,0,0
영동선,인천,139,0,0,0
영동선,인천,140,1,0,1
영동선,인천,141,0,0,0
영동선,인천,142,0,0,0
영동선,인천,143,2,0,0
영동선,인천,144,0,0,0
영동선,인천,145,0,0,0
영동선,인천,146,0,0,0
영동선,인천,147,0,0,0
영동선,인천,148,0,0,0
영동선,인천,149,1,0,0
영동선,인천,150,1,0,0
영동선,인천,151,0,0,0
영동선,인천,152,2,1,4
영동선,인천,153,0,0,0
영동선,인천,154,2,0,4
영동선,인천,155,0,0,0
영동선,인천,156,0,0,0
영동선,인천,157,0,0,0
영동선,인천,158,1,0,0
영동선,인천,159,3,0,0
영동선,인천,160,1,0,1
영동선,인천,161,1,0,0
영동선,인천,162,0,0,0
영동선,인천,163,0,0,0
영동선,인천,164,0,0,0
영동선,인천,165,0,0,0
영동선,인천,166,0,0,0
영동선,인천,167,0,0,0
영동선,인천,168,0,0,0
영동선,인천,169,0,0,0
영동선,인천,170,1,0,3
영동선,인천,171,2,0,3
영동선,인천,172,0,0,0
영동선,인천,173,0,0,0
영동선,인천,174,1,0,0
영동선,인천,175,0,0,0
영동선,인천,176,0,0,0
영동선,인천,177,0,0,0
영동선,인천,178,1,0,0
영동선,인천,179,1,0,2
영동선,인천,180,1,0,3
영동선,인천,181,0,0,0
영동선,인천,182,0,0,0
영동선,인천,183,0,0,0
영동선,인천,184,0,0,0
영동선,인천,185,1,0,0
영동선,인천,186,0,0,0
영동선,인천,187,0,0,0
영동선,인천,188,0,0,0
영동선,인천,189,0,0,0
영동선,인천,190,2,0,10
영동선,인천,191,0,0,0
영동선,인천,192,0,0,0
영동선,인천,193,0,0,0
영동선,인천,194,1,0,0
영동선,인천,195,1,0,1
영동선,인천,196,2,0,1
영동선,인천,197,1,0,1
영동선,인천,198,0,0,0
영동선,인천,199,2,0,2
영동선,인천,200,1,0,8
영동선,인천,201,1,0,0
영동선,인천,202,1,0,1
영동선,인천,203,2,0,0
영동선,인천,204,0,0,0
영동선,인천,205,0,0,0
영동선,인천,206,0,0,0
영동선,인천,207,0,0,0
영동선,인천,208,0,0,0
영동선,인천,209,0,0,0
영동선,인천,210,0,0,0
영동선,인천,211,0,0,0
영동선,인천,212,0,0,0
영동선,인천,213,0,0,0
영동선,인천,214,1,0,2
영동선,인천,215,1,0,0
영동선,인천,216,0,0,0
영동선,인천,217,0,0,0
영동선,인천,218,0,0,0
영동선,인천,219,1,0,1
영동선,인천,220,0,0,0
영동선,인천,221,1,0,0
영동선,인천,222,0,0,0
영동선,인천,223,0,0,0
영동선,인천,224,1,0,0
영동선,인천,225,1,0,7
영동선,인천,226,0,0,0
영동선,인천,227,0,0,0
영동선,인천,228,3,1,1
영동선,인천,229,0,0,0
영동선,인천,230,1,0,1
영동선,인천,231,0,0,0
영동선,인천,232,1,0,1
영동선,인천,233,0,0,0
영동선,인천,234,0,0,0
영동선,인천,235,0,0,0
영동선,인천,236,0,0,0
영동선,인천,237,0,0,0
영동선,인천,238,0,0,0
영동선,인천,239,0,0,0
영동선,인천,240,0,0,0
영동선,인천,241,0,0,0
영동선,인천,242,0,0,0
영동선,인천,243,0,0,0
영동선,인천,244,0,0,0
영동선,인천,245,0,0,0
영동선,인천,246,0,0,0
영동선,인천,247,0,0,0
영동선,인천,248,0,0,0
영동선,인천,249,0,0,0
영동선,인천,250,0,0,0
영동선,인천,251,0,0,0
영동선,인천,252,0,0,0
영동선,인천,253,0,0,0
영동선,인천,254,0,0,0
영동선,인천,255,0,0,0
영동선,인천,256,0,0,0
영동선,인천,257,0,0,0
영동선,인천,258,0,0,0
영동선,인천,259,0,0,0
영동선,인천,260,0,0,0
영동선,인천,261,0,0,0
영동선,인천,262,0,0,0
영동선,인천,263,0,0,0
영동선,인천,264,0,0,0
영동선,인천,265,0,0,0
영동선,인천,266,0,0,0
영동선,인천,267,0,0,0
영동선,인천,268,0,0,0
영동선,인천,269,0,0,0
영동선,인천,270,0,0,0
영동선,인천,271,0,0,0
영동선,인천,272,0,0,0
영동선,인천,273,0,0,0
영동선,인천,274,0,0,0
영동선,인천,275,0,0,0
영동선,인천,276,0,0,0
영동선,인천,277,0,0,0
영동선,인천,278,0,0,0
영동선,인천,279,0,0,0
영동선,인천,280,0,0,0
영동선,인천,281,0,0,0
영동선,인천,282,0,0,0
영동선,인천,283,0,0,0
영동선,인천,284,0,0,0
영동선,인천,285,0,0,0
영동선,인천,286,0,0,0
영동선,인천,287,0,0,0
영동선,인천,288,0,0,0
영동선,인천,289,0,0,0
영동선,인천,290,0,0,0
영동선,인천,291,0,0,0
영동선,인천,292,0,0,0
영동선,인천,293,0,0,0
영동선,인천,294,0,0,0
영동선,인천,295,0,0,0
영동선,인천,296,0,0,0
영동선,인천,297,0,0,0
영동선,인천,298,0,0,0
영동선,인천,299,0,0,0
영동선,인천,300,0,0,0
영동선,인천,301,0,0,0
영동선,인천,302,0,0,0
영동선,인천,303,0,0,0
영동선,인천,304,0,0,0
영동선,인천,305,0,0,0
영동선,인천,306,0,0,0
영동선,인천,307,0,0,0
영동선,인천,308,0,0,0
영동선,인천,309,0,0,0
영동선,인천,310,0,0,0
영동선,인천,311,0,0,0
영동선,인천,312,0,0,0
영동선,인천,313,0,0,0
영동선,인천,314,0,0,0
영동선,인천,315,0,0,0
영동선,인천,316,0,0,0
영동선,인천,317,0,0,0
영동선,인천,318,1,0,0
울산선,언양,0,0,0,0
울산선,언양,1,1,0,1
울산선,언양,2,1,0,0
울산선,언양,3,1,0,0
울산선,언양,4,0,0,0
울산선,언양,5,1,0,0
울산선,언양,6,1,0,0
울산선,언양,7,0,0,0
울산선,언양,8,1,0,1
울산선,언양,9,1,0,1
울산선,언양,10,0,0,0
울산선,언양,11,0,0,0
울산선,언양,12,0,0,0
울산선,울산,0,1,0,0
울산선,울산,1,4,0,2
울산선,울산,2,1,0,1
울산선,울산,3,0,0,0
울산선,울산,4,0,0,0
울산선,울산,5,1,1,0
울산선,울산,6,0,0,0
울산선,울산,7,2,0,2
울산선,울산,8,0,0,0
울산선,울산,9,0,0,0
울산선,울산,10,0,0,0
울산선,울산,11,2,0,1
울산선,울산,12,1,0,0
익산장수선,완주,0,0,0,0
익산장수선,완주,1,0,0,0
익산장수선,완주,2,0,0,0
익산장수선,완주,3,0,0,0
익산장수선,완주,4,0,0,0
익산장수선,완주,5,1,0,0
익산장수선,완주,6,0,0,0
익산장수선,완주,7,0,0,0
익산장수선,완주,8,1,0,1
익산장수선,완주,9,0,0,0
익산장수선,완주,10,0,0,0
익산장수선,완주,11,0,0,0
익산장수선,완주,12,0,0,0
익산장수선,완주,13,1,0,1
익산장수선,완주,14,0,0,0
익산장수선,완주,15,0,0,0
익산장수선,완주,16,1,0,0
익산장수선,완주,17,0,0,0
익산장수선,완주,18,0,0,0
익산장수선,완주,19,0,0,0
익산장수선,완주,20,1,1,4
익산장수선,완주,21,0,0,0
익산장수선,완주,22,0,0,0
익산장수선,완주,23,0,0,0
익산장수선,완주,24,0,0,0
익산장수선,완주,25,0,0,0
익산장수선,완주,26,0,0,0
익산장수선,완주,27,1,1,1
익산장수선,완주,28,0,0,0
익산장수선,완주,29,0,0,0
익산장수선,완주,30,0,0,0
익산장수선,완주,31,0,0,0
익산장수선,완주,32,0,0,0
익산장수선,완주,33,0,0,0
익산장수선,완주,34,0,0,0
익산장수선,완주,35,0,0,0
익산장수선,완주,36,0,0,0
익산장수선,완주,37,0,0,0
익산장수선,완주,38,0,0,0
익산장수선,완주,39,0,0,0
익산장수선,완주,40,0,0,0
익산장수선,완주,41,0,0,0
익산장수선,완주,42,0,0,0
익산장수선,완주,43,0,0,0
익산장수선,완주,44,0,0,0
익산장수선,완주,45,0,0,0
익산장수선,완주,46,0,0,0
익산장수선,완주,47,0,0,0
익산장수선,완주,48,1,0,1
익산장수선,완주,49,0,0,0
익산장수선,완주,50,0,0,0
익산장수선,완주,51,0,0,0
익산장수선,완주,52,0,0,0
익산장수선,완주,53,0,0,0
익산장수선,완주,54,0,0,0
익산장수선,완주,55,0,0,0
익산장수선,완주,56,0,0,0
익산장수선,완주,57,0,0,0
익산장수선,완주,58,0,0,0
익산장수선,완주,59,1,0,3
익산장수선,완주,60,0,0,0
익산장수선,익산,0,2,1,0
익산장수선,익산,1,0,0,0
익산장수선,익산,2,0,0,0
익산장수선,익산,3,0,0,0
익산장수선,익산,4,0,0,0
익산장수선,익산,5,0,0,0
익산장수선,익산,6,0,0,0
익산장수선,익산,7,2,0,0
익산장수선,익산,8,2,0,1
익산장수선,익산,9,0,0,0
익산장수선,익산,10,0,0,0
익산장수선,익산,11,0,0,0
익산장수선,익산,12,1,1,1
익산장수선,익산,13,1,0,1
익산장수선,익산,14,0,0,0
익산장수선,익산,15,1,0,0
익산장수선,익산,16,1,0,0
익산장수선,익산,17,0,0,0
익산장수선,익산,18,0,0,0
익산장수선,익산,19,0,0,0
익산장수선,익산,20,0,0,0
익산장수선,익산,21,0,0,0
익산장수선,익산,22,1,0,0
익산장수선,익산,23,1,0,1
익산장수선,익산,24,0,0,0
익산장수선,익산,25,0,0,0
익산장수선,익산,26,0,0,0
익산장수선,익산,27,0,0,0
익산장수선,익산,28,0,0,0
익산장수선,익산,29,0,0,0
익산장수선,익산,30,0,0,0
익산장수선,익산,31,1,0,1
익산장수선,익산,32,0,0,0
익산장수선,익산,33,0,0,0
익산장수선,익산,34,0,0,0
익산장수선,익산,35,0,0,0
익산장수선,익산,36,0,0,0
익산장수선,익산,37,0,0,0
익산장수선,익산,38,0,0,0
익산장수선,익산,39,0,0,0
익산장수선,익산,40,0,0,0
익산장수선,익산,41,0,0,0
익산장수선,익산,42,1,0,0
익산장수선,익산,43,1,0,0
익산장수선,익산,44,0,0,0
익산장수선,익산,45,0,0,0
익산장수선,익산,46,0,0,0
익산장수선,익산,47,1,0,0
익산장수선,익산,48,1,0,1
익산장수선,익산,49,0,0,0
익산장수선,익산,50,0,0,0
익산장수선,익산,51,0,0,0
익산장수선,익산,52,1,0,0
익산장수선,익산,53,0,0,0
익산장수선,익산,54,0,0,0
익산장수선,익산,55,0,0,0
익산장수선,익산,56,0,0,0
익산장수선,익산,57,0,0,0
익산장수선,익산,58,0,0,0
익산장수선,익산,59,0,0,0
익산장수선,익산,60,0,0,0
익산장수선,장수,0,2,0,0
익산장수선,장수,1,0,0,0
익산장수선,장수,2,0,0,0
익산장수선,장수,3,0,0,0
익산장수선,장수,4,0,0,0
익산장수선,장수,5,0,0,0
익산장수선,장수,6,1,1,1
익산장수선,장수,7,1,0,0
익산장수선,장수,8,1,1,3
익산장수선,장수,9,0,0,0
익산장수선,장수,10,0,0,0
익산장수선,장수,11,0,0,0
익산장수선,장수,12,0,0,0
익산장수선,장수,13,0,0,0
익산장수선,장수,14,0,0,0
익산장수선,장수,15,0,0,0
익산장수선,장수,16,0,0,0
익산장수선,장수,17,0,0,0
익산장수선,장수,18,0,0,0
익산장수선,장수,19,0,0,0
익산장수선,장수,20,1,0,0
익산장수선,장수,21,0,0,0
익산장수선,장수,22,0,0,0
익산장수선,장수,23,1,0,0
익산장수선,장수,24,0,0,0
익산장수선,장수,25,0,0,0
익산장수선,장수,26,0,0,0
익산장수선,장수,27,1,0,1
익산장수선,장수,28,2,0,2
익산장수선,장수,29,0,0,0
익산장수선,장수,30,0,0,0
익산장수선,장수,31,1,1,1
익산장수선,장수,32,0,0,0
익산장수선,장수,33,0,0,0
익산장수선,장수,34,1,0,2
익산장수선,장수,35,1,0,1
익산장수선,장수,36,0,0,0
익산장수선,장수,37,0,0,0
익산장수선,장수,38,0,0,0
익산장수선,장수,39,0,0,0
익산장수선,장수,40,0,0,0
익산장수선,장수,41,0,0,0
익산장수선,장수,42,0,0,0
익산장수선,장수,43,1,0,1
익산장수선,장수,44,0,0,0
익산장수선,장수,45,0,0,0
익산장수선,장수,46,0,0,0
익산장수선,장수,47,0,0,0
익산장수선,장수,48,0,0,0
익산장수선,장수,49,1,0,0
익산장수선,장수,50,1,0,0
익산장수선,장수,51,0,0,0
익산장수선,장수,52,0,0,0
익산장수선,장수,53,0,0,0
익산장수선,장수,54,1,0,0
익산장수선,장수,55,0,0,0
익산장수선,장수,56,0,0,0
익산장수선,장수,57,1,0,0
익산장수선,장수,58,0,0,0
익산장수선,장수,59,2,0,3
익산장수선,장수,60,2,0,1
제2경인선,안양,0,2,0,1
제2경인선,안양,1,0,0,0
제2경인선,안양,2,0,0,0
제2경인선,안양,3,1,0,1
제2경인선,안양,4,0,0,0
제2경인선,안양,5,0,0,0
제2경인선,안양,6,0,0,0
제2경인선,안양,7,2,0,0
제2경인선,안양,8,3,0,0
제2경인선,안양,9,1,0,0
제2경인선,안양,10,0,0,0
제2경인선,안양,11,0,0,0
제2경인선,안양,12,2,1,1
제2경인선,안양,13,0,0,0
제2경인선,안양,14,0,0,0
제2경인선,안양,15,0,0,0
제2경인선,안양,16,0,0,0
제2경인선,안양,17,0,0,0
제2경인선,안양,18,0,0,0
제2경인선,안양,19,3,1,0
제2경인선,안양,20,1,0,1
제2경인선,안양,21,1,0,2
제2경인선,안양,22,1,0,0
제2경인선,안양,23,0,0,0
제2경인선,안양,24,1,1,0
제2경인선,인천,0,3,2,0
제2경인선,인천,1,0,0,0
제2경인선,인천,2,2,0,0
제2경인선,인천,3,2,0,1
제2경인선,인천,4,1,0,0
제2경인선,인천,5,0,0,0
제2경인선,인천,6,0,0,0
제2경인선,인천,7,3,0,0
제2경인선,인천,8,0,0,0
제2경인선,인천,9,2,1,1
제2경인선,인천,10,0,0,0
제2경인선,인천,11,0,0,0
제2경인선,인천,12,1,0,0
제2경인선,인천,13,4,0,0
제2경인선,인천,14,0,0,0
제2경인선,인천,15,1,0,1
제2경인선,인천,16,0,0,0
제2경인선,인천,17,7,1,1
제2경인선,인천,18,1,0,0
제2경인선,인천,19,0,0,0
제2경인선,인천,20,1,0,1
제2경인선,인천,21,1,0,0
제2경인선,인천,22,2,1,2
제2경인선,인천,23,2,0,0
제2경인선,인천,24,1,0,0
제2중부선,이천,324,1,0,1
제2중부선,이천,325,0,0,0
제2중부선,이천,326,0,0,0
제2중부선,이천,327,0,0,0
제2중부선,이천,328,0,0,0
제2중부선,이천,329,1,0,0
제2중부선,이천,330,1,0,2
제2중부선,이천,331,1,0,2
제2중부선,이천,332,2,0,11
제2중부선,이천,333,0,0,0
제2중부선,이천,334,0,0,0
제2중부선,이천,335,0,0,0
제2중부선,이천,336,0,0,0
제2중부선,이천,337,1,0,0
제2중부선,이천,338,0,0,0
제2중부선,이천,339,0,0,0
제2중부선,이천,340,1,0,3
제2중부선,이천,341,0,0,0
제2중부선,이천,342,0,0,0
제2중부선,이천,343,0,0,0
제2중부선,이천,344,0,0,0
제2중부선,이천,345,0,0,0
제2중부선,이천,346,0,0,0
제2중부선,이천,347,0,0,0
제2중부선,이천,348,1,0,0
제2중부선,이천,349,0,0,0
제2중부선,이천,350,1,0,1
제2중부선,이천,351,2,0,1
제2중부선,이천,352,0,0,0
제2중부선,이천,353,1,0,0
제2중부선,이천,354,1,0,0
제2중부선,이천,355,2,0,0
제2중부선,이천,356,0,0,0
제2중부선,하남,324,0,0,0
제2중부선,하남,325,0,0,0
제2중부선,하남,326,2,0,1
제2중부선,하남,327,0,0,0
제2중부선,하남,328,0,0,0
제2중부선,하남,329,2,0,2
제2중부선,하남,330,0,0,0
제2중부선,하남,331,0,0,0
제2중부선,하남,332,4,1,4
제2중부선,하남,333,0,0,0
제2중부선,하남,334,0,0,0
제2중부선,하남,335,1,0,1
제2중부선,하남,336,0,0,0
제2중부선,하남,337,1,1,1
제2중부선,하남,338,0,0,0
제2중부선,하남,339,3,0,4
제2중부선,하남,340,1,0,0
제2중부선,하남,341,0,0,0
제2중부선,하남,342,3,0,2
제2중부선,하남,343,0,0,0
제2중부선,하남,344,0,0,0
제2중부선,하남,345,0,0,0
제2중부선,하남,346,2,0,0
제2중부선,하남,347,0,0,0
제2중부선,하남,348,1,0,0
제2중부선,하남,349,2,0,1
제2중부선,하남,350,2,2,1
제2중부선,하남,351,1,0,0
제2중부선,하남,352,1,0,1
제2중부선,하남,353,0,0,0
제2중부선,하남,354,2,0,1
제2중부선,하남,355,0,0,0
제2중부선,하남,356,1,0,0
중부내륙선,양평,0,1,0,1
중부내륙선,양평,1,0,0,0
중부내륙선,양평,2,0,0,0
중부내륙선,양평,3,0,0,0
중부내륙선,양평,4,1,0,0
중부내륙선,양평,5,0,0,0
중부내륙선,양평,6,0,0,0
중부내륙선,양평,7,1,0,1
중부내륙선,양평,8,1,0,0
중부내륙선,양평,9,0,0,0
중부내륙선,양평,10,0,0,0
중부내륙선,양평,11,0,0,0
중부내륙선,양평,12,0,0,0
중부내륙선,양평,13,0,0,0
중부내륙선,양평,14,0,0,0
중부내륙선,양평,15,0,0,0
중부내륙선,양평,16,0,0,0
중부내륙선,양평,17,0,0,0
중부내륙선,양평,18,0,0,0
중부내륙선,양평,19,1,0,0
중부내륙선,양평,20,0,0,0
중부내륙선,양평,21,2,0,0
중부내륙선,양평,22,0,0,0
중부내륙선,양평,23,1,0,3
중부내륙선,양평,24,2,0,0
중부내륙선,양평,25,3,0,0
중부내륙선,양평,26,0,0,0
중부내륙선,양평,27,1,0,1
중부내륙선,양평,28,1,0,1
중부내륙선,양평,29,1,0,0
중부내륙선,양평,30,0,0,0
중부내륙선,양평,31,0,0,0
중부내륙선,양평,32,3,0,2
중부내륙선,양평,33,1,0,1
중부내륙선,양평,34,1,0,0
중부내륙선,양평,35,0,0,0
중부내륙선,양평,36,1,1,0
중부내륙선,양평,37,0,0,0
중부내륙선,양평,38,0,0,0
중부내륙선,양평,39,0,0,0
중부내륙선,양평,40,1,0,0
중부내륙선,양평,41,0,0,0
중부내륙선,양평,42,0,0,0
중부내륙선,양평,43,2,0,0
중부내륙선,양평,44,4,1,0
중부내륙선,양평,45,0,0,0
중부내륙선,양평,46,1,0,0
중부내륙선,양평,47,1,0,1
중부내륙선,양평,48,0,0,0
중부내륙선,양평,49,0,0,0
중부내륙선,양평,50,0,0,0
중부내륙선,양평,51,3,1,5
중부내륙선,양평,52,0,0,0
중부내륙선,양평,53,1,0,1
중부내륙선,양평,54,0,0,0
중부내륙선,양평,55,0,0,0
중부내륙선,양평,56,1,0,1
중부내륙선,양평,57,0,0,0
중부내륙선,양평,58,0,0,0
중부내륙선,양평,59,1,0,0
중부내륙선,양평,60,1,0,1
중부내륙선,양평,61,2,0,2
중부내륙선,양평,62,0,0,0
중부내륙선,양평,63,1,0,4
중부내륙선,양평,64,0,0,0
중부내륙선,양평,65,0,0,0
중부내륙선,양평,66,1,1,3
중부내륙선,양평,67,1,0,0
중부내륙선,양평,68,1,0,1
중부내륙선,양평,69,1,0,0
중부내륙선,양평,70,0,0,0
중부내륙선,양평,71,0,0,0
중부내륙선,양평,72,0,0,0
중부내륙선,양평,73,0,0,0
중부내륙선,양평,74,2,0,2
중부내륙선,양평,75,1,0,1
중부내륙선,양평,76,0,0,0
중부내륙선,양평,77,0,0,0
중부내륙선,양평,78,0,0,0
중부내륙선,양평,79,0,0,0
중부내륙선,양평,80,0,0,0
중부내륙선,양평,81,1,0,0
중부내륙선,양평,82,0,0,0
중부내륙선,양평,83,0,0,0
중부내륙선,양평,84,0,0,0
중부내륙선,양평,85,0,0,0
중부내륙선,양평,86,0,0,0
중부내륙선,양평,87,0,0,0
중부내륙선,양평,88,0,0,0
중부내륙선,양평,89,0,0,0
중부내륙선,양평,90,0,0,0
중부내륙선,양평,91,0,0,0
중부내륙선,양평,92,2,0,1
중부내륙선,양평,93,1,0,0
중부내륙선,양평,94,1,0,2
중부내륙선,양평,95,1,0,0
중부내륙선,양평,96,0,0,0
중부내륙선,양평,97,2,1,4
중부내륙선,양평,98,0,0,0
중부내륙선,양평,99,0,0,0
중부내륙선,양평,100,1,0,1
중부내륙선,양평,101,1,0,0
중부내륙선,양평,102,0,0,0
중부내륙선,양평,103,0,0,0
중부내륙선,양평,104,0,0,0
중부내륙선,양평,105,0,0,0
중부내륙선,양평,106,0,0,0
중부내륙선,양평,107,0,0,0
중부내륙선,양평,108,0,0,0
중부내륙선,양평,109,0,0,0
중부내륙선,양평,110,0,0,0
중부내륙선,양평,111,0,0,0
중부내륙선,양평,112,0,0,0
중부내륙선,양평,113,1,0,1
중부내륙선,양평,114,3,0,0
중부내륙선,양평,115,0,0,0
중부내륙선,양평,116,1,0,1
중부내륙선,양평,117,0,0,0
중부내륙선,양평,118,1,0,0
중부내륙선,양평,119,1,0,1
중부내륙선,양평,120,2,0,2
중부내륙선,양평,121,0,0,0
중부내륙선,양평,122,0,0,0
중부내륙선,양평,123,1,0,0
중부내륙선,양평,124,0,0,0
중부내륙선,양평,125,0,0,0
중부내륙선,양평,126,0,0,0
중부내륙선,양평,127,3,2,3
중부내륙선,양평,128,0,0,0
중부내륙선,양평,129,3,1,2
중부내륙선,양평,130,1,0,1
중부내륙선,양평,131,5,1,2
중부내륙선,양평,132,0,0,0
중부내륙선,양평,133,0,0,0
중부내륙선,양평,134,0,0,0
중부내륙선,양평,135,0,0,0
중부내륙선,양평,136,2,0,0
중부내륙선,양평,137,1,0,0
중부내륙선,양평,138,0,0,0
중부내륙선,양평,139,2,0,2
중부내륙선,양평,140,1,0,0
중부내륙선,양평,141,1,0,0
중부내륙선,양평,142,1,0,0
중부내륙선,양평,143,2,1,2
중부내륙선,양평,144,1,0,1
중부내륙선,양평,145,1,1,0
중부내륙선,양평,146,0,0,0
중부내륙선,양평,147,2,0,0
중부내륙선,양평,148,0,0,0
중부내륙선,양평,149,1,0,1
중부내륙선,양평,150,0,0,0
중부내륙선,양평,151,2,0,1
중부내륙선,양평,152,0,0,0
중부내륙선,양평,153,0,0,0
중부내륙선,양평,154,0,0,0
중부내륙선,양평,155,0,0,0
중부내륙선,양평,156,4,2,0
중부내륙선,양평,157,0,0,0
중부내륙선,양평,158,1,1,0
중부내륙선,양평,159,0,0,0
중부내륙선,양평,160,0,0,0
중부내륙선,양평,161,1,0,2
중부내륙선,양평,162,1,1,0
중부내륙선,양평,163,2,0,0
중부내륙선,양평,164,2,0,1
중부내륙선,양평,165,1,0,1
중부내륙선,양평,166,3,0,2
중부내륙선,양평,167,0,0,0
중부내륙선,양평,168,0,0,0
중부내륙선,양평,169,3,1,4
중부내륙선,양평,170,3,0,0
중부내륙선,양평,171,2,1,1
중부내륙선,양평,172,3,0,1
중부내륙선,양평,173,0,0,0
중부내륙선,양평,174,3,1,1
중부내륙선,양평,175,3,1,0
중부내륙선,양평,176,0,0,0
중부내륙선,양평,177,0,0,0
중부내륙선,양평,178,1,0,2
중부내륙선,양평,179,0,0,0
중부내륙선,양평,180,0,0,0
중부내륙선,양평,181,0,0,0
중부내륙선,양평,182,2,1,0
중부내륙선,양평,183,2,0,0
중부내륙선,양평,184,13,0,1
중부내륙선,양평,185,2,0,0
중부내륙선,양평,186,1,0,0
중부내륙선,양평,187,2,0,1
중부내륙선,양평,188,2,0,0
중부내륙선,양평,189,2,0,1
중부내륙선,양평,190,0,0,0
중부내륙선,양평,191,0,0,0
중부내륙선,양평,192,0,0,0
중부내륙선,양평,193,1,1,0
중부내륙선,양평,194,1,0,0
중부내륙선,양평,195,3,0,1
중부내륙선,양평,196,0,0,0
중부내륙선,양평,197,0,0,0
중부내륙선,양평,198,0,0,0
중부내륙선,양평,199,3,0,2
중부내륙선,양평,200,1,0,1
중부내륙선,양평,201,0,0,0
중부내륙선,양평,202,1,1,0
중부내륙선,양평,203,5,0,2
중부내륙선,양평,204,0,0,0
중부내륙선,양평,205,0,0,0
중부내륙선,양평,206,0,0,0
중부내륙선,양평,207,0,0,0
중부내륙선,양평,208,0,0,0
중부내륙선,양평,209,2,1,4
중부내륙선,양평,210,0,0,0
중부내륙선,양평,211,0,0,0
중부내륙선,양평,212,2,1,3
중부내륙선,양평,213,0,0,0
중부내륙선,양평,214,1,0,0
중부내륙선,양평,215,0,0,0
중부내륙선,양평,216,1,0,0
중부내륙선,양평,217,0,0,0
중부내륙선,양평,218,0,0,0
중부내륙선,양평,219,2,0,0
중부내륙선,양평,220,0,0,0
중부내륙선,양평,221,1,0,0
중부내륙선,양평,222,0,0,0
중부내륙선,양평,223,0,0,0
중부내륙선,양평,224,0,0,0
중부내륙선,양평,225,1,0,0
중부내륙선,양평,226,1,0,0
중부내륙선,양평,227,0,0,0
중부내륙선,양평,228,0,0,0
중부내륙선,양평,229,1,0,0
중부내륙선,양평,230,2,1,2
중부내륙선,양평,231,1,0,1
중부내륙선,양평,232,0,0,0
중부내륙선,양평,233,0,0,0
중부내륙선,양평,234,0,0,0
중부내륙선,양평,235,0,0,0
중부내륙선,양평,236,0,0,0
중부내륙선,양평,237,2,1,2
중부내륙선,양평,238,1,0,0
중부내륙선,양평,239,1,0,0
중부내륙선,양평,240,0,0,0
중부내륙선,양평,241,0,0,0
중부내륙선,양평,242,0,0,0
중부내륙선,양평,243,6,0,1
중부내륙선,양평,244,1,0,0
중부내륙선,양평,245,0,0,0
중부내륙선,양평,246,0,0,0
중부내륙선,양평,247,2,1,2
중부내륙선,양평,248,1,0,0
중부내륙선,양평,249,0,0,0
중부내륙선,양평,250,0,0,0
중부내륙선,양평,251,1,0,1
중부내륙선,양평,252,1,0,0
중부내륙선,양평,253,5,2,2
중부내륙선,양평,254,0,0,0
중부내륙선,양평,255,0,0,0
중부내륙선,양평,256,2,0,1
중부내륙선,양평,257,0,0,0
중부내륙선,양평,258,2,0,0
중부내륙선,양평,259,0,0,0
중부내륙선,양평,260,1,0,0
중부내륙선,양평,261,0,0,0
중부내륙선,양평,262,0,0,0
중부내륙선,양평,263,3,1,4
중부내륙선,양평,264,4,1,4
중부내륙선,양평,265,1,0,0
중부내륙선,양평,266,0,0,0
중부내륙선,양평,267,0,0,0
중부내륙선,양평,268,1,0,0
중부내륙선,양평,269,0,0,0
중부내륙선,양평,270,0,0,0
중부내륙선,양평,271,1,0,2
중부내륙선,양평,272,1,0,0
중부내륙선,양평,273,0,0,0
중부내륙선,양평,274,2,1,1
중부내륙선,양평,275,1,0,1
중부내륙선,양평,276,0,0,0
중부내륙선,양평,277,0,0,0
중부내륙선,양평,278,0,0,0
중부내륙선,양평,279,0,0,0
중부내륙선,양평,280,2,0,1
중부내륙선,양평,281,0,0,0
중부내륙선,양평,282,0,0,0
중부내륙선,양평,283,0,0,0
중부내륙선,양평,284,0,0,0
중부내륙선,양평,285,0,0,0
중부내륙선,양평,286,0,0,0
중부내륙선,양평,287,0,0,0
중부내륙선,양평,288,0,0,0
중부내륙선,양평,289,1,1,0
중부내륙선,양평,290,0,0,0
중부내륙선,양평,291,0,0,0
중부내륙선,양평,292,0,0,0
중부내륙선,양평,293,1,0,1
중부내륙선,양평,294,0,0,0
중부내륙선,양평,295,0,0,0
중부내륙선,양평,296,0,0,0
중부내륙선,양평,297,0,0,0
중부내륙선,양평,298,0,0,0
중부내륙선,양평,299,0,0,0
중부내륙선,양평,300,0,0,0
중부내륙선,양평,301,1,0,0
중부내륙선,창원,0,1,0,8
중부내륙선,창원,1,2,1,1
중부내륙선,창원,2,0,0,0
중부내륙선,창원,3,1,0,1
중부내륙선,창원,4,0,0,0
중부내륙선,창원,5,2,0,2
중부내륙선,창원,6,1,0,0
중부내륙선,창원,7,0,0,0
중부내륙선,창원,8,0,0,0
중부내륙선,창원,9,0,0,0
중부내륙선,창원,10,0,0,0
중부내륙선,창원,11,0,0,0
중부내륙선,창원,12,0,0,0
중부내륙선,창원,13,0,0,0
중부내륙선,창원,14,1,0,0
중부내륙선,창원,15,1,0,0
중부내륙선,창원,16,0,0,0
중부내륙선,창원,17,0,0,0
중부내륙선,창원,18,0,0,0
중부내륙선,창원,19,1,0,0
중부내륙선,창원,20,1,0,1
중부내륙선,창원,21,0,0,0
중부내륙선,창원,22,0,0,0
중부내륙선,창원,23,1,0,0
중부내륙선,창원,24,2,0,1
중부내륙선,창원,25,2,0,1
중부내륙선,창원,26,3,0,0
중부내륙선,창원,27,2,0,1
중부내륙선,창원,28,1,1,0
중부내륙선,창원,29,0,0,0
중부내륙선,창원,30,0,0,0
중부내륙선,창원,31,1,0,0
중부내륙선,창원,32,1,0,1
중부내륙선,창원,33,2,0,0
중부내륙선,창원,34,0,0,0
중부내륙선,창원,35,0,0,0
중부내륙선,창원,36,1,0,0
중부내륙선,창원,37,0,0,0
중부내륙선,창원,38,0,0,0
중부내륙선,창원,39,1,0,1
중부내륙선,창원,40,1,0,0
중부내륙선,창원,41,0,0,0
중부내륙선,창원,42,1,0,0
중부내륙선,창원,43,0,0,0
중부내륙선,창원,44,4,0,0
중부내륙선,창원,45,1,0,0
중부내륙선,창원,46,3,0,0
중부내륙선,창원,47,1,0,2
중부내륙선,창원,48,0,0,0
중부내륙선,창원,49,1,0,1
중부내륙선,창원,50,2,1,1
중부내륙선,창원,51,1,0,0
중부내륙선,창원,52,0,0,0
중부내륙선,창원,53,0,0,0
중부내륙선,창원,54,1,0,0
중부내륙선,창원,55,1,0,0
중부내륙선,창원,56,1,0,0
중부내륙선,창원,57,0,0,0
중부내륙선,창원,58,1,0,0
중부내륙선,창원,59,0,0,0
중부내륙선,창원,60,0,0,0
중부내륙선,창원,61,1,0,1
중부내륙선,창원,62,0,0,0
중부내륙선,창원,63,0,0,0
중부내륙선,창원,64,1,0,0
중부내륙선,창원,65,0,0,0
중부내륙선,창원,66,0,0,0
중부내륙선,창원,67,1,0,1
중부내륙선,창원,68,0,0,0
중부내륙선,창원,69,1,0,0
중부내륙선,창원,70,0,0,0
중부내륙선,창원,71,0,0,0
중부내륙선,창원,72,1,0,1
중부내륙선,창원,73,0,0,0
중부내륙선,창원,74,0,0,0
중부내륙선,창원,75,0,0,0
중부내륙선,창원,76,1,0,1
중부내륙선,창원,77,0,0,0
중부내륙선,창원,78,0,0,0
중부내륙선,창원,79,1,0,1
중부내륙선,창원,80,0,0,0
중부내륙선,창원,81,1,0,0
중부내륙선,창원,82,0,0,0
중부내륙선,창원,83,1,0,0
중부내륙선,창원,84,1,0,2
중부내륙선,창원,85,1,1,0
중부내륙선,창원,86,2,1,1
중부내륙선,창원,87,0,0,0
중부내륙선,창원,88,0,0,0
중부내륙선,창원,89,1,0,0
중부내륙선,창원,90,1,1,1
중부내륙선,창원,91,0,0,0
중부내륙선,창원,92,0,0,0
중부내륙선,창원,93,2,0,1
중부내륙선,창원,94,1,0,0
중부내륙선,창원,95,2,1,1
중부내륙선,창원,96,1,1,2
중부내륙선,창원,97,1,0,0
중부내륙선,창원,98,2,0,2
중부내륙선,창원,99,0,0,0
중부내륙선,창원,100,1,0,0
중부내륙선,창원,101,2,0,2
중부내륙선,창원,102,0,0,0
중부내륙선,창원,103,0,0,0
중부내륙선,창원,104,0,0,0
중부내륙선,창원,105,0,0,0
중부내륙선,창원,106,0,0,0
중부내륙선,창원,107,0,0,0
중부내륙선,창원,108,1,1,3
중부내륙선,창원,109,1,0,1
중부내륙선,창원,110,0,0,0
중부내륙선,창원,111,2,1,1
중부내륙선,창원,112,1,0,1
중부내륙선,창원,113,1,0,1
중부내륙선,창원,114,2,0,1
중부내륙선,창원,115,2,0,3
중부내륙선,창원,116,1,0,0
중부내륙선,창원,117,0,0,0
중부내륙선,창원,118,0,0,0
중부내륙선,창원,119,1,0,0
중부내륙선,창원,120,2,1,1
중부내륙선,창원,121,0,0,0
중부내륙선,창원,122,0,0,0
중부내륙선,창원,123,0,0,0
중부내륙선,창원,124,1,0,0
중부내륙선,창원,125,0,0,0
중부내륙선,창원,126,1,0,0
중부내륙선,창원,127,0,0,0
중부내륙선,창원,128,0,0,0
중부내륙선,창원,129,0,0,0
중부내륙선,창원,130,1,0,0
중부내륙선,창원,131,0,0,0
중부내륙선,창원,132,11,1,1
중부내륙선,창원,133,0,0,0
중부내륙선,창원,134,1,0,1
중부내륙선,창원,135,2,0,0
중부내륙선,창원,136,0,0,0
중부내륙선,창원,137,1,0,0
중부내륙선,창원,138,2,0,0
중부내륙선,창원,139,0,0,0
중부내륙선,창원,140,0,0,0
중부내륙선,창원,141,0,0,0
중부내륙선,창원,142,1,0,0
중부내륙선,창원,143,1,1,0
중부내륙선,창원,144,2,1,1
중부내륙선,창원,145,0,0,0
중부내륙선,창원,146,1,0,0
중부내륙선,창원,147,2,0,2
중부내륙선,창원,148,1,0,1
중부내륙선,창원,149,0,0,0
중부내륙선,창원,150,1,0,0
중부내륙선,창원,151,1,0,0
중부내륙선,창원,152,1,0,0
중부내륙선,창원,153,0,0,0
중부내륙선,창원,154,1,0,0
중부내륙선,창원,155,0,0,0
중부내륙선,창원,156,1,0,1
중부내륙선,창원,157,2,0,0
중부내륙선,창원,158,3,1,0
중부내륙선,창원,159,2,0,1
중부내륙선,창원,160,0,0,0
중부내륙선,창원,161,1,1,0
중부내륙선,창원,162,1,0,0
중부내륙선,창원,163,0,0,0
중부내륙선,창원,164,0,0,0
중부내륙선,창원,165,1,0,0
중부내륙선,창원,166,0,0,0
중부내륙선,창원,167,2,0,2
중부내륙선,창원,168,0,0,0
중부내륙선,창원,169,0,0,0
중부내륙선,창원,170,0,0,0
중부내륙선,창원,171,1,0,1
중부내륙선,창원,172,1,0,1
중부내륙선,창원,173,1,0,0
중부내륙선,창원,174,2,0,1
중부내륙선,창원,175,1,0,0
중부내륙선,창원,176,7,0,0
중부내륙선,창원,177,2,0,1
중부내륙선,창원,178,0,0,0
중부내륙선,창원,179,2,0,0
중부내륙선,창원,180,3,0,0
중부내륙선,창원,181,1,0,0
중부내륙선,창원,182,0,0,0
중부내륙선,창원,183,2,0,0
중부내륙선,창원,184,2,0,0
중부내륙선,창원,185,2,2,0
중부내륙선,창원,186,4,0,0
중부내륙선,창원,187,0,0,0
중부내륙선,창원,188,3,0,1
중부내륙선,창원,189,1,0,1
중부내륙선,창원,190,1,0,1
중부내륙선,창원,191,2,0,2
중부내륙선,창원,192,0,0,0
중부내륙선,창원,193,0,0,0
중부내륙선,창원,194,0,0,0
중부내륙선,창원,195,0,0,0
중부내륙선,창원,196,0,0,0
중부내륙선,창원,197,0,0,0
중부내륙선,창원,198,0,0,0
중부내륙선,창원,199,0,0,0
중부내륙선,창원,200,0,0,0
중부내륙선,창원,201,3,1,2
중부내륙선,창원,202,0,0,0
중부내륙선,창원,203,0,0,0
중부내륙선,창원,204,1,0,1
중부내륙선,창원,205,0,0,0
중부내륙선,창원,206,1,0,2
중부내륙선,창원,207,0,0,0
중부내륙선,창원,208,1,1,0
중부내륙선,창원,209,0,0,0
중부내륙선,창원,210,2,1,2
중부내륙선,창원,211,1,0,0
중부내륙선,창원,212,1,0,3
중부내륙선,창원,213,0,0,0
중부내륙선,창원,214,0,0,0
중부내륙선,창원,215,1,0,0
중부내륙선,창원,216,1,0,0
중부내륙선,창원,217,4,1,2
중부내륙선,창원,218,0,0,0
중부내륙선,창원,219,0,0,0
중부내륙선,창원,220,1,0,0
중부내륙선,창원,221,0,0,0
중부내륙선,창원,222,0,0,0
중부내륙선,창원,223,1,1,0
중부내륙선,창원,224,2,0,3
중부내륙선,창원,225,1,0,0
중부내륙선,창원,226,1,1,0
중부내륙선,창원,227,0,0,0
중부내륙선,창원,228,2,2,6
중부내륙선,창원,229,1,0,0
중부내륙선,창원,230,1,0,0
중부내륙선,창원,231,0,0,0
중부내륙선,창원,232,0,0,0
중부내륙선,창원,233,1,0,0
중부내륙선,창원,234,9,0,1
중부내륙선,창원,235,2,0,0
중부내륙선,창원,236,0,0,0
중부내륙선,창원,237,1,0,0
중부내륙선,창원,238,1,0,2
중부내륙선,창원,239,3,0,1
중부내륙선,창원,240,0,0,0
중부내륙선,창원,241,0,0,0
중부내륙선,창원,242,1,0,1
중부내륙선,창원,243,0,0,0
중부내륙선,창원,244,0,0,0
중부내륙선,창원,245,0,0,0
중부내륙선,창원,246,2,0,1
중부내륙선,창원,247,0,0,0
중부내륙선,창원,248,0,0,0
중부내륙선,창원,249,2,0,2
중부내륙선,창원,250,0,0,0
중부내륙선,창원,251,0,0,0
중부내륙선,창원,252,0,0,0
중부내륙선,창원,253,2,0,1
중부내륙선,창원,254,2,0,0
중부내륙선,창원,255,1,0,0
중부내륙선,창원,256,2,0,0
중부내륙선,창원,257,1,0,0
중부내륙선,창원,258,0,0,0
중부내륙선,창원,259,0,0,0
중부내륙선,창원,260,0,0,0
중부내륙선,창원,261,0,0,0
중부내륙선,창원,262,0,0,0
중부내륙선,창원,263,2,0,0
중부내륙선,창원,264,2,0,0
중부내륙선,창원,265,1,0,0
중부내륙선,창원,266,1,0,1
중부내륙선,창원,267,1,0,0
중부내륙선,창원,268,1,0,0
중부내륙선,창원,269,0,0,0
중부내륙선,창원,270,0,0,0
중부내륙선,창원,271,0,0,0
중부내륙선,창원,272,0,0,0
중부내륙선,창원,273,1,0,0
중부내륙선,창원,274,0,0,0
중부내륙선,창원,275,0,0,0
중부내륙선,창원,276,0,0,0
중부내륙선,창원,277,0,0,0
중부내륙선,창원,278,0,0,0
중부내륙선,창원,279,0,0,0
중부내륙선,창원,280,1,0,1
중부내륙선,창원,281,0,0,0
중부내륙선,창원,282,0,0,0
중부내륙선,창원,283,2,0,1
중부내륙선,창원,284,0,0,0
중부내륙선,창원,285,0,0,0
중부내륙선,창원,286,0,0,0
중부내륙선,창원,287,1,0,0
중부내륙선,창원,288,0,0,0
중부내륙선,창원,289,0,0,0
중부내륙선,창원,290,0,0,0
중부내륙선,창원,291,0,0,0
중부내륙선,창원,292,0,0,0
중부내륙선,창원,293,0,0,0
중부내륙선,창원,294,0,0,0
중부내륙선,창원,295,0,0,0
중부내륙선,창원,296,0,0,0
중부내륙선,창원,297,0,0,0
중부내륙선,창원,298,0,0,0
중부내륙선,창원,299,0,0,0
중부내륙선,창원,300,0,0,0
중부내륙선,창원,301,0,0,0
중부내륙선의 지선,대구,0,0,0,0
중부내륙선의 지선,대구,1,0,0,0
중부내륙선의 지선,대구,2,0,0,0
중부내륙선의 지선,대구,3,0,0,0
중부내륙선의 지선,대구,4,0,0,0
중부내륙선의 지선,대구,5,2,0,1
중부내륙선의 지선,대구,6,0,0,0
중부내륙선의 지선,대구,7,1,0,1
중부내륙선의 지선,대구,8,0,0,0
중부내륙선의 지선,대구,9,0,0,0
중부내륙선의 지선,대구,10,2,0,1
중부내륙선의 지선,대구,11,1,0,0
중부내륙선의 지선,대구,12,1,0,0
중부내륙선의 지선,대구,13,1,0,0
중부내륙선의 지선,대구,14,2,0,0
중부내륙선의 지선,대구,15,1,0,0
중부내륙선의 지선,대구,16,1,0,0
중부내륙선의 지선,대구,17,1,2,2
중부내륙선의 지선,대구,18,0,0,0
중부내륙선의 지선,대구,19,1,0,0
중부내륙선의 지선,대구,20,0,0,0
중부내륙선의 지선,대구,21,0,0,0
중부내륙선의 지선,대구,22,0,0,0
중부내륙선의 지선,대구,23,0,0,0
중부내륙선의 지선,대구,24,0,0,0
중부내륙선의 지선,대구,25,0,0,0
중부내륙선의 지선,대구,26,1,0,1
중부내륙선의 지선,대구,27,0,0,0
중부내륙선의 지선,대구,28,0,0,0
중부내륙선의 지선,대구,29,1,0,0
중부내륙선의 지선,대구,30,1,0,1
중부내륙선의 지선,대구,31,0,0,0
중부내륙선의 지선,대구,32,0,0,0
중부내륙선의 지선,대구,33,0,0,0
중부내륙선의 지선,대구,34,0,0,0
중부내륙선의 지선,대구,35,0,0,0
중부내륙선의 지선,대구,36,0,0,0
중부내륙선의 지선,대구,37,0,0,0
중부내륙선의 지선,대구,38,0,0,0
중부내륙선의 지선,대구,39,0,0,0
중부내륙선의 지선,대구,40,0,0,0
중부내륙선의 지선,대구,41,0,0,0
중부내륙선의 지선,대구,42,0,0,0
중부내륙선의 지선,대구,43,0,0,0
중부내륙선의 지선,대구,44,0,0,0
중부내륙선의 지선,대구,45,0,0,0
중부내륙선의 지선,대구,46,0,0,0
중부내륙선의 지선,대구,47,0,0,0
중부내륙선의 지선,대구,48,0,0,0
중부내륙선의 지선,대구,49,0,0,0
중부내륙선의 지선,대구,50,0,0,0
중부내륙선의 지선,대구,51,0,0,0
중부내륙선의 지선,대구,52,0,0,0
중부내륙선의 지선,대구,53,0,0,0
중부내륙선의 지선,대구,54,0,0,0
중부내륙선의 지선,대구,55,0,0,0
중부내륙선의 지선,대구,56,0,0,0
중부내륙선의 지선,대구,57,0,0,0
중부내륙선의 지선,대구,58,0,0,0
중부내륙선의 지선,대구,59,0,0,0
중부내륙선의 지선,대구,60,0,0,0
중부내륙선의 지선,대구,61,0,0,0
중부내륙선의 지선,대구,62,0,0,0
중부내륙선의 지선,대구,63,0,0,0
중부내륙선의 지선,대구,64,0,0,0
중부내륙선의 지선,대구,65,0,0,0
중부내륙선의 지선,대구,66,0,0,0
중부내륙선의 지선,대구,67,0,0,0
중부내륙선의 지선,대구,68,0,0,0
중부내륙선의 지선,대구,69,0,0,0
중부내륙선의 지선,대구,70,0,0,0
중부내륙선의 지선,대구,71,0,0,0
중부내륙선의 지선,대구,72,0,0,0
중부내륙선의 지선,대구,73,0,0,0
중부내륙선의 지선,대구,74,0,0,0
중부내륙선의 지선,대구,75,0,0,0
중부내륙선의 지선,대구,76,0,0,0
중부내륙선의 지선,대구,77,0,0,0
중부내륙선의 지선,대구,78,0,0,0
중부내륙선의 지선,대구,79,0,0,0
중부내륙선의 지선,대구,80,0,0,0
중부내륙선의 지선,대구,81,0,0,0
중부내륙선의 지선,대구,82,0,0,0
중부내륙선의 지선,대구,83,0,0,0
중부내륙선의 지선,대구,84,0,0,0
중부내륙선의 지선,대구,85,0,0,0
중부내륙선의 지선,대구,86,0,0,0
중부내륙선의 지선,대구,87,0,0,0
중부내륙선의 지선,대구,88,0,0,0
중부내륙선의 지선,대구,89,0,0,0
중부내륙선의 지선,대구,90,0,0,0
중부내륙선의 지선,대구,91,0,0,0
중부내륙선의 지선,대구,92,0,0,0
중부내륙선의 지선,대구,93,0,0,0
중부내륙선의 지선,대구,94,0,0,0
중부내륙선의 지선,대구,95,0,0,0
중부내륙선의 지선,대구,96,0,0,0
중부내륙선의 지선,대구,97,0,0,0
중부내륙선의 지선,대구,98,0,0,0
중부내륙선의 지선,대구,99,0,0,0
중부내륙선의 지선,대구,100,0,0,0
중부내륙선의 지선,대구,101,0,0,0
중부내륙선의 지선,대구,102,0,0,0
중부내륙선의 지선,대구,103,0,0,0
중부내륙선의 지선,대구,104,0,0,0
중부내륙선의 지선,대구,105,0,0,0
중부내륙선의 지선,대구,106,0,0,0
중부내륙선의 지선,대구,107,0,0,0
중부내륙선의 지선,대구,108,0,0,0
중부내륙선의 지선,대구,109,0,0,0
중부내륙선의 지선,대구,110,0,0,0
중부내륙선의 지선,대구,111,0,0,0
중부내륙선의 지선,대구,112,0,0,0
중부내륙선의 지선,대구,113,0,0,0
중부내륙선의 지선,대구,114,0,0,0
중부내륙선의 지선,대구,115,0,0,0
중부내륙선의 지선,대구,116,0,0,0
중부내륙선의 지선,대구,117,0,0,0
중부내륙선의 지선,대구,118,0,0,0
중부내륙선의 지선,대구,119,0,0,0
중부내륙선의 지선,대구,120,0,0,0
중부내륙선의 지선,대구,121,0,0,0
중부내륙선의 지선,대구,122,0,0,0
중부내륙선의 지선,대구,123,0,0,0
중부내륙선의 지선,대구,124,0,0,0
중부내륙선의 지선,대구,125,0,0,0
중부내륙선의 지선,대구,126,0,0,0
중부내륙선의 지선,대구,127,0,0,0
중부내륙선의 지선,대구,128,0,0,0
중부내륙선의 지선,대구,129,0,0,0
중부내륙선의 지선,대구,130,0,0,0
중부내륙선의 지선,대구,131,0,0,0
중부내륙선의 지선,대구,132,0,0,0
중부내륙선의 지선,대구,133,0,0,0
중부내륙선의 지선,대구,134,0,0,0
중부내륙선의 지선,대구,135,0,0,0
중부내륙선의 지선,대구,136,0,0,0
중부내륙선의 지선,대구,137,0,0,0
중부내륙선의 지선,대구,138,0,0,0
중부내륙선의 지선,대구,139,0,0,0
중부내륙선의 지선,대구,140,0,0,0
중부내륙선의 지선,대구,141,0,0,0
중부내륙선의 지선,대구,142,0,0,0
중부내륙선의 지선,대구,143,0,0,0
중부내륙선의 지선,대구,144,0,0,0
중부내륙선의 지선,대구,145,0,0,0
중부내륙선의 지선,대구,146,0,0,0
중부내륙선의 지선,대구,147,0,0,0
중부내륙선의 지선,대구,148,0,0,0
중부내륙선의 지선,대구,149,0,0,0
중부내륙선의 지선,대구,150,0,0,0
중부내륙선의 지선,대구,151,0,0,0
중부내륙선의 지선,대구,152,0,0,0
중부내륙선의 지선,대구,153,0,0,0
중부내륙선의 지선,대구,154,0,0,0
중부내륙선의 지선,대구,155,0,0,0
중부내륙선의 지선,대구,156,1,0,0
중부내륙선의 지선,현풍,0,1,0,0
중부내륙선의 지선,현풍,1,1,0,0
중부내륙선의 지선,현풍,2,0,0,0
중부내륙선의 지선,현풍,3,1,1,3
중부내륙선의 지선,현풍,4,1,0,2
중부내륙선의 지선,현풍,5,0,0,0
중부내륙선의 지선,현풍,6,0,0,0
중부내륙선의 지선,현풍,7,0,0,0
중부내륙선의 지선,현풍,8,0,0,0
중부내륙선의 지선,현풍,9,0,0,0
중부내륙선의 지선,현풍,10,0,0,0
중부내륙선의 지선,현풍,11,3,0,0
중부내륙선의 지선,현풍,12,1,0,1
중부내륙선의 지선,현풍,13,1,0,2
중부내륙선의 지선,현풍,14,0,0,0
중부내륙선의 지선,현풍,15,0,0,0
중부내륙선의 지선,현풍,16,1,0,3
중부내륙선의 지선,현풍,17,0,0,0
중부내륙선의 지선,현풍,18,2,0,2
중부내륙선의 지선,현풍,19,2,1,1
중부내륙선의 지선,현풍,20,1,0,3
중부내륙선의 지선,현풍,21,1,0,2
중부내륙선의 지선,현풍,22,2,0,2
중부내륙선의 지선,현풍,23,0,0,0
중부내륙선의 지선,현풍,24,0,0,0
중부내륙선의 지선,현풍,25,1,0,0
중부내륙선의 지선,현풍,26,0,0,0
중부내륙선의 지선,현풍,27,1,0,1
중부내륙선의 지선,현풍,28,1,0,1
중부내륙선의 지선,현풍,29,1,0,2
중부내륙선의 지선,현풍,30,1,1,0
중부내륙선의 지선,현풍,31,0,0,0
중부내륙선의 지선,현풍,32,0,0,0
중부내륙선의 지선,현풍,33,0,0,0
중부내륙선의 지선,현풍,34,0,0,0
중부내륙선의 지선,현풍,35,0,0,0
중부내륙선의 지선,현풍,36,0,0,0
중부내륙선의 지선,현풍,37,0,0,0
중부내륙선의 지선,현풍,38,0,0,0
중부내륙선의 지선,현풍,39,0,0,0
중부내륙선의 지선,현풍,40,0,0,0
중부내륙선의 지선,현풍,41,0,0,0
중부내륙선의 지선,현풍,42,0,0,0
중부내륙선의 지선,현풍,43,0,0,0
중부내륙선의 지선,현풍,44,0,0,0
중부내륙선의 지선,현풍,45,0,0,0
중부내륙선의 지선,현풍,46,0,0,0
중부내륙선의 지선,현풍,47,0,0,0
중부내륙선의 지선,현풍,48,0,0,0
중부내륙선의 지선,현풍,49,0,0,0
중부내륙선의 지선,현풍,50,0,0,0
중부내륙선의 지선,현풍,51,0,0,0
중부내륙선의 지선,현풍,52,0,0,0
중부내륙선의 지선,현풍,53,0,0,0
중부내륙선의 지선,현풍,54,0,0,0
중부내륙선의 지선,현풍,55,0,0,0
중부내륙선의 지선,현풍,56,0,0,0
중부내륙선의 지선,현풍,57,0,0,0
중부내륙선의 지선,현풍,58,0,0,0
중부내륙선의 지선,현풍,59,0,0,0
중부내륙선의 지선,현풍,60,0,0,0
중부내륙선의 지선,현풍,61,0,0,0
중부내륙선의 지선,현풍,62,0,0,0
중부내륙선의 지선,현풍,63,0,0,0
중부내륙선의 지선,현풍,64,0,0,0
중부내륙선의 지선,현풍,65,0,0,0
중부내륙선의 지선,현풍,66,0,0,0
중부내륙선의 지선,현풍,67,0,0,0
중부내륙선의 지선,현풍,68,0,0,0
중부내륙선의 지선,현풍,69,0,0,0
중부내륙선의 지선,현풍,70,0,0,0
중부내륙선의 지선,현풍,71,0,0,0
중부내륙선의 지선,현풍,72,0,0,0
중부내륙선의 지선,현풍,73,0,0,0
중부내륙선의 지선,현풍,74,0,0,0
중부내륙선의 지선,현풍,75,0,0,0
중부내륙선의 지선,현풍,76,0,0,0
중부내륙선의 지선,현풍,77,0,0,0
중부내륙선의 지선,현풍,78,0,0,0
중부내륙선의 지선,현풍,79,0,0,0
중부내륙선의 지선,현풍,80,0,0,0
중부내륙선의 지선,현풍,81,0,0,0
중부내륙선의 지선,현풍,82,0,0,0
중부내륙선의 지선,현풍,83,0,0,0
중부내륙선의 지선,현풍,84,0,0,0
중부내륙선의 지선,현풍,85,0,0,0
중부내륙선의 지선,현풍,86,0,0,0
중부내륙선의 지선,현풍,87,0,0,0
중부내륙선의 지선,현풍,88,0,0,0
중부내륙선의 지선,현풍,89,0,0,0
중부내륙선의 지선,현풍,90,0,0,0
중부내륙선의 지선,현풍,91,0,0,0
중부내륙선의 지선,현풍,92,0,0,0
중부내륙선의 지선,현풍,93,0,0,0
중부내륙선의 지선,현풍,94,0,0,0
중부내륙선의 지선,현풍,95,0,0,0
중부내륙선의 지선,현풍,96,0,0,0
중부내륙선의 지선,현풍,97,0,0,0
중부내륙선의 지선,현풍,98,0,0,0
중부내륙선의 지선,현풍,99,0,0,0
중부내륙선의 지선,현풍,100,0,0,0
중부내륙선의 지선,현풍,101,0,0,0
중부내륙선의 지선,현풍,102,0,0,0
중부내륙선의 지선,현풍,103,0,0,0
중부내륙선의 지선,현풍,104,0,0,0
중부내륙선의 지선,현풍,105,0,0,0
중부내륙선의 지선,현풍,106,0,0,0
중부내륙선의 지선,현풍,107,0,0,0
중부내륙선의 지선,현풍,108,0,0,0
중부내륙선의 지선,현풍,109,0,0,0
중부내륙선의 지선,현풍,110,0,0,0
중부내륙선의 지선,현풍,111,0,0,0
중부내륙선의 지선,현풍,112,0,0,0
중부내륙선의 지선,현풍,113,0,0,0
중부내륙선의 지선,현풍,114,0,0,0
중부내륙선의 지선,현풍,115,0,0,0
중부내륙선의 지선,현풍,116,0,0,0
중부내륙선의 지선,현풍,117,0,0,0
중부내륙선의 지선,현풍,118,0,0,0
중부내륙선의 지선,현풍,119,0,0,0
중부내륙선의 지선,현풍,120,0,0,0
중부내륙선의 지선,현풍,121,0,0,0
중부내륙선의 지선,현풍,122,0,0,0
중부내륙선의 지선,현풍,123,0,0,0
중부내륙선의 지선,현풍,124,0,0,0
중부내륙선의 지선,현풍,125,0,0,0
중부내륙선의 지선,현풍,126,0,0,0
중부내륙선의 지선,현풍,127,0,0,0
중부내륙선의 지선,현풍,128,0,0,0
중부내륙선의 지선,현풍,129,0,0,0
중부내륙선의 지선,현풍,130,0,0,0
중부내륙선의 지선,현풍,131,0,0,0
중부내륙선의 지선,현풍,132,0,0,0
중부내륙선의 지선,현풍,133,0,0,0
중부내륙선의 지선,현풍,134,0,0,0
중부내륙선의 지선,현풍,135,0,0,0
중부내륙선의 지선,현풍,136,0,0,0
중부내륙선의 지선,현풍,137,0,0,0
중부내륙선의 지선,현풍,138,0,0,0
중부내륙선의 지선,현풍,139,0,0,0
중부내륙선의 지선,현풍,140,0,0,0
중부내륙선의 지선,현풍,141,0,0,0
중부내륙선의 지선,현풍,142,0,0,0
중부내륙선의 지선,현풍,143,0,0,0
중부내륙선의 지선,현풍,144,0,0,0
중부내륙선의 지선,현풍,145,0,0,0
중부내륙선의 지선,현풍,146,0,0,0
중부내륙선의 지선,현풍,147,0,0,0
중부내륙선의 지선,현풍,148,0,0,0
중부내륙선의 지선,현풍,149,0,0,0
중부내륙선의 지선,현풍,150,0,0,0
중부내륙선의 지선,현풍,151,0,0,0
중부내륙선의 지선,현풍,152,0,0,0
중부내륙선의 지선,현풍,153,0,0,0
중부내륙선의 지선,현풍,154,0,0,0
중부내륙선의 지선,현풍,155,0,0,0
중부내륙선의 지선,현풍,156,0,0,0
중부선,통영,0,1,0,1
중부선,통영,1,0,0,0
중부선,통영,2,0,0,0
중부선,통영,3,0,0,0
중부선,통영,4,1,0,1
중부선,통영,5,0,0,0
중부선,통영,6,0,0,0
중부선,통영,7,0,0,0
중부선,통영,8,0,0,0
중부선,통영,9,0,0,0
중부선,통영,10,1,0,0
중부선,통영,11,0,0,0
중부선,통영,12,0,0,0
중부선,통영,13,0,0,0
중부선,통영,14,0,0,0
중부선,통영,15,1,0,0
중부선,통영,16,1,0,1
중부선,통영,17,0,0,0
중부선,통영,18,0,0,0
중부선,통영,19,1,0,1
중부선,통영,20,0,0,0
중부선,통영,21,0,0,0
중부선,통영,22,0,0,0
중부선,통영,23,0,0,0
중부선,통영,24,0,0,0
중부선,통영,25,0,0,0
중부선,통영,26,0,0,0
중부선,통영,27,0,0,0
중부선,통영,28,1,0,0
중부선,통영,29,0,0,0
중부선,통영,30,0,0,0
중부선,통영,31,0,0,0
중부선,통영,32,0,0,0
중부선,통영,33,0,0,0
중부선,통영,34,0,0,0
중부선,통영,35,0,0,0
중부선,통영,36,0,0,0
중부선,통영,37,2,0,0
중부선,통영,38,1,0,0
중부선,통영,39,0,0,0
중부선,통영,40,0,0,0
중부선,통영,41,0,0,0
중부선,통영,42,0,0,0
중부선,통영,43,0,0,0
중부선,통영,44,1,0,0
중부선,통영,45,0,0,0
중부선,통영,46,1,0,2
중부선,통영,47,0,0,0
중부선,통영,48,1,0,0
중부선,통영,49,0,0,0
중부선,통영,50,0,0,0
중부선,통영,51,0,0,0
중부선,통영,52,0,0,0
중부선,통영,53,0,0,0
중부선,통영,54,0,0,0
중부선,통영,55,1,0,1
중부선,통영,56,0,0,0
중부선,통영,57,0,0,0
중부선,통영,58,0,0,0
중부선,통영,59,0,0,0
중부선,통영,60,0,0,0
중부선,통영,61,1,0,0
중부선,통영,62,0,0,0
중부선,통영,63,1,0,0
중부선,통영,64,0,0,0
중부선,통영,65,0,0,0
중부선,통영,66,0,0,0
중부선,통영,67,1,0,0
중부선,통영,68,1,0,0
중부선,통영,69,0,0,0
중부선,통영,70,1,0,0
중부선,통영,71,0,0,0
중부선,통영,72,0,0,0
중부선,통영,73,0,0,0
중부선,통영,74,0,0,0
중부선,통영,75,0,0,0
중부선,통영,76,0,0,0
중부선,통영,77,0,0,0
중부선,통영,78,0,0,0
중부선,통영,79,0,0,0
중부선,통영,80,0,0,0
중부선,통영,81,0,0,0
중부선,통영,82,1,0,1
중부선,통영,83,0,0,0
중부선,통영,84,0,0,0
중부선,통영,85,1,0,6
중부선,통영,86,0,0,0
중부선,통영,87,1,0,0
중부선,통영,88,0,0,0
중부선,통영,89,1,0,1
중부선,통영,90,1,0,0
중부선,통영,91,1,0,0
중부선,통영,92,0,0,0
중부선,통영,93,0,0,0
중부선,통영,94,0,0,0
중부선,통영,95,1,0,0
중부선,통영,96,1,0,1
중부선,통영,97,0,0,0
중부선,통영,98,0,0,0
중부선,통영,99,0,0,0
중부선,통영,100,0,0,0
중부선,통영,101,2,1,0
중부선,통영,102,0,0,0
중부선,통영,103,0,0,0
중부선,통영,104,0,0,0
중부선,통영,105,2,0,1
중부선,통영,106,1,0,4
중부선,통영,107,1,0,3
중부선,통영,108,0,0,0
중부선,통영,109,1,0,0
중부선,통영,110,1,0,0
중부선,통영,111,3,0,2
중부선,통영,112,1,0,0
중부선,통영,113,1,0,0
중부선,통영,114,0,0,0
중부선,통영,115,0,0,0
중부선,통영,116,0,0,0
중부선,통영,117,0,0,0
중부선,통영,118,2,0,0
중부선,통영,119,1,0,1
중부선,통영,120,1,0,0
중부선,통영,121,1,0,0
중부선,통영,122,1,0,0
중부선,통영,123,0,0,0
중부선,통영,124,1,0,0
중부선,통영,125,2,1,0
중부선,통영,126,1,0,0
중부선,통영,127,1,0,1
중부선,통영,128,1,0,2
중부선,통영,129,0,0,0
중부선,통영,130,1,0,1
중부선,통영,131,0,0,0
중부선,통영,132,0,0,0
중부선,통영,133,0,0,0
중부선,통영,134,1,0,1
중부선,통영,135,1,0,0
중부선,통영,136,0,0,0
중부선,통영,137,0,0,0
중부선,통영,138,1,0,2
중부선,통영,139,0,0,0
중부선,통영,140,0,0,0
중부선,통영,141,0,0,0
중부선,통영,142,0,0,0
중부선,통영,143,1,1,0
중부선,통영,144,0,0,0
중부선,통영,145,0,0,0
중부선,통영,146,0,0,0
중부선,통영,147,1,0,2
중부선,통영,148,0,0,0
중부선,통영,149,0,0,0
중부선,통영,150,2,1,2
중부선,통영,151,1,0,1
중부선,통영,152,0,0,0
중부선,통영,153,0,0,0
중부선,통영,154,0,0,0
중부선,통영,155,0,0,0
중부선,통영,156,1,0,0
중부선,통영,157,1,0,0
중부선,통영,158,1,0,0
중부선,통영,159,0,0,0
중부선,통영,160,2,0,2
중부선,통영,161,0,0,0
중부선,통영,162,0,0,0
중부선,통영,163,1,0,0
중부선,통영,164,0,0,0
중부선,통영,165,0,0,0
중부선,통영,166,1,1,3
중부선,통영,167,0,0,0
중부선,통영,168,1,0,2
중부선,통영,169,0,0,0
중부선,통영,170,2,0,3
중부선,통영,171,0,0,0
중부선,통영,172,0,0,0
중부선,통영,173,0,0,0
중부선,통영,174,0,0,0
중부선,통영,175,0,0,0
중부선,통영,176,0,0,0
중부선,통영,177,0,0,0
중부선,통영,178,0,0,0
중부선,통영,179,0,0,0
중부선,통영,180,0,0,0
중부선,통영,181,0,0,0
중부선,통영,182,0,0,0
중부선,통영,183,0,0,0
중부선,통영,184,0,0,0
중부선,통영,185,0,0,0
중부선,통영,186,0,0,0
중부선,통영,187,0,0,0
중부선,통영,188,0,0,0
중부선,통영,189,0,0,0
중부선,통영,190,0,0,0
중부선,통영,191,1,0,1
중부선,통영,192,0,0,0
중부선,통영,193,1,0,0
중부선,통영,194,0,0,0
중부선,통영,195,0,0,0
중부선,통영,196,0,0,0
중부선,통영,197,0,0,0
중부선,통영,198,0,0,0
중부선,통영,199,0,0,0
중부선,통영,200,0,0,0
중부선,통영,201,0,0,0
중부선,통영,202,0,0,0
중부선,통영,203,2,0,3
중부선,통영,204,1,0,2
중부선,통영,205,0,0,0
중부선,통영,206,0,0,0
중부선,통영,207,0,0,0
중부선,통영,208,1,0,1
중부선,통영,209,0,0,0
중부선,통영,210,0,0,0
중부선,통영,211,1,0,1
중부선,통영,212,0,0,0
중부선,통영,213,1,0,0
중부선,통영,214,0,0,0
중부선,통영,215,0,0,0
중부선,통영,216,0,0,0
중부선,통영,217,0,0,0
중부선,통영,218,0,0,0
중부선,통영,219,0,0,0
중부선,통영,220,0,0,0
중부선,통영,221,0,0,0
중부선,통영,222,0,0,0
중부선,통영,223,0,0,0
중부선,통영,224,0,0,0
중부선,통영,225,0,0,0
중부선,통영,226,0,0,0
중부선,통영,227,0,0,0
중부선,통영,228,0,0,0
중부선,통영,229,0,0,0
중부선,통영,230,0,0,0
중부선,통영,231,0,0,0
중부선,통영,232,0,0,0
중부선,통영,233,0,0,0
중부선,통영,234,0,0,0
중부선,통영,235,0,0,0
중부선,통영,236,0,0,0
중부선,통영,237,0,0,0
중부선,통영,238,0,0,0
중부선,통영,239,0,0,0
중부선,통영,240,0,0,0
중부선,통영,241,0,0,0
중부선,통영,242,0,0,0
중부선,통영,243,0,0,0
중부선,통영,244,0,0,0
중부선,통영,245,0,0,0
중부선,통영,246,0,0,0
중부선,통영,247,2,0,2
중부선,통영,248,2,0,0
중부선,통영,249,0,0,0
중부선,통영,250,1,0,0
중부선,통영,251,0,0,0
중부선,통영,252,0,0,0
중부선,통영,253,2,0,0
중부선,통영,254,1,1,0
중부선,통영,255,0,0,0
중부선,통영,256,0,0,0
중부선,통영,257,0,0,0
중부선,통영,258,1,0,1
중부선,통영,259,0,0,0
중부선,통영,260,3,0,4
중부선,통영,261,2,0,0
중부선,통영,262,1,0,1
중부선,통영,263,1,0,0
중부선,통영,264,0,0,0
중부선,통영,265,0,0,0
중부선,통영,266,1,0,1
중부선,통영,267,0,0,0
중부선,통영,268,1,0,1
중부선,통영,269,2,0,0
중부선,통영,270,1,0,1
중부선,통영,271,0,0,0
중부선,통영,272,1,0,3
중부선,통영,273,5,1,3
중부선,통영,274,1,0,1
중부선,통영,275,1,0,0
중부선,통영,276,1,0,0
중부선,통영,277,1,0,1
중부선,통영,278,0,0,0
중부선,통영,279,0,0,0
중부선,통영,280,1,0,1
중부선,통영,281,1,0,0
중부선,통영,282,1,0,0
중부선,통영,283,1,0,0
중부선,통영,284,0,0,0
중부선,통영,285,0,0,0
중부선,통영,286,0,0,0
중부선,통영,287,0,0,0
중부선,통영,288,0,0,0
중부선,통영,289,0,0,0
중부선,통영,290,1,0,1
중부선,통영,291,1,0,0
중부선,통영,292,2,0,1
중부선,통영,293,0,0,0
중부선,통영,294,1,0,1
중부선,통영,295,0,0,0
중부선,통영,296,2,0,1
중부선,통영,297,1,1,2
중부선,통영,298,1,0,1
중부선,통영,299,0,0,0
중부선,통영,300,1,1,2
중부선,통영,301,0,0,0
중부선,통영,302,1,1,0
중부선,통영,303,0,0,0
중부선,통영,304,0,0,0
중부선,통영,305,1,0,1
중부선,통영,306,1,0,0
중부선,통영,307,2,0,1
중부선,통영,308,1,0,0
중부선,통영,309,1,0,0
중부선,통영,310,1,0,1
중부선,통영,311,1,2,0
중부선,통영,312,2,1,1
중부선,통영,313,1,0,0
중부선,통영,314,1,1,0
중부선,통영,315,1,0,0
중부선,통영,316,0,0,0
중부선,통영,317,0,0,0
중부선,통영,318,1,0,0
중부선,통영,319,0,0,0
중부선,통영,320,0,0,0
중부선,통영,321,0,0,0
중부선,통영,322,3,0,2
중부선,통영,323,4,1,2
중부선,통영,324,2,1,15
중부선,통영,325,0,0,0
중부선,통영,326,0,0,0
중부선,통영,327,0,0,0
중부선,통영,328,1,0,0
중부선,통영,329,1,0,1
중부선,통영,330,0,0,0
중부선,통영,331,0,0,0
중부선,통영,332,1,0,0
중부선,통영,333,1,0,1
중부선,통영,334,0,0,0
중부선,통영,335,0,0,0
중부선,통영,336,0,0,0
중부선,통영,337,0,0,0
중부선,통영,338,0,0,0
중부선,통영,339,1,0,2
중부선,통영,340,1,0,1
중부선,통영,341,0,0,0
중부선,통영,342,0,0,0
중부선,통영,343,0,0,0
중부선,통영,344,0,0,0
중부선,통영,345,1,0,0
중부선,통영,346,1,0,0
중부선,통영,347,1,0,2
중부선,통영,348,0,0,0
중부선,통영,349,0,0,0
중부선,통영,350,0,0,0
중부선,통영,351,0,0,0
중부선,통영,352,0,0,0
중부선,통영,353,0,0,0
중부선,통영,354,0,0,0
중부선,통영,355,0,0,0
중부선,통영,356,1,0,3
중부선,통영,357,0,0,0
중부선,통영,358,1,0,1
중부선,통영,359,0,0,0
중부선,통영,360,1,0,0
중부선,통영,361,0,0,0
중부선,통영,362,2,0,2
중부선,통영,363,2,0,2
중부선,통영,364,1,0,1
중부선,하남,0,0,0,0
중부선,하남,1,0,0,0
중부선,하남,2,0,0,0
중부선,하남,3,0,0,0
중부선,하남,4,1,0,1
중부선,하남,5,0,0,0
중부선,하남,6,0,0,0
중부선,하남,7,0,0,0
중부선,하남,8,0,0,0
중부선,하남,9,3,1,0
중부선,하남,10,1,0,2
중부선,하남,11,0,0,0
중부선,하남,12,0,0,0
중부선,하남,13,1,0,1
중부선,하남,14,0,0,0
중부선,하남,15,0,0,0
중부선,하남,16,0,0,0
중부선,하남,17,0,0,0
중부선,하남,18,1,0,1
중부선,하남,19,0,0,0
중부선,하남,20,0,0,0
중부선,하남,21,1,1,0
중부선,하남,22,0,0,0
중부선,하남,23,0,0,0
중부선,하남,24,0,0,0
중부선,하남,25,1,0,2
중부선,하남,26,0,0,0
중부선,하남,27,0,0,0
중부선,하남,28,0,0,0
중부선,하남,29,0,0,0
중부선,하남,30,0,0,0
중부선,하남,31,0,0,0
중부선,하남,32,0,0,0
중부선,하남,33,2,0,1
중부선,하남,34,0,0,0
중부선,하남,35,0,0,0
중부선,하남,36,0,0,0
중부선,하남,37,0,0,0
중부선,하남,38,0,0,0
중부선,하남,39,0,0,0
중부선,하남,40,0,0,0
중부선,하남,41,0,0,0
중부선,하남,42,0,0,0
중부선,하남,43,0,0,0
중부선,하남,44,0,0,0
중부선,하남,45,0,0,0
중부선,하남,46,0,0,0
중부선,하남,47,1,0,0
중부선,하남,48,0,0,0
중부선,하남,49,0,0,0
중부선,하남,50,1,0,1
중부선,하남,51,0,0,0
중부선,하남,52,1,0,2
중부선,하남,53,0,0,0
중부선,하남,54,0,0,0
중부선,하남,55,0,0,0
중부선,하남,56,0,0,0
중부선,하남,57,0,0,0
중부선,하남,58,0,0,0
중부선,하남,59,0,0,0
중부선,하남,60,0,0,0
중부선,하남,61,0,0,0
중부선,하남,62,0,0,0
중부선,하남,63,1,1,0
중부선,하남,64,0,0,0
중부선,하남,65,0,0,0
중부선,하남,66,1,0,0
중부선,하남,67,0,0,0
중부선,하남,68,1,0,1
중부선,하남,69,0,0,0
중부선,하남,70,0,0,0
중부선,하남,71,0,0,0
중부선,하남,72,2,0,3
중부선,하남,73,0,0,0
중부선,하남,74,1,0,0
중부선,하남,75,0,0,0
중부선,하남,76,0,0,0
중부선,하남,77,0,0,0
중부선,하남,78,0,0,0
중부선,하남,79,0,0,0
중부선,하남,80,0,0,0
중부선,하남,81,1,0,0
중부선,하남,82,0,0,0
중부선,하남,83,1,0,1
중부선,하남,84,0,0,0
중부선,하남,85,0,0,0
중부선,하남,86,0,0,0
중부선,하남,87,0,0,0
중부선,하남,88,0,0,0
중부선,하남,89,1,0,0
중부선,하남,90,0,0,0
중부선,하남,91,0,0,0
중부선,하남,92,0,0,0
중부선,하남,93,1,0,0
중부선,하남,94,0,0,0
중부선,하남,95,0,0,0
중부선,하남,96,0,0,0
중부선,하남,97,0,0,0
중부선,하남,98,1,0,1
중부선,하남,99,1,0,0
중부선,하남,100,0,0,0
중부선,하남,101,0,0,0
중부선,하남,102,0,0,0
중부선,하남,103,1,0,0
중부선,하남,104,0,0,0
중부선,하남,105,2,0,0
중부선,하남,106,0,0,0
중부선,하남,107,0,0,0
중부선,하남,108,2,0,3
중부선,하남,109,0,0,0
중부선,하남,110,1,0,1
중부선,하남,111,0,0,0
중부선,하남,112,0,0,0
중부선,하남,113,0,0,0
중부선,하남,114,0,0,0
중부선,하남,115,0,0,0
중부선,하남,116,0,0,0
중부선,하남,117,0,0,0
중부선,하남,118,1,0,0
중부선,하남,119,0,0,0
중부선,하남,120,0,0,0
중부선,하남,121,0,0,0
중부선,하남,122,0,0,0
중부선,하남,123,2,1,0
중부선,하남,124,0,0,0
중부선,하남,125,0,0,0
중부선,하남,126,1,0,0
중부선,하남,127,2,0,0
중부선,하남,128,0,0,0
중부선,하남,129,1,0,4
중부선,하남,130,1,0,0
중부선,하남,131,1,0,1
중부선,하남,132,2,0,0
중부선,하남,133,0,0,0
중부선,하남,134,1,0,2
중부선,하남,135,0,0,0
중부선,하남,136,0,0,0
중부선,하남,137,0,0,0
중부선,하남,138,3,1,5
중부선,하남,139,0,0,0
중부선,하남,140,1,0,1
중부선,하남,141,0,0,0
중부선,하남,142,1,1,0
중부선,하남,143,0,0,0
중부선,하남,144,0,0,0
중부선,하남,145,4,1,4
중부선,하남,146,0,0,0
중부선,하남,147,0,0,0
중부선,하남,148,0,0,0
중부선,하남,149,1,1,4
중부선,하남,150,0,0,0
중부선,하남,151,0,0,0
중부선,하남,152,0,0,0
중부선,하남,153,0,0,0
중부선,하남,154,0,0,0
중부선,하남,155,0,0,0
중부선,하남,156,0,0,0
중부선,하남,157,0,0,0
중부선,하남,158,0,0,0
중부선,하남,159,0,0,0
중부선,하남,160,0,0,0
중부선,하남,161,0,0,0
중부선,하남,162,0,0,0
중부선,하남,163,0,0,0
중부선,하남,164,0,0,0
중부선,하남,165,0,0,0
중부선,하남,166,0,0,0
중부선,하남,167,0,0,0
중부선,하남,168,0,0,0
중부선,하남,169,0,0,0
중부선,하남,170,1,0,1
중부선,하남,171,0,0,0
중부선,하남,172,0,0,0
중부선,하남,173,1,0,0
중부선,하남,174,0,0,0
중부선,하남,175,1,0,1
중부선,하남,176,0,0,0
중부선,하남,177,1,0,4
중부선,하남,178,0,0,0
중부선,하남,179,1,0,0
중부선,하남,180,1,0,0
중부선,하남,181,1,0,1
중부선,하남,182,0,0,0
중부선,하남,183,0,0,0
중부선,하남,184,0,0,0
중부선,하남,185,0,0,0
중부선,하남,186,1,0,0
중부선,하남,187,0,0,0
중부선,하남,188,0,0,0
중부선,하남,189,0,0,0
중부선,하남,190,0,0,0
중부선,하남,191,0,0,0
중부선,하남,192,0,0,0
중부선,하남,193,0,0,0
중부선,하남,194,0,0,0
중부선,하남,195,0,0,0
중부선,하남,196,1,0,0
중부선,하남,197,0,0,0
중부선,하남,198,0,0,0
중부선,하남,199,0,0,0
중부선,하남,200,2,0,0
중부선,하남,201,1,0,0
중부선,하남,202,1,0,1
중부선,하남,203,0,0,0
중부선,하남,204,0,0,0
중부선,하남,205,0,0,0
중부선,하남,206,2,0,2
중부선,하남,207,0,0,0
중부선,하남,208,0,0,0
중부선,하남,209,1,0,0
중부선,하남,210,0,0,0
중부선,하남,211,1,0,0
중부선,하남,212,2,0,2
중부선,하남,213,0,0,0
중부선,하남,214,0,0,0
중부선,하남,215,3,0,0
중부선,하남,216,0,0,0
중부선,하남,217,0,0,0
중부선,하남,218,0,0,0
중부선,하남,219,0,0,0
중부선,하남,220,0,0,0
중부선,하남,221,0,0,0
중부선,하남,222,0,0,0
중부선,하남,223,0,0,0
중부선,하남,224,0,0,0
중부선,하남,225,0,0,0
중부선,하남,226,0,0,0
중부선,하남,227,0,0,0
중부선,하남,228,0,0,0
중부선,하남,229,0,0,0
중부선,하남,230,0,0,0
중부선,하남,231,0,0,0
중부선,하남,232,0,0,0
중부선,하남,233,0,0,0
중부선,하남,234,0,0,0
중부선,하남,235,0,0,0
중부선,하남,236,0,0,0
중부선,하남,237,0,0,0
중부선,하남,238,0,0,0
중부선,하남,239,0,0,0
중부선,하남,240,0,0,0
중부선,하남,241,0,0,0
중부선,하남,242,0,0,0
중부선,하남,243,0,0,0
중부선,하남,244,0,0,0
중부선,하남,245,0,0,0
중부선,하남,246,0,0,0
중부선,하남,247,2,0,1
중부선,하남,248,0,0,0
중부선,하남,249,1,0,1
중부선,하남,250,0,0,0
중부선,하남,251,2,0,1
중부선,하남,252,0,0,0
중부선,하남,253,8,0,3
중부선,하남,254,1,0,0
중부선,하남,255,0,0,0
중부선,하남,256,0,0,0
중부선,하남,257,0,0,0
중부선,하남,258,2,0,4
중부선,하남,259,0,0,0
중부선,하남,260,1,0,2
중부선,하남,261,1,0,1
중부선,하남,262,0,0,0
중부선,하남,263,1,0,2
중부선,하남,264,1,1,1
중부선,하남,265,0,0,0
중부선,하남,266,1,1,1
중부선,하남,267,1,0,0
중부선,하남,268,0,0,0
중부선,하남,269,0,0,0
중부선,하남,270,1,0,0
중부선,하남,271,3,1,2
중부선,하남,272,3,1,0
중부선,하남,273,0,0,0
중부선,하남,274,0,0,0
중부선,하남,275,2,0,3
중부선,하남,276,0,0,0
중부선,하남,277,0,0,0
중부선,하남,278,0,0,0
중부선,하남,279,0,0,0
중부선,하남,280,1,0,1
중부선,하남,281,1,0,0
중부선,하남,282,2,0,1
중부선,하남,283,0,0,0
중부선,하남,284,0,0,0
중부선,하남,285,1,0,1
중부선,하남,286,0,0,0
중부선,하남,287,1,1,0
중부선,하남,288,0,0,0
중부선,하남,289,0,0,0
중부선,하남,290,1,0,1
중부선,하남,291,2,1,0
중부선,하남,292,0,0,0
중부선,하남,293,1,0,0
중부선,하남,294,1,0,1
중부선,하남,295,0,0,0
중부선,하남,296,0,0,0
중부선,하남,297,0,0,0
중부선,하남,298,1,0,1
중부선,하남,299,1,0,1
중부선,하남,300,0,0,0
중부선,하남,301,0,0,0
중부선,하남,302,1,0,0
중부선,하남,303,1,0,6
중부선,하남,304,0,0,0
중부선,하남,305,1,1,0
중부선,하남,306,1,0,0
중부선,하남,307,2,0,1
중부선,하남,308,1,0,0
중부선,하남,309,1,0,0
중부선,하남,310,3,0,2
중부선,하남,311,0,0,0
중부선,하남,312,2,0,3
중부선,하남,313,0,0,0
중부선,하남,314,1,0,0
중부선,하남,315,0,0,0
중부선,하남,316,1,0,1
중부선,하남,317,2,0,0
중부선,하남,318,3,0,1
중부선,하남,319,0,0,0
중부선,하남,320,0,0,0
중부선,하남,321,0,0,0
중부선,하남,322,0,0,0
중부선,하남,323,1,0,2
중부선,하남,324,2,0,3
중부선,하남,325,2,0,2
중부선,하남,326,0,0,0
중부선,하남,327,0,0,0
중부선,하남,328,0,0,0
중부선,하남,329,1,0,1
중부선,하남,330,0,0,0
중부선,하남,331,0,0,0
중부선,하남,332,0,0,0
중부선,하남,333,1,1,0
중부선,하남,334,0,0,0
중부선,하남,335,0,0,0
중부선,하남,336,1,0,1
중부선,하남,337,1,0,0
중부선,하남,338,1,0,1
중부선,하남,339,0,0,0
중부선,하남,340,2,0,3
중부선,하남,341,0,0,0
중부선,하남,342,3,1,2
중부선,하남,343,0,0,0
중부선,하남,344,1,0,1
중부선,하남,345,0,0,0
중부선,하남,346,0,0,0
중부선,하남,347,0,0,0
중부선,하남,348,0,0,0
중부선,하남,349,1,0,0
중부선,하남,350,1,0,1
중부선,하남,351,0,0,0
중부선,하남,352,1,0,0
중부선,하남,353,3,0,2
중부선,하남,354,3,1,0
중부선,하남,355,0,0,0
중부선,하남,356,0,0,0
중부선,하남,357,1,0,0
중부선,하남,358,1,0,0
중부선,하남,359,4,0,2
중부선,하남,360,4,1,3
중부선,하남,361,3,0,2
중부선,하남,362,2,0,2
중부선,하남,363,3,1,2
중부선,하남,364,2,0,5
중앙선,부산,1,0,0,0
중앙선,부산,2,1,0,0
중앙선,부산,3,0,0,0
중앙선,부산,4,0,0,0
중앙선,부산,5,1,0,0
중앙선,부산,6,3,0,0
중앙선,부산,7,0,0,0
중앙선,부산,8,1,0,1
중앙선,부산,9,1,0,1
중앙선,부산,10,1,0,0
중앙선,부산,11,0,0,0
중앙선,부산,12,0,0,0
중앙선,부산,13,0,0,0
중앙선,부산,14,0,0,0
중앙선,부산,15,0,0,0
중앙선,부산,16,0,0,0
중앙선,부산,17,0,0,0
중앙선,부산,18,0,0,0
중앙선,부산,19,0,0,0
중앙선,부산,20,0,0,0
중앙선,부산,21,0,0,0
중앙선,부산,22,0,0,0
중앙선,부산,23,0,0,0
중앙선,부산,24,0,0,0
중앙선,부산,25,0,0,0
중앙선,부산,26,0,0,0
중앙선,부산,27,0,0,0
중앙선,부산,28,0,0,0
중앙선,부산,29,0,0,0
중앙선,부산,30,0,0,0
중앙선,부산,31,0,0,0
중앙선,부산,32,0,0,0
중앙선,부산,33,0,0,0
중앙선,부산,34,0,0,0
중앙선,부산,35,0,0,0
중앙선,부산,36,0,0,0
중앙선,부산,37,0,0,0
중앙선,부산,38,0,0,0
중앙선,부산,39,0,0,0
중앙선,부산,40,0,0,0
중앙선,부산,41,0,0,0
중앙선,부산,42,0,0,0
중앙선,부산,43,0,0,0
중앙선,부산,44,0,0,0
중앙선,부산,45,0,0,0
중앙선,부산,46,0,0,0
중앙선,부산,47,0,0,0
중앙선,부산,48,0,0,0
중앙선,부산,49,0,0,0
중앙선,부산,50,0,0,0
중앙선,부산,51,0,0,0
중앙선,부산,52,0,0,0
중앙선,부산,53,0,0,0
중앙선,부산,54,0,0,0
중앙선,부산,55,0,0,0
중앙선,부산,56,0,0,0
중앙선,부산,57,0,0,0
중앙선,부산,58,0,0,0
중앙선,부산,59,0,0,0
중앙선,부산,60,0,0,0
중앙선,부산,61,0,0,0
중앙선,부산,62,0,0,0
중앙선,부산,63,0,0,0
중앙선,부산,64,0,0,0
중앙선,부산,65,0,0,0
중앙선,부산,66,0,0,0
중앙선,부산,67,0,0,0
중앙선,부산,68,0,0,0
중앙선,부산,69,0,0,0
중앙선,부산,70,0,0,0
중앙선,부산,71,0,0,0
중앙선,부산,72,0,0,0
중앙선,부산,73,0,0,0
중앙선,부산,74,0,0,0
중앙선,부산,75,0,0,0
중앙선,부산,76,0,0,0
중앙선,부산,77,0,0,0
중앙선,부산,78,0,0,0
중앙선,부산,79,0,0,0
중앙선,부산,80,0,0,0
중앙선,부산,81,0,0,0
중앙선,부산,82,0,0,0
중앙선,부산,83,0,0,0
중앙선,부산,84,0,0,0
중앙선,부산,85,0,0,0
중앙선,부산,86,0,0,0
중앙선,부산,87,0,0,0
중앙선,부산,88,0,0,0
중앙선,부산,89,0,0,0
중앙선,부산,90,0,0,0
중앙선,부산,91,0,0,0
중앙선,부산,92,0,0,0
중앙선,부산,93,0,0,0
중앙선,부산,94,0,0,0
중앙선,부산,95,0,0,0
중앙선,부산,96,0,0,0
중앙선,부산,97,0,0,0
중앙선,부산,98,0,0,0
중앙선,부산,99,0,0,0
중앙선,부산,100,0,0,0
중앙선,부산,101,0,0,0
중앙선,부산,102,0,0,0
중앙선,부산,103,0,0,0
중앙선,부산,104,0,0,0
중앙선,부산,105,0,0,0
중앙선,부산,106,0,0,0
중앙선,부산,107,0,0,0
중앙선,부산,108,0,0,0
중앙선,부산,109,0,0,0
중앙선,부산,110,0,0,0
중앙선,부산,111,0,0,0
중앙선,부산,112,0,0,0
중앙선,부산,113,1,0,2
중앙선,부산,114,0,0,0
중앙선,부산,115,0,0,0
중앙선,부산,116,1,0,0
중앙선,부산,117,2,0,3
중앙선,부산,118,0,0,0
중앙선,부산,119,0,0,0
중앙선,부산,120,1,1,0
중앙선,부산,121,1,0,0
중앙선,부산,122,1,1,1
중앙선,부산,123,0,0,0
중앙선,부산,124,0,0,0
중앙선,부산,125,5,0,4
중앙선,부산,126,2,0,4
중앙선,부산,127,1,0,1
중앙선,부산,128,3,0,3
중앙선,부산,129,0,0,0
중앙선,부산,130,1,1,0
중앙선,부산,131,3,0,1
중앙선,부산,132,1,0,0
중앙선,부산,133,0,0,0
중앙선,부산,134,0,0,0
중앙선,부산,135,0,0,0
중앙선,부산,136,0,0,0
중앙선,부산,137,1,0,1
중앙선,부산,138,0,0,0
중앙선,부산,139,0,0,0
중앙선,부산,140,0,0,0
중앙선,부산,141,2,0,0
중앙선,부산,142,0,0,0
중앙선,부산,143,0,0,0
중앙선,부산,144,0,0,0
중앙선,부산,145,2,0,0
중앙선,부산,146,0,0,0
중앙선,부산,147,0,0,0
중앙선,부산,148,0,0,0
중앙선,부산,149,0,0,0
중앙선,부산,150,1,0,1
중앙선,부산,151,0,0,0
중앙선,부산,152,0,0,0
중앙선,부산,153,0,0,0
중앙선,부산,154,0,0,0
중앙선,부산,155,0,0,0
중앙선,부산,156,1,0,0
중앙선,부산,157,0,0,0
중앙선,부산,158,0,0,0
중앙선,부산,159,1,0,1
중앙선,부산,160,0,0,0
중앙선,부산,161,0,0,0
중앙선,부산,162,1,0,0
중앙선,부산,163,2,0,0
중앙선,부산,164,1,0,1
중앙선,부산,165,0,0,0
중앙선,부산,166,1,0,1
중앙선,부산,167,0,0,0
중앙선,부산,168,1,0,0
중앙선,부산,169,0,0,0
중앙선,부산,170,0,0,0
중앙선,부산,171,0,0,0
중앙선,부산,172,0,0,0
중앙선,부산,173,0,0,0
중앙선,부산,174,1,0,0
중앙선,부산,175,0,0,0
중앙선,부산,176,0,0,0
중앙선,부산,177,0,0,0
중앙선,부산,178,0,0,0
중앙선,부산,179,1,0,0
중앙선,부산,180,1,0,0
중앙선,부산,181,0,0,0
중앙선,부산,182,1,0,0
중앙선,부산,183,0,0,0
중앙선,부산,184,0,0,0
중앙선,부산,185,1,0,1
중앙선,부산,186,0,0,0
중앙선,부산,187,0,0,0
중앙선,부산,188,0,0,0
중앙선,부산,189,3,0,1
중앙선,부산,190,1,0,0
중앙선,부산,191,0,0,0
중앙선,부산,192,2,0,1
중앙선,부산,193,0,0,0
중앙선,부산,194,0,0,0
중앙선,부산,195,0,0,0
중앙선,부산,196,0,0,0
중앙선,부산,197,0,0,0
중앙선,부산,198,0,0,0
중앙선,부산,199,1,0,1
중앙선,부산,200,0,0,0
중앙선,부산,201,0,0,0
중앙선,부산,202,0,0,0
중앙선,부산,203,1,0,1
중앙선,부산,204,3,0,1
중앙선,부산,205,0,0,0
중앙선,부산,206,1,0,0
중앙선,부산,207,0,0,0
중앙선,부산,208,0,0,0
중앙선,부산,209,1,0,1
중앙선,부산,210,0,0,0
중앙선,부산,211,1,0,0
중앙선,부산,212,1,0,0
중앙선,부산,213,1,0,2
중앙선,부산,214,0,0,0
중앙선,부산,215,2,0,1
중앙선,부산,216,0,0,0
중앙선,부산,217,0,0,0
중앙선,부산,218,0,0,0
중앙선,부산,219,0,0,0
중앙선,부산,220,0,0,0
중앙선,부산,221,0,0,0
중앙선,부산,222,0,0,0
중앙선,부산,223,0,0,0
중앙선,부산,224,4,0,2
중앙선,부산,225,1,0,1
중앙선,부산,226,0,0,0
중앙선,부산,227,0,0,0
중앙선,부산,228,1,0,0
중앙선,부산,229,0,0,0
중앙선,부산,230,0,0,0
중앙선,부산,231,0,0,0
중앙선,부산,232,0,0,0
중앙선,부산,233,1,0,0
중앙선,부산,234,0,0,0
중앙선,부산,235,0,0,0
중앙선,부산,236,0,0,0
중앙선,부산,237,0,0,0
중앙선,부산,238,0,0,0
중앙선,부산,239,1,0,1
중앙선,부산,240,1,0,0
중앙선,부산,241,0,0,0
중앙선,부산,242,0,0,0
중앙선,부산,243,1,0,1
중앙선,부산,244,1,0,1
중앙선,부산,245,0,0,0
중앙선,부산,246,1,0,2
중앙선,부산,247,1,0,1
중앙선,부산,248,0,0,0
중앙선,부산,249,0,0,0
중앙선,부산,250,0,0,0
중앙선,부산,251,0,0,0
중앙선,부산,252,0,0,0
중앙선,부산,253,0,0,0
중앙선,부산,254,0,0,0
중앙선,부산,255,1,0,1
중앙선,부산,256,0,0,0
중앙선,부산,257,0,0,0
중앙선,부산,258,0,0,0
중앙선,부산,259,0,0,0
중앙선,부산,260,0,0,0
중앙선,부산,261,0,0,0
중앙선,부산,262,0,0,0
중앙선,부산,263,0,0,0
중앙선,부산,264,0,0,0
중앙선,부산,265,1,0,1
중앙선,부산,266,1,1,0
중앙선,부산,267,1,0,1
중앙선,부산,268,0,0,0
중앙선,부산,269,0,0,0
중앙선,부산,270,0,0,0
중앙선,부산,271,0,0,0
중앙선,부산,272,0,0,0
중앙선,부산,273,0,0,0
중앙선,부산,274,2,0,3
중앙선,부산,275,0,0,0
중앙선,부산,276,1,0,1
중앙선,부산,277,0,0,0
중앙선,부산,278,0,0,0
중앙선,부산,279,0,0,0
중앙선,부산,280,0,0,0
중앙선,부산,281,0,0,0
중앙선,부산,282,1,0,1
중앙선,부산,283,0,0,0
중앙선,부산,284,0,0,0
중앙선,부산,285,1,0,1
중앙선,부산,286,1,0,1
중앙선,부산,287,3,0,4
중앙선,부산,288,3,1,1
중앙선,부산,289,3,1,2
중앙선,부산,290,1,0,1
중앙선,부산,291,0,0,0
중앙선,부산,292,1,0,1
중앙선,부산,293,0,0,0
중앙선,부산,294,0,0,0
중앙선,부산,295,0,0,0
중앙선,부산,296,0,0,0
중앙선,부산,297,0,0,0
중앙선,부산,298,0,0,0
중앙선,부산,299,2,0,2
중앙선,부산,300,0,0,0
중앙선,부산,301,1,0,2
중앙선,부산,302,0,0,0
중앙선,부산,303,0,0,0
중앙선,부산,304,2,1,1
중앙선,부산,305,0,0,0
중앙선,부산,306,1,0,1
중앙선,부산,307,1,0,1
중앙선,부산,308,0,0,0
중앙선,부산,309,0,0,0
중앙선,부산,310,0,0,0
중앙선,부산,311,1,0,1
중앙선,부산,312,0,0,0
중앙선,부산,313,0,0,0
중앙선,부산,314,0,0,0
중앙선,부산,315,0,0,0
중앙선,부산,316,0,0,0
중앙선,부산,317,0,0,0
중앙선,부산,318,0,0,0
중앙선,부산,319,0,0,0
중앙선,부산,320,0,0,0
중앙선,부산,321,0,0,0
중앙선,부산,322,0,0,0
중앙선,부산,323,0,0,0
중앙선,부산,324,0,0,0
중앙선,부산,325,0,0,0
중앙선,부산,326,0,0,0
중앙선,부산,327,0,0,0
중앙선,부산,328,0,0,0
중앙선,부산,329,0,0,0
중앙선,부산,330,0,0,0
중앙선,부산,331,0,0,0
중앙선,부산,332,0,0,0
중앙선,부산,333,0,0,0
중앙선,부산,334,0,0,0
중앙선,부산,335,0,0,0
중앙선,부산,336,1,1,0
중앙선,부산,337,0,0,0
중앙선,부산,338,0,0,0
중앙선,부산,339,0,0,0
중앙선,부산,340,0,0,0
중앙선,부산,341,0,0,0
중앙선,부산,342,1,0,0
중앙선,부산,343,0,0,0
중앙선,부산,344,1,0,1
중앙선,부산,345,0,0,0
중앙선,부산,346,1,0,0
중앙선,부산,347,0,0,0
중앙선,부산,348,0,0,0
중앙선,부산,349,0,0,0
중앙선,부산,350,0,0,0
중앙선,부산,351,0,0,0
중앙선,부산,352,0,0,0
중앙선,부산,353,0,0,0
중앙선,부산,354,0,0,0
중앙선,부산,355,0,0,0
중앙선,부산,356,0,0,0
중앙선,부산,357,0,0,0
중앙선,부산,358,1,0,1
중앙선,부산,359,0,0,0
중앙선,부산,360,0,0,0
중앙선,부산,361,1,0,0
중앙선,부산,362,1,0,0
중앙선,부산,363,0,0,0
중앙선,부산,364,0,0,0
중앙선,부산,365,0,0,0
중앙선,부산,366,0,0,0
중앙선,부산,367,0,0,0
중앙선,부산,368,0,0,0
중앙선,부산,369,0,0,0
중앙선,부산,370,0,0,0
중앙선,부산,371,0,0,0
중앙선,부산,372,0,0,0
중앙선,부산,373,0,0,0
중앙선,부산,374,0,0,0
중앙선,부산,375,0,0,0
중앙선,부산,376,0,0,0
중앙선,부산,377,0,0,0
중앙선,부산,378,0,0,0
중앙선,부산,379,0,0,0
중앙선,부산,380,0,0,0
중앙선,부산,381,0,0,0
중앙선,부산,382,0,0,0
중앙선,부산,383,1,2,0
중앙선,춘천,1,2,1,1
중앙선,춘천,2,0,0,0
중앙선,춘천,3,0,0,0
중앙선,춘천,4,1,0,1
중앙선,춘천,5,2,0,0
중앙선,춘천,6,2,0,0
중앙선,춘천,7,1,0,0
중앙선,춘천,8,1,0,0
중앙선,춘천,9,0,0,0
중앙선,춘천,10,0,0,0
중앙선,춘천,11,0,0,0
중앙선,춘천,12,0,0,0
중앙선,춘천,13,0,0,0
중앙선,춘천,14,0,0,0
중앙선,춘천,15,0,0,0
중앙선,춘천,16,0,0,0
중앙선,춘천,17,0,0,0
중앙선,춘천,18,0,0,0
중앙선,춘천,19,0,0,0
중앙선,춘천,20,0,0,0
중앙선,춘천,21,0,0,0
중앙선,춘천,22,0,0,0
중앙선,춘천,23,0,0,0
중앙선,춘천,24,0,0,0
중앙선,춘천,25,0,0,0
중앙선,춘천,26,0,0,0
중앙선,춘천,27,0,0,0
중앙선,춘천,28,0,0,0
중앙선,춘천,29,0,0,0
중앙선,춘천,30,0,0,0
중앙선,춘천,31,0,0,0
중앙선,춘천,32,0,0,0
중앙선,춘천,33,0,0,0
중앙선,춘천,34,0,0,0
중앙선,춘천,35,0,0,0
중앙선,춘천,36,0,0,0
중앙선,춘천,37,0,0,0
중앙선,춘천,38,0,0,0
중앙선,춘천,39,0,0,0
중앙선,춘천,40,0,0,0
중앙선,춘천,41,0,0,0
중앙선,춘천,42,0,0,0
중앙선,춘천,43,0,0,0
중앙선,춘천,44,0,0,0
중앙선,춘천,45,0,0,0
중앙선,춘천,46,0,0,0
중앙선,춘천,47,0,0,0
중앙선,춘천,48,0,0,0
중앙선,춘천,49,0,0,0
중앙선,춘천,50,0,0,0
중앙선,춘천,51,0,0,0
중앙선,춘천,52,0,0,0
중앙선,춘천,53,0,0,0
중앙선,춘천,54,0,0,0
중앙선,춘천,55,0,0,0
중앙선,춘천,56,0,0,0
중앙선,춘천,57,0,0,0
중앙선,춘천,58,0,0,0
중앙선,춘천,59,0,0,0
중앙선,춘천,60,0,0,0
중앙선,춘천,61,0,0,0
중앙선,춘천,62,0,0,0
중앙선,춘천,63,0,0,0
중앙선,춘천,64,0,0,0
중앙선,춘천,65,0,0,0
중앙선,춘천,66,0,0,0
중앙선,춘천,67,0,0,0
중앙선,춘천,68,0,0,0
중앙선,춘천,69,0,0,0
중앙선,춘천,70,0,0,0
중앙선,춘천,71,0,0,0
중앙선,춘천,72,0,0,0
중앙선,춘천,73,0,0,0
중앙선,춘천,74,0,0,0
중앙선,춘천,75,0,0,0
중앙선,춘천,76,0,0,0
중앙선,춘천,77,0,0,0
중앙선,춘천,78,0,0,0
중앙선,춘천,79,0,0,0
중앙선,춘천,80,0,0,0
중앙선,춘천,81,0,0,0
중앙선,춘천,82,0,0,0
중앙선,춘천,83,0,0,0
중앙선,춘천,84,0,0,0
중앙선,춘천,85,0,0,0
중앙선,춘천,86,0,0,0
중앙선,춘천,87,0,0,0
중앙선,춘천,88,0,0,0
중앙선,춘천,89,0,0,0
중앙선,춘천,90,0,0,0
중앙선,춘천,91,0,0,0
중앙선,춘천,92,0,0,0
중앙선,춘천,93,0,0,0
중앙선,춘천,94,0,0,0
중앙선,춘천,95,0,0,0
중앙선,춘천,96,0,0,0
중앙선,춘천,97,0,0,0
중앙선,춘천,98,0,0,0
중앙선,춘천,99,0,0,0
중앙선,춘천,100,0,0,0
중앙선,춘천,101,0,0,0
중앙선,춘천,102,0,0,0
중앙선,춘천,103,0,0,0
중앙선,춘천,104,0,0,0
중앙선,춘천,105,0,0,0
중앙선,춘천,106,0,0,0
중앙선,춘천,107,0,0,0
중앙선,춘천,108,0,0,0
중앙선,춘천,109,0,0,0
중앙선,춘천,110,0,0,0
중앙선,춘천,111,0,0,0
중앙선,춘천,112,0,0,0
중앙선,춘천,113,1,0,1
중앙선,춘천,114,1,0,1
중앙선,춘천,115,1,0,1
중앙선,춘천,116,0,0,0
중앙선,춘천,117,1,0,1
중앙선,춘천,118,0,0,0
중앙선,춘천,119,0,0,0
중앙선,춘천,120,1,0,1
중앙선,춘천,121,0,0,0
중앙선,춘천,122,0,0,0
중앙선,춘천,123,2,0,2
중앙선,춘천,124,1,0,0
중앙선,춘천,125,2,0,2
중앙선,춘천,126,0,0,0
중앙선,춘천,127,0,0,0
중앙선,춘천,128,0,0,0
중앙선,춘천,129,0,0,0
중앙선,춘천,130,0,0,0
중앙선,춘천,131,0,0,0
중앙선,춘천,132,0,0,0
중앙선,춘천,133,0,0,0
중앙선,춘천,134,1,0,3
중앙선,춘천,135,0,0,0
중앙선,춘천,136,0,0,0
중앙선,춘천,137,0,0,0
중앙선,춘천,138,0,0,0
중앙선,춘천,139,2,0,0
중앙선,춘천,140,0,0,0
중앙선,춘천,141,0,0,0
중앙선,춘천,142,0,0,0
중앙선,춘천,143,0,0,0
중앙선,춘천,144,0,0,0
중앙선,춘천,145,0,0,0
중앙선,춘천,146,0,0,0
중앙선,춘천,147,0,0,0
중앙선,춘천,148,0,0,0
중앙선,춘천,149,1,1,2
중앙선,춘천,150,0,0,0
중앙선,춘천,151,0,0,0
중앙선,춘천,152,0,0,0
중앙선,춘천,153,0,0,0
중앙선,춘천,154,0,0,0
중앙선,춘천,155,1,0,0
중앙선,춘천,156,0,0,0
중앙선,춘천,157,0,0,0
중앙선,춘천,158,0,0,0
중앙선,춘천,159,0,0,0
중앙선,춘천,160,1,0,0
중앙선,춘천,161,0,0,0
중앙선,춘천,162,0,0,0
중앙선,춘천,163,0,0,0
중앙선,춘천,164,0,0,0
중앙선,춘천,165,0,0,0
중앙선,춘천,166,1,0,1
중앙선,춘천,167,0,0,0
중앙선,춘천,168,0,0,0
중앙선,춘천,169,0,0,0
중앙선,춘천,170,0,0,0
중앙선,춘천,171,2,0,3
중앙선,춘천,172,0,0,0
중앙선,춘천,173,0,0,0
중앙선,춘천,174,0,0,0
중앙선,춘천,175,0,0,0
중앙선,춘천,176,1,0,1
중앙선,춘천,177,0,0,0
중앙선,춘천,178,0,0,0
중앙선,춘천,179,4,0,0
중앙선,춘천,180,0,0,0
중앙선,춘천,181,0,0,0
중앙선,춘천,182,0,0,0
중앙선,춘천,183,0,0,0
중앙선,춘천,184,0,0,0
중앙선,춘천,185,0,0,0
중앙선,춘천,186,2,0,0
중앙선,춘천,187,0,0,0
중앙선,춘천,188,1,0,0
중앙선,춘천,189,0,0,0
중앙선,춘천,190,3,0,2
중앙선,춘천,191,0,0,0
중앙선,춘천,192,0,0,0
중앙선,춘천,193,1,0,0
중앙선,춘천,194,1,0,0
중앙선,춘천,195,1,0,1
중앙선,춘천,196,1,0,0
중앙선,춘천,197,0,0,0
중앙선,춘천,198,0,0,0
중앙선,춘천,199,0,0,0
중앙선,춘천,200,0,0,0
중앙선,춘천,201,1,0,1
중앙선,춘천,202,0,0,0
중앙선,춘천,203,1,0,0
중앙선,춘천,204,0,0,0
중앙선,춘천,205,0,0,0
중앙선,춘천,206,1,0,0
중앙선,춘천,207,0,0,0
중앙선,춘천,208,0,0,0
중앙선,춘천,209,2,0,0
중앙선,춘천,210,0,0,0
중앙선,춘천,211,0,0,0
중앙선,춘천,212,0,0,0
중앙선,춘천,213,1,0,0
중앙선,춘천,214,0,0,0
중앙선,춘천,215,0,0,0
중앙선,춘천,216,0,0,0
중앙선,춘천,217,2,0,0
중앙선,춘천,218,0,0,0
중앙선,춘천,219,3,0,3
중앙선,춘천,220,1,0,0
중앙선,춘천,221,0,0,0
중앙선,춘천,222,1,0,0
중앙선,춘천,223,0,0,0
중앙선,춘천,224,0,0,0
중앙선,춘천,225,0,0,0
중앙선,춘천,226,0,0,0
중앙선,춘천,227,0,0,0
중앙선,춘천,228,1,0,0
중앙선,춘천,229,1,0,1
중앙선,춘천,230,3,0,3
중앙선,춘천,231,0,0,0
중앙선,춘천,232,1,0,0
중앙선,춘천,233,0,0,0
중앙선,춘천,234,1,0,0
중앙선,춘천,235,0,0,0
중앙선,춘천,236,2,1,0
중앙선,춘천,237,2,0,1
중앙선,춘천,238,0,0,0
중앙선,춘천,239,2,0,2
중앙선,춘천,240,0,0,0
중앙선,춘천,241,0,0,0
중앙선,춘천,242,0,0,0
중앙선,춘천,243,0,0,0
중앙선,춘천,244,0,0,0
중앙선,춘천,245,2,0,2
중앙선,춘천,246,1,0,1
중앙선,춘천,247,0,0,0
중앙선,춘천,248,1,1,0
중앙선,춘천,249,0,0,0
중앙선,춘천,250,0,0,0
중앙선,춘천,251,1,0,1
중앙선,춘천,252,0,0,0
중앙선,춘천,253,1,0,1
중앙선,춘천,254,0,0,0
중앙선,춘천,255,0,0,0
중앙선,춘천,256,1,0,1
중앙선,춘천,257,0,0,0
중앙선,춘천,258,0,0,0
중앙선,춘천,259,3,0,2
중앙선,춘천,260,1,0,1
중앙선,춘천,261,0,0,0
중앙선,춘천,262,0,0,0
중앙선,춘천,263,0,0,0
중앙선,춘천,264,0,0,0
중앙선,춘천,265,1,1,1
중앙선,춘천,266,0,0,0
중앙선,춘천,267,1,0,1
중앙선,춘천,268,0,0,0
중앙선,춘천,269,0,0,0
중앙선,춘천,270,0,0,0
중앙선,춘천,271,0,0,0
중앙선,춘천,272,0,0,0
중앙선,춘천,273,0,0,0
중앙선,춘천,274,0,0,0
중앙선,춘천,275,1,0,1
중앙선,춘천,276,0,0,0
중앙선,춘천,277,0,0,0
중앙선,춘천,278,0,0,0
중앙선,춘천,279,0,0,0
중앙선,춘천,280,0,0,0
중앙선,춘천,281,0,0,0
중앙선,춘천,282,0,0,0
중앙선,춘천,283,0,0,0
중앙선,춘천,284,0,0,0
중앙선,춘천,285,0,0,0
중앙선,춘천,286,0,0,0
중앙선,춘천,287,2,0,2
중앙선,춘천,288,1,0,1
중앙선,춘천,289,0,0,0
중앙선,춘천,290,0,0,0
중앙선,춘천,291,0,0,0
중앙선,춘천,292,1,0,1
중앙선,춘천,293,1,0,1
중앙선,춘천,294,1,0,1
중앙선,춘천,295,0,0,0
중앙선,춘천,296,1,0,0
중앙선,춘천,297,0,0,0
중앙선,춘천,298,0,0,0
중앙선,춘천,299,0,0,0
중앙선,춘천,300,1,0,3
중앙선,춘천,301,0,0,0
중앙선,춘천,302,0,0,0
중앙선,춘천,303,1,0,1
중앙선,춘천,304,0,0,0
중앙선,춘천,305,0,0,0
중앙선,춘천,306,0,0,0
중앙선,춘천,307,0,0,0
중앙선,춘천,308,0,0,0
중앙선,춘천,309,0,0,0
중앙선,춘천,310,0,0,0
중앙선,춘천,311,1,0,4
중앙선,춘천,312,2,0,3
중앙선,춘천,313,3,0,8
중앙선,춘천,314,3,0,4
중앙선,춘천,315,0,0,0
중앙선,춘천,316,0,0,0
중앙선,춘천,317,0,0,0
중앙선,춘천,318,0,0,0
중앙선,춘천,319,0,0,0
중앙선,춘천,320,0,0,0
중앙선,춘천,321,0,0,0
중앙선,춘천,322,0,0,0
중앙선,춘천,323,0,0,0
중앙선,춘천,324,0,0,0
중앙선,춘천,325,0,0,0
중앙선,춘천,326,0,0,0
중앙선,춘천,327,0,0,0
중앙선,춘천,328,0,0,0
중앙선,춘천,329,0,0,0
중앙선,춘천,330,0,0,0
중앙선,춘천,331,0,0,0
중앙선,춘천,332,0,0,0
중앙선,춘천,333,0,0,0
중앙선,춘천,334,0,0,0
중앙선,춘천,335,0,0,0
중앙선,춘천,336,0,0,0
중앙선,춘천,337,0,0,0
중앙선,춘천,338,0,0,0
중앙선,춘천,339,0,0,0
중앙선,춘천,340,1,0,1
중앙선,춘천,341,0,0,0
중앙선,춘천,342,0,0,0
중앙선,춘천,343,0,0,0
중앙선,춘천,344,0,0,0
중앙선,춘천,345,1,0,3
중앙선,춘천,346,0,0,0
중앙선,춘천,347,0,0,0
중앙선,춘천,348,0,0,0
중앙선,춘천,349,0,0,0
중앙선,춘천,350,0,0,0
중앙선,춘천,351,0,0,0
중앙선,춘천,352,0,0,0
중앙선,춘천,353,0,0,0
중앙선,춘천,354,0,0,0
중앙선,춘천,355,1,0,1
중앙선,춘천,356,0,0,0
중앙선,춘천,357,0,0,0
중앙선,춘천,358,0,0,0
중앙선,춘천,359,0,0,0
중앙선,춘천,360,0,0,0
중앙선,춘천,361,0,0,0
중앙선,춘천,362,0,0,0
중앙선,춘천,363,0,0,0
중앙선,춘천,364,0,0,0
중앙선,춘천,365,1,0,0
중앙선,춘천,366,0,0,0
중앙선,춘천,367,0,0,0
중앙선,춘천,368,0,0,0
중앙선,춘천,369,0,0,0
중앙선,춘천,370,0,0,0
중앙선,춘천,371,1,0,0
중앙선,춘천,372,0,0,0
중앙선,춘천,373,0,0,0
중앙선,춘천,374,2,0,2
중앙선,춘천,375,0,0,0
중앙선,춘천,376,0,0,0
중앙선,춘천,377,1,1,0
중앙선,춘천,378,0,0,0
중앙선,춘천,379,0,0,0
중앙선,춘천,380,0,0,0
중앙선,춘천,381,0,0,0
중앙선,춘천,382,0,0,0
중앙선,춘천,383,0,0,0
중앙선의 지선,김해,0,1,0,0
중앙선의 지선,김해,1,0,0,0
중앙선의 지선,김해,2,0,0,0
중앙선의 지선,김해,3,1,0,0
중앙선의 지선,김해,4,0,0,0
중앙선의 지선,김해,5,0,0,0
중앙선의 지선,김해,6,0,0,0
중앙선의 지선,김해,7,0,0,0
중앙선의 지선,김해,8,0,0,0
중앙선의 지선,김해,9,1,1,0
중앙선의 지선,김해,10,2,0,0
중앙선의 지선,김해,11,0,0,0
중앙선의 지선,김해,12,2,0,0
중앙선의 지선,김해,13,1,0,1
중앙선의 지선,김해,14,0,0,0
중앙선의 지선,김해,15,5,0,3
중앙선의 지선,김해,16,2,0,1
중앙선의 지선,김해,17,3,0,2
중앙선의 지선,양산,0,0,0,0
중앙선의 지선,양산,1,0,0,0
중앙선의 지선,양산,2,0,0,0
중앙선의 지선,양산,3,0,0,0
중앙선의 지선,양산,4,3,1,2
중앙선의 지선,양산,5,0,0,0
중앙선의 지선,양산,6,0,0,0
중앙선의 지선,양산,7,0,0,0
중앙선의 지선,양산,8,0,0,0
중앙선의 지선,양산,9,0,0,0
중앙선의 지선,양산,10,1,0,0
중앙선의 지선,양산,11,1,0,1
중앙선의 지선,양산,12,1,0,1
중앙선의 지선,양산,13,1,0,0
중앙선의 지선,양산,14,0,0,0
중앙선의 지선,양산,15,0,0,0
중앙선의 지선,양산,16,1,0,0
중앙선의 지선,양산,17,2,0,0
청주영덕선,상주,0,2,0,0
청주영덕선,상주,1,0,0,0
청주영덕선,상주,2,0,0,0
청주영덕선,상주,3,2,0,2
청주영덕선,상주,4,0,0,0
청주영덕선,상주,5,2,0,1
청주영덕선,상주,6,1,0,0
청주영덕선,상주,7,1,0,1
청주영덕선,상주,8,2,0,5
청주영덕선,상주,9,1,0,1
청주영덕선,상주,10,0,0,0
청주영덕선,상주,11,0,0,0
청주영덕선,상주,12,2,1,1
청주영덕선,상주,13,1,0,0
청주영덕선,상주,14,0,0,0
청주영덕선,상주,15,0,0,0
청주영덕선,상주,16,0,0,0
청주영덕선,상주,17,1,0,1
청주영덕선,상주,18,1,0,1
청주영덕선,상주,19,0,0,0
청주영덕선,상주,20,0,0,0
청주영덕선,상주,21,0,0,0
청주영덕선,상주,22,1,4,8
청주영덕선,상주,23,1,0,1
청주영덕선,상주,24,0,0,0
청주영덕선,상주,25,1,0,0
청주영덕선,상주,26,0,0,0
청주영덕선,상주,27,0,0,0
청주영덕선,상주,28,1,0,0
청주영덕선,상주,29,0,0,0
청주영덕선,상주,30,0,0,0
청주영덕선,상주,31,0,0,0
청주영덕선,상주,32,1,0,0
청주영덕선,상주,33,0,0,0
청주영덕선,상주,34,0,0,0
청주영덕선,상주,35,0,0,0
청주영덕선,상주,36,0,0,0
청주영덕선,상주,37,0,0,0
청주영덕선,상주,38,0,0,0
청주영덕선,상주,39,2,1,0
청주영덕선,상주,40,0,0,0
청주영덕선,상주,41,0,0,0
청주영덕선,상주,42,0,0,0
청주영덕선,상주,43,0,0,0
청주영덕선,상주,44,0,0,0
청주영덕선,상주,45,0,0,0
청주영덕선,상주,46,0,0,0
청주영덕선,상주,47,1,0,1
청주영덕선,상주,48,0,0,0
청주영덕선,상주,49,0,0,0
청주영덕선,상주,50,0,0,0
청주영덕선,상주,51,0,0,0
청주영덕선,상주,52,0,0,0
청주영덕선,상주,53,1,0,0
청주영덕선,상주,54,0,0,0
청주영덕선,상주,55,0,0,0
청주영덕선,상주,56,1,0,1
청주영덕선,상주,57,1,0,0
청주영덕선,상주,58,1,0,1
청주영덕선,상주,59,2,0,1
청주영덕선,상주,60,1,0,0
청주영덕선,상주,61,0,0,0
청주영덕선,상주,62,4,0,2
청주영덕선,상주,63,0,0,0
청주영덕선,상주,64,0,0,0
청주영덕선,상주,65,0,0,0
청주영덕선,상주,66,0,0,0
청주영덕선,상주,67,0,0,0
청주영덕선,상주,68,0,0,0
청주영덕선,상주,69,1,0,0
청주영덕선,상주,70,1,1,0
청주영덕선,상주,71,1,0,0
청주영덕선,상주,72,0,0,0
청주영덕선,상주,73,0,0,0
청주영덕선,상주,74,2,0,0
청주영덕선,상주,75,0,0,0
청주영덕선,상주,76,0,0,0
청주영덕선,상주,77,0,0,0
청주영덕선,상주,78,1,0,2
청주영덕선,상주,79,1,0,0
청주영덕선,상주,80,0,0,0
청주영덕선,상주,81,0,0,0
청주영덕선,상주,82,0,0,0
청주영덕선,상주,83,0,0,0
청주영덕선,상주,84,1,0,1
청주영덕선,상주,85,0,0,0
청주영덕선,상주,86,1,0,0
청주영덕선,상주,87,0,0,0
청주영덕선,상주,88,0,0,0
청주영덕선,상주,89,0,0,0
청주영덕선,상주,90,0,0,0
청주영덕선,상주,91,0,0,0
청주영덕선,상주,92,0,0,0
청주영덕선,상주,93,0,0,0
청주영덕선,상주,94,0,0,0
청주영덕선,상주,95,0,0,0
청주영덕선,상주,96,0,0,0
청주영덕선,상주,97,0,0,0
청주영덕선,상주,98,0,0,0
청주영덕선,상주,99,0,0,0
청주영덕선,상주,100,0,0,0
청주영덕선,상주,101,0,0,0
청주영덕선,상주,102,0,0,0
청주영덕선,상주,103,0,0,0
청주영덕선,상주,104,0,0,0
청주영덕선,상주,105,0,0,0
청주영덕선,상주,106,0,0,0
청주영덕선,상주,107,1,0,0
청주영덕선,상주,108,0,0,0
청주영덕선,상주,109,0,0,0
청주영덕선,상주,110,0,0,0
청주영덕선,상주,111,0,0,0
청주영덕선,상주,112,0,0,0
청주영덕선,상주,113,0,0,0
청주영덕선,상주,114,0,0,0
청주영덕선,상주,115,0,0,0
청주영덕선,상주,116,1,0,2
청주영덕선,상주,117,0,0,0
청주영덕선,상주,118,0,0,0
청주영덕선,상주,119,1,0,2
청주영덕선,상주,120,1,2,0
청주영덕선,상주,121,0,0,0
청주영덕선,상주,122,0,0,0
청주영덕선,상주,123,1,0,2
청주영덕선,상주,124,0,0,0
청주영덕선,상주,125,1,0,0
청주영덕선,상주,126,0,0,0
청주영덕선,상주,127,0,0,0
청주영덕선,상주,128,0,0,0
청주영덕선,상주,129,0,0,0
청주영덕선,상주,130,0,0,0
청주영덕선,상주,131,0,0,0
청주영덕선,상주,132,0,0,0
청주영덕선,상주,133,0,0,0
청주영덕선,상주,134,0,0,0
청주영덕선,상주,135,0,0,0
청주영덕선,상주,136,0,0,0
청주영덕선,상주,137,0,0,0
청주영덕선,상주,138,0,0,0
청주영덕선,상주,139,0,0,0
청주영덕선,상주,140,0,0,0
청주영덕선,상주,141,0,0,0
청주영덕선,상주,142,0,0,0
청주영덕선,상주,143,0,0,0
청주영덕선,상주,144,0,0,0
청주영덕선,상주,145,0,0,0
청주영덕선,상주,146,0,0,0
청주영덕선,상주,147,0,0,0
청주영덕선,상주,148,0,0,0
청주영덕선,상주,149,0,0,0
청주영덕선,상주,150,0,0,0
청주영덕선,상주,151,0,0,0
청주영덕선,상주,152,0,0,0
청주영덕선,상주,153,0,0,0
청주영덕선,상주,154,0,0,0
청주영덕선,상주,155,0,0,0
청주영덕선,상주,156,1,0,4
청주영덕선,상주,157,0,0,0
청주영덕선,상주,158,0,0,0
청주영덕선,상주,159,0,0,0
청주영덕선,상주,160,0,0,0
청주영덕선,상주,161,1,0,0
청주영덕선,상주,162,0,0,0
청주영덕선,상주,163,0,0,0
청주영덕선,상주,164,0,0,0
청주영덕선,상주,165,0,0,0
청주영덕선,상주,166,0,0,0
청주영덕선,상주,167,0,0,0
청주영덕선,상주,168,0,0,0
청주영덕선,상주,169,1,0,0
청주영덕선,상주,170,0,0,0
청주영덕선,상주,171,0,0,0
청주영덕선,상주,172,0,0,0
청주영덕선,상주,173,0,0,0
청주영덕선,상주,174,0,0,0
청주영덕선,상주,175,0,0,0
청주영덕선,상주,176,0,0,0
청주영덕선,상주,177,0,0,0
청주영덕선,상주,178,0,0,0
청주영덕선,상주,179,0,0,0
청주영덕선,상주,180,0,0,0
청주영덕선,상주,181,0,0,0
청주영덕선,영덕,0,0,0,0
청주영덕선,영덕,1,0,0,0
청주영덕선,영덕,2,0,0,0
청주영덕선,영덕,3,0,0,0
청주영덕선,영덕,4,0,0,0
청주영덕선,영덕,5,0,0,0
청주영덕선,영덕,6,0,0,0
청주영덕선,영덕,7,0,0,0
청주영덕선,영덕,8,0,0,0
청주영덕선,영덕,9,0,0,0
청주영덕선,영덕,10,0,0,0
청주영덕선,영덕,11,0,0,0
청주영덕선,영덕,12,0,0,0
청주영덕선,영덕,13,0,0,0
청주영덕선,영덕,14,0,0,0
청주영덕선,영덕,15,0,0,0
청주영덕선,영덕,16,0,0,0
청주영덕선,영덕,17,0,0,0
청주영덕선,영덕,18,0,0,0
청주영덕선,영덕,19,0,0,0
청주영덕선,영덕,20,0,0,0
청주영덕선,영덕,21,0,0,0
청주영덕선,영덕,22,0,0,0
청주영덕선,영덕,23,0,0,0
청주영덕선,영덕,24,0,0,0
청주영덕선,영덕,25,0,0,0
청주영덕선,영덕,26,0,0,0
청주영덕선,영덕,27,0,0,0
청주영덕선,영덕,28,0,0,0
청주영덕선,영덕,29,0,0,0
청주영덕선,영덕,30,0,0,0
청주영덕선,영덕,31,0,0,0
청주영덕선,영덕,32,0,0,0
청주영덕선,영덕,33,0,0,0
청주영덕선,영덕,34,0,0,0
청주영덕선,영덕,35,0,0,0
청주영덕선,영덕,36,0,0,0
청주영덕선,영덕,37,0,0,0
청주영덕선,영덕,38,0,0,0
청주영덕선,영덕,39,0,0,0
청주영덕선,영덕,40,0,0,0
청주영덕선,영덕,41,0,0,0
청주영덕선,영덕,42,0,0,0
청주영덕선,영덕,43,0,0,0
청주영덕선,영덕,44,0,0,0
청주영덕선,영덕,45,0,0,0
청주영덕선,영덕,46,0,0,0
청주영덕선,영덕,47,0,0,0
청주영덕선,영덕,48,0,0,0
청주영덕선,영덕,49,0,0,0
청주영덕선,영덕,50,0,0,0
청주영덕선,영덕,51,0,0,0
청주영덕선,영덕,52,0,0,0
청주영덕선,영덕,53,0,0,0
청주영덕선,영덕,54,0,0,0
청주영덕선,영덕,55,0,0,0
청주영덕선,영덕,56,0,0,0
청주영덕선,영덕,57,0,0,0
청주영덕선,영덕,58,0,0,0
청주영덕선,영덕,59,0,0,0
청주영덕선,영덕,60,0,0,0
청주영덕선,영덕,61,0,0,0
청주영덕선,영덕,62,0,0,0
청주영덕선,영덕,63,0,0,0
청주영덕선,영덕,64,0,0,0
청주영덕선,영덕,65,0,0,0
청주영덕선,영덕,66,0,0,0
청주영덕선,영덕,67,0,0,0
청주영덕선,영덕,68,0,0,0
청주영덕선,영덕,69,0,0,0
청주영덕선,영덕,70,0,0,0
청주영덕선,영덕,71,0,0,0
청주영덕선,영덕,72,0,0,0
청주영덕선,영덕,73,0,0,0
청주영덕선,영덕,74,0,0,0
청주영덕선,영덕,75,0,0,0
청주영덕선,영덕,76,0,0,0
청주영덕선,영덕,77,0,0,0
청주영덕선,영덕,78,0,0,0
청주영덕선,영덕,79,0,0,0
청주영덕선,영덕,80,0,0,0
청주영덕선,영덕,81,0,0,0
청주영덕선,영덕,82,0,0,0
청주영덕선,영덕,83,0,0,0
청주영덕선,영덕,84,0,0,0
청주영덕선,영덕,85,0,0,0
청주영덕선,영덕,86,0,0,0
청주영덕선,영덕,87,0,0,0
청주영덕선,영덕,88,0,0,0
청주영덕선,영덕,89,0,0,0
청주영덕선,영덕,90,1,0,1
청주영덕선,영덕,91,0,0,0
청주영덕선,영덕,92,0,0,0
청주영덕선,영덕,93,0,0,0
청주영덕선,영덕,94,0,0,0
청주영덕선,영덕,95,0,0,0
청주영덕선,영덕,96,0,0,0
청주영덕선,영덕,97,0,0,0
청주영덕선,영덕,98,0,0,0
청주영덕선,영덕,99,0,0,0
청주영덕선,영덕,100,0,0,0
청주영덕선,영덕,101,0,0,0
청주영덕선,영덕,102,0,0,0
청주영덕선,영덕,103,0,0,0
청주영덕선,영덕,104,0,0,0
청주영덕선,영덕,105,0,0,0
청주영덕선,영덕,106,0,0,0
청주영덕선,영덕,107,0,0,0
청주영덕선,영덕,108,0,0,0
청주영덕선,영덕,109,0,0,0
청주영덕선,영덕,110,1,0,1
청주영덕선,영덕,111,0,0,0
청주영덕선,영덕,112,0,0,0
청주영덕선,영덕,113,0,0,0
청주영덕선,영덕,114,0,0,0
청주영덕선,영덕,115,0,0,0
청주영덕선,영덕,116,1,0,1
청주영덕선,영덕,117,0,0,0
청주영덕선,영덕,118,0,0,0
청주영덕선,영덕,119,0,0,0
청주영덕선,영덕,120,0,0,0
청주영덕선,영덕,121,1,0,1
청주영덕선,영덕,122,0,0,0
청주영덕선,영덕,123,0,0,0
청주영덕선,영덕,124,1,0,1
청주영덕선,영덕,125,0,0,0
청주영덕선,영덕,126,0,0,0
청주영덕선,영덕,127,0,0,0
청주영덕선,영덕,128,0,0,0
청주영덕선,영덕,129,0,0,0
청주영덕선,영덕,130,0,0,0
청주영덕선,영덕,131,0,0,0
청주영덕선,영덕,132,0,0,0
청주영덕선,영덕,133,0,0,0
청주영덕선,영덕,134,0,0,0
청주영덕선,영덕,135,0,0,0
청주영덕선,영덕,136,0,0,0
청주영덕선,영덕,137,0,0,0
청주영덕선,영덕,138,0,0,0
청주영덕선,영덕,139,0,0,0
청주영덕선,영덕,140,1,0,0
청주영덕선,영덕,141,0,0,0
청주영덕선,영덕,142,1,0,0
청주영덕선,영덕,143,0,0,0
청주영덕선,영덕,144,0,0,0
청주영덕선,영덕,145,0,0,0
청주영덕선,영덕,146,0,0,0
청주영덕선,영덕,147,0,0,0
청주영덕선,영덕,148,1,0,1
청주영덕선,영덕,149,0,0,0
청주영덕선,영덕,150,0,0,0
청주영덕선,영덕,151,0,0,0
청주영덕선,영덕,152,0,0,0
청주영덕선,영덕,153,1,0,0
청주영덕선,영덕,154,0,0,0
청주영덕선,영덕,155,0,0,0
청주영덕선,영덕,156,0,0,0
청주영덕선,영덕,157,0,0,0
청주영덕선,영덕,158,0,0,0
청주영덕선,영덕,159,0,0,0
청주영덕선,영덕,160,0,0,0
청주영덕선,영덕,161,0,0,0
청주영덕선,영덕,162,0,0,0
청주영덕선,영덕,163,1,0,0
청주영덕선,영덕,164,0,0,0
청주영덕선,영덕,165,0,0,0
청주영덕선,영덕,166,0,0,0
청주영덕선,영덕,167,0,0,0
청주영덕선,영덕,168,0,0,0
청주영덕선,영덕,169,0,0,0
청주영덕선,영덕,170,0,0,0
청주영덕선,영덕,171,0,0,0
청주영덕선,영덕,172,0,0,0
청주영덕선,영덕,173,0,0,0
청주영덕선,영덕,174,0,0,0
청주영덕선,영덕,175,0,0,0
청주영덕선,영덕,176,0,0,0
청주영덕선,영덕,177,0,0,0
청주영덕선,영덕,178,0,0,0
청주영덕선,영덕,179,1,0,1
청주영덕선,영덕,180,0,0,0
청주영덕선,영덕,181,1,0,0
청주영덕선,청주,0,3,0,2
청주영덕선,청주,1,2,0,0
청주영덕선,청주,2,0,0,0
청주영덕선,청주,3,0,0,0
청주영덕선,청주,4,2,0,0
청주영덕선,청주,5,0,0,0
청주영덕선,청주,6,0,0,0
청주영덕선,청주,7,1,1,0
청주영덕선,청주,8,1,0,0
청주영덕선,청주,9,0,0,0
청주영덕선,청주,10,0,0,0
청주영덕선,청주,11,1,0,2
청주영덕선,청주,12,0,0,0
청주영덕선,청주,13,0,0,0
청주영덕선,청주,14,1,0,0
청주영덕선,청주,15,1,0,0
청주영덕선,청주,16,0,0,0
청주영덕선,청주,17,2,1,1
청주영덕선,청주,18,0,0,0
청주영덕선,청주,19,0,0,0
청주영덕선,청주,20,0,0,0
청주영덕선,청주,21,2,0,1
청주영덕선,청주,22,0,0,0
청주영덕선,청주,23,1,0,2
청주영덕선,청주,24,0,0,0
청주영덕선,청주,25,1,1,1
청주영덕선,청주,26,0,0,0
청주영덕선,청주,27,0,0,0
청주영덕선,청주,28,1,0,0
청주영덕선,청주,29,0,0,0
청주영덕선,청주,30,0,0,0
청주영덕선,청주,31,0,0,0
청주영덕선,청주,32,2,0,1
청주영덕선,청주,33,0,0,0
청주영덕선,청주,34,0,0,0
청주영덕선,청주,35,2,0,2
청주영덕선,청주,36,0,0,0
청주영덕선,청주,37,1,0,1
청주영덕선,청주,38,1,0,1
청주영덕선,청주,39,1,0,0
청주영덕선,청주,40,0,0,0
청주영덕선,청주,41,0,0,0
청주영덕선,청주,42,0,0,0
청주영덕선,청주,43,2,0,1
청주영덕선,청주,44,0,0,0
청주영덕선,청주,45,0,0,0
청주영덕선,청주,46,2,0,1
청주영덕선,청주,47,0,0,0
청주영덕선,청주,48,2,2,0
청주영덕선,청주,49,0,0,0
청주영덕선,청주,50,0,0,0
청주영덕선,청주,51,1,0,0
청주영덕선,청주,52,0,0,0
청주영덕선,청주,53,0,0,0
청주영덕선,청주,54,1,0,0
청주영덕선,청주,55,0,0,0
청주영덕선,청주,56,0,0,0
청주영덕선,청주,57,2,0,0
청주영덕선,청주,58,0,0,0
청주영덕선,청주,59,1,0,1
청주영덕선,청주,60,0,0,0
청주영덕선,청주,61,0,0,0
청주영덕선,청주,62,1,0,0
청주영덕선,청주,63,2,1,1
청주영덕선,청주,64,1,0,0
청주영덕선,청주,65,0,0,0
청주영덕선,청주,66,1,0,1
청주영덕선,청주,67,0,0,0
청주영덕선,청주,68,1,0,2
청주영덕선,청주,69,0,0,0
청주영덕선,청주,70,1,0,1
청주영덕선,청주,71,0,0,0
청주영덕선,청주,72,0,0,0
청주영덕선,청주,73,1,0,0
청주영덕선,청주,74,1,0,1
청주영덕선,청주,75,0,0,0
청주영덕선,청주,76,0,0,0
청주영덕선,청주,77,0,0,0
청주영덕선,청주,78,0,0,0
청주영덕선,청주,79,0,0,0
청주영덕선,청주,80,0,0,0
청주영덕선,청주,81,0,0,0
청주영덕선,청주,82,0,0,0
청주영덕선,청주,83,0,0,0
청주영덕선,청주,84,0,0,0
청주영덕선,청주,85,0,0,0
청주영덕선,청주,86,0,0,0
청주영덕선,청주,87,0,0,0
청주영덕선,청주,88,0,0,0
청주영덕선,청주,89,0,0,0
청주영덕선,청주,90,0,0,0
청주영덕선,청주,91,0,0,0
청주영덕선,청주,92,0,0,0
청주영덕선,청주,93,0,0,0
청주영덕선,청주,94,0,0,0
청주영덕선,청주,95,0,0,0
청주영덕선,청주,96,0,0,0
청주영덕선,청주,97,0,0,0
청주영덕선,청주,98,0,0,0
청주영덕선,청주,99,0,0,0
청주영덕선,청주,100,0,0,0
청주영덕선,청주,101,0,0,0
청주영덕선,청주,102,0,0,0
청주영덕선,청주,103,0,0,0
청주영덕선,청주,104,0,0,0
청주영덕선,청주,105,0,0,0
청주영덕선,청주,106,0,0,0
청주영덕선,청주,107,0,0,0
청주영덕선,청주,108,0,0,0
청주영덕선,청주,109,0,0,0
청주영덕선,청주,110,0,0,0
청주영덕선,청주,111,0,0,0
청주영덕선,청주,112,0,0,0
청주영덕선,청주,113,0,0,0
청주영덕선,청주,114,0,0,0
청주영덕선,청주,115,0,0,0
청주영덕선,청주,116,0,0,0
청주영덕선,청주,117,0,0,0
청주영덕선,청주,118,0,0,0
청주영덕선,청주,119,0,0,0
청주영덕선,청주,120,0,0,0
청주영덕선,청주,121,0,0,0
청주영덕선,청주,122,0,0,0
청주영덕선,청주,123,0,0,0
청주영덕선,청주,124,0,0,0
청주영덕선,청주,125,0,0,0
청주영덕선,청주,126,0,0,0
청주영덕선,청주,127,0,0,0
청주영덕선,청주,128,0,0,0
청주영덕선,청주,129,0,0,0
청주영덕선,청주,130,0,0,0
청주영덕선,청주,131,0,0,0
청주영덕선,청주,132,0,0,0
청주영덕선,청주,133,0,0,0
청주영덕선,청주,134,0,0,0
청주영덕선,청주,135,0,0,0
청주영덕선,청주,136,0,0,0
청주영덕선,청주,137,0,0,0
청주영덕선,청주,138,0,0,0
청주영덕선,청주,139,0,0,0
청주영덕선,청주,140,0,0,0
청주영덕선,청주,141,0,0,0
청주영덕선,청주,142,0,0,0
청주영덕선,청주,143,0,0,0
청주영덕선,청주,144,0,0,0
청주영덕선,청주,145,0,0,0
청주영덕선,청주,146,0,0,0
청주영덕선,청주,147,0,0,0
청주영덕선,청주,148,0,0,0
청주영덕선,청주,149,0,0,0
청주영덕선,청주,150,0,0,0
청주영덕선,청주,151,0,0,0
청주영덕선,청주,152,0,0,0
청주영덕선,청주,153,0,0,0
청주영덕선,청주,154,0,0,0
청주영덕선,청주,155,0,0,0
청주영덕선,청주,156,0,0,0
청주영덕선,청주,157,0,0,0
청주영덕선,청주,158,0,0,0
청주영덕선,청주,159,0,0,0
청주영덕선,청주,160,0,0,0
청주영덕선,청주,161,0,0,0
청주영덕선,청주,162,0,0,0
청주영덕선,청주,163,0,0,0
청주영덕선,청주,164,0,0,0
청주영덕선,청주,165,0,0,0
청주영덕선,청주,166,0,0,0
청주영덕선,청주,167,0,0,0
청주영덕선,청주,168,0,0,0
청주영덕선,청주,169,0,0,0
청주영덕선,청주,170,0,0,0
청주영덕선,청주,171,0,0,0
청주영덕선,청주,172,0,0,0
청주영덕선,청주,173,0,0,0
청주영덕선,청주,174,0,0,0
청주영덕선,청주,175,0,0,0
청주영덕선,청주,176,0,0,0
청주영덕선,청주,177,0,0,0
청주영덕선,청주,178,0,0,0
청주영덕선,청주,179,0,0,0
청주영덕선,청주,180,0,0,0
청주영덕선,청주,181,0,0,0
평택제천선,제천,0,3,0,3
평택제천선,제천,1,0,0,0
평택제천선,제천,2,1,0,0
평택제천선,제천,3,3,0,4
평택제천선,제천,4,1,0,0
평택제천선,제천,5,1,0,0
평택제천선,제천,6,4,0,1
평택제천선,제천,7,2,0,10
평택제천선,제천,8,1,1,0
평택제천선,제천,9,0,0,0
평택제천선,제천,10,0,0,0
평택제천선,제천,11,3,1,1
평택제천선,제천,12,0,0,0
평택제천선,제천,13,0,0,0
평택제천선,제천,14,0,0,0
평택제천선,제천,15,0,0,0
평택제천선,제천,16,0,0,0
평택제천선,제천,17,0,0,0
평택제천선,제천,18,0,0,0
평택제천선,제천,19,1,0,1
평택제천선,제천,20,0,0,0
평택제천선,제천,21,1,0,0
평택제천선,제천,22,1,0,0
평택제천선,제천,23,1,0,0
평택제천선,제천,24,2,0,0
평택제천선,제천,25,0,0,0
평택제천선,제천,26,0,0,0
평택제천선,제천,27,1,0,0
평택제천선,제천,28,2,1,0
평택제천선,제천,29,0,0,0
평택제천선,제천,30,1,1,1
평택제천선,제천,31,1,1,0
평택제천선,제천,32,0,0,0
평택제천선,제천,33,0,0,0
평택제천선,제천,34,2,3,2
평택제천선,제천,35,2,1,0
평택제천선,제천,36,0,0,0
평택제천선,제천,37,0,0,0
평택제천선,제천,38,0,0,0
평택제천선,제천,39,0,0,0
평택제천선,제천,40,2,0,0
평택제천선,제천,41,0,0,0
평택제천선,제천,42,1,0,1
평택제천선,제천,43,1,0,1
평택제천선,제천,44,0,0,0
평택제천선,제천,45,0,0,0
평택제천선,제천,46,1,0,0
평택제천선,제천,47,1,0,0
평택제천선,제천,48,0,0,0
평택제천선,제천,49,0,0,0
평택제천선,제천,50,0,0,0
평택제천선,제천,51,0,0,0
평택제천선,제천,52,2,0,1
평택제천선,제천,53,0,0,0
평택제천선,제천,54,0,0,0
평택제천선,제천,55,0,0,0
평택제천선,제천,56,2,1,1
평택제천선,제천,57,0,0,0
평택제천선,제천,58,0,0,0
평택제천선,제천,59,1,0,0
평택제천선,제천,60,0,0,0
평택제천선,제천,61,1,0,0
평택제천선,제천,62,0,0,0
평택제천선,제천,63,0,0,0
평택제천선,제천,64,0,0,0
평택제천선,제천,65,0,0,0
평택제천선,제천,66,2,0,2
평택제천선,제천,67,0,0,0
평택제천선,제천,68,0,0,0
평택제천선,제천,69,0,0,0
평택제천선,제천,70,0,0,0
평택제천선,제천,71,1,1,0
평택제천선,제천,72,1,0,0
평택제천선,제천,73,0,0,0
평택제천선,제천,74,0,0,0
평택제천선,제천,75,1,0,3
평택제천선,제천,76,1,0,2
평택제천선,제천,77,0,0,0
평택제천선,제천,78,0,0,0
평택제천선,제천,79,0,0,0
평택제천선,제천,80,0,0,0
평택제천선,제천,81,1,0,1
평택제천선,제천,82,0,0,0
평택제천선,제천,83,0,0,0
평택제천선,제천,84,0,0,0
평택제천선,제천,85,0,0,0
평택제천선,제천,86,0,0,0
평택제천선,제천,87,0,0,0
평택제천선,제천,88,0,0,0
평택제천선,제천,89,0,0,0
평택제천선,제천,90,0,0,0
평택제천선,제천,91,0,0,0
평택제천선,제천,92,0,0,0
평택제천선,제천,93,0,0,0
평택제천선,제천,94,0,0,0
평택제천선,제천,95,1,0,0
평택제천선,제천,96,0,0,0
평택제천선,제천,97,0,0,0
평택제천선,제천,98,0,0,0
평택제천선,제천,99,0,0,0
평택제천선,제천,100,0,0,0
평택제천선,제천,101,0,0,0
평택제천선,제천,102,1,0,1
평택제천선,제천,103,0,0,0
평택제천선,제천,104,1,0,1
평택제천선,제천,105,0,0,0
평택제천선,제천,106,0,0,0
평택제천선,제천,107,0,0,0
평택제천선,제천,108,0,0,0
평택제천선,제천,109,0,0,0
평택제천선,제천,110,1,0,0
평택제천선,제천,111,1,0,0
평택제천선,제천,112,1,0,1
평택제천선,제천,113,0,0,0
평택제천선,제천,114,0,0,0
평택제천선,제천,115,1,0,1
평택제천선,제천,116,0,0,0
평택제천선,제천,117,0,0,0
평택제천선,제천,118,0,0,0
평택제천선,제천,119,2,0,2
평택제천선,제천,120,0,0,0
평택제천선,제천,121,0,0,0
평택제천선,제천,122,0,0,0
평택제천선,제천,123,1,0,0
평택제천선,평택,0,2,1,0
평택제천선,평택,1,5,1,3
평택제천선,평택,2,3,0,3
평택제천선,평택,3,2,0,1
평택제천선,평택,4,2,1,0
평택제천선,평택,5,0,0,0
평택제천선,평택,6,0,0,0
평택제천선,평택,7,0,0,0
평택제천선,평택,8,2,0,1
평택제천선,평택,9,1,0,0
평택제천선,평택,10,1,0,1
평택제천선,평택,11,0,0,0
평택제천선,평택,12,0,0,0
평택제천선,평택,13,1,0,0
평택제천선,평택,14,1,0,0
평택제천선,평택,15,1,0,0
평택제천선,평택,16,0,0,0
평택제천선,평택,17,1,1,1
평택제천선,평택,18,0,0,0
평택제천선,평택,19,0,0,0
평택제천선,평택,20,0,0,0
평택제천선,평택,21,2,0,0
평택제천선,평택,22,0,0,0
평택제천선,평택,23,1,0,1
평택제천선,평택,24,2,0,1
평택제천선,평택,25,1,0,1
평택제천선,평택,26,0,0,0
평택제천선,평택,27,0,0,0
평택제천선,평택,28,0,0,0
평택제천선,평택,29,0,0,0
평택제천선,평택,30,1,0,0
평택제천선,평택,31,0,0,0
평택제천선,평택,32,1,1,1
평택제천선,평택,33,1,0,0
평택제천선,평택,34,0,0,0
평택제천선,평택,35,0,0,0
평택제천선,평택,36,0,0,0
평택제천선,평택,37,0,0,0
평택제천선,평택,38,0,0,0
평택제천선,평택,39,0,0,0
평택제천선,평택,40,0,0,0
평택제천선,평택,41,1,0,1
평택제천선,평택,42,1,0,1
평택제천선,평택,43,0,0,0
평택제천선,평택,44,0,0,0
평택제천선,평택,45,0,0,0
평택제천선,평택,46,0,0,0
평택제천선,평택,47,1,0,0
평택제천선,평택,48,1,0,0
평택제천선,평택,49,0,0,0
평택제천선,평택,50,0,0,0
평택제천선,평택,51,2,2,2
평택제천선,평택,52,2,0,0
평택제천선,평택,53,2,0,2
평택제천선,평택,54,0,0,0
평택제천선,평택,55,1,0,2
평택제천선,평택,56,0,0,0
평택제천선,평택,57,0,0,0
평택제천선,평택,58,0,0,0
평택제천선,평택,59,0,0,0
평택제천선,평택,60,0,0,0
평택제천선,평택,61,0,0,0
평택제천선,평택,62,1,0,3
평택제천선,평택,63,0,0,0
평택제천선,평택,64,0,0,0
평택제천선,평택,65,0,0,0
평택제천선,평택,66,0,0,0
평택제천선,평택,67,0,0,0
평택제천선,평택,68,0,0,0
평택제천선,평택,69,1,0,1
평택제천선,평택,70,1,0,0
평택제천선,평택,71,1,0,0
평택제천선,평택,72,0,0,0
평택제천선,평택,73,0,0,0
평택제천선,평택,74,0,0,0
평택제천선,평택,75,1,0,0
평택제천선,평택,76,0,0,0
평택제천선,평택,77,0,0,0
평택제천선,평택,78,0,0,0
평택제천선,평택,79,0,0,0
평택제천선,평택,80,0,0,0
평택제천선,평택,81,1,0,0
평택제천선,평택,82,0,0,0
평택제천선,평택,83,1,1,0
평택제천선,평택,84,0,0,0
평택제천선,평택,85,0,0,0
평택제천선,평택,86,0,0,0
평택제천선,평택,87,0,0,0
평택제천선,평택,88,0,0,0
평택제천선,평택,89,0,0,0
평택제천선,평택,90,0,0,0
평택제천선,평택,91,0,0,0
평택제천선,평택,92,1,0,0
평택제천선,평택,93,0,0,0
평택제천선,평택,94,0,0,0
평택제천선,평택,95,0,0,0
평택제천선,평택,96,0,0,0
평택제천선,평택,97,0,0,0
평택제천선,평택,98,0,0,0
평택제천선,평택,99,0,0,0
평택제천선,평택,100,0,0,0
평택제천선,평택,101,0,0,0
평택제천선,평택,102,0,0,0
평택제천선,평택,103,0,0,0
평택제천선,평택,104,0,0,0
평택제천선,평택,105,0,0,0
평택제천선,평택,106,0,0,0
평택제천선,평택,107,0,0,0
평택제천선,평택,108,0,0,0
평택제천선,평택,109,0,0,0
평택제천선,평택,110,0,0,0
평택제천선,평택,111,0,0,0
평택제천선,평택,112,0,0,0
평택제천선,평택,113,0,0,0
평택제천선,평택,114,0,0,0
평택제천선,평택,115,1,0,1
평택제천선,평택,116,0,0,0
평택제천선,평택,117,0,0,0
평택제천선,평택,118,0,0,0
평택제천선,평택,119,0,0,0
평택제천선,평택,120,0,0,0
평택제천선,평택,121,0,0,0
평택제천선,평택,122,0,0,0
평택제천선,평택,123,0,0,0
함양울산선,밀양,100,2,1,3
함양울산선,밀양,101,0,0,0
함양울산선,밀양,102,0,0,0
함양울산선,밀양,103,0,0,0
함양울산선,밀양,104,0,0,0
함양울산선,밀양,105,0,0,0
함양울산선,밀양,106,0,0,0
함양울산선,밀양,107,0,0,0
함양울산선,밀양,108,0,0,0
함양울산선,밀양,109,0,0,0
함양울산선,밀양,110,0,0,0
함양울산선,밀양,111,0,0,0
함양울산선,밀양,112,1,0,0
함양울산선,밀양,113,0,0,0
함양울산선,밀양,114,0,0,0
함양울산선,밀양,115,1,0,1
함양울산선,밀양,116,1,0,1
함양울산선,밀양,117,0,0,0
함양울산선,밀양,118,0,0,0
함양울산선,밀양,119,0,0,0
함양울산선,밀양,120,3,0,1
함양울산선,밀양,121,1,0,0
함양울산선,밀양,122,1,0,0
함양울산선,밀양,123,0,0,0
함양울산선,밀양,124,0,0,0
함양울산선,밀양,125,0,0,0
함양울산선,밀양,126,0,0,0
함양울산선,밀양,127,0,0,0
함양울산선,밀양,128,0,0,0
함양울산선,밀양,129,0,0,0
함양울산선,밀양,130,0,0,0
함양울산선,밀양,131,1,0,2
함양울산선,밀양,132,0,0,0
함양울산선,밀양,133,1,0,0
함양울산선,밀양,134,0,0,0
함양울산선,밀양,135,0,0,0
함양울산선,밀양,136,0,0,0
함양울산선,밀양,137,0,0,0
함양울산선,밀양,138,0,0,0
함양울산선,밀양,139,0,0,0
함양울산선,밀양,140,0,0,0
함양울산선,밀양,141,0,0,0
함양울산선,밀양,142,0,0,0
함양울산선,밀양,143,0,0,0
함양울산선,밀양,144,1,1,0
함양울산선,울산,100,0,0,0
함양울산선,울산,101,0,0,0
함양울산선,울산,102,0,0,0
함양울산선,울산,103,0,0,0
함양울산선,울산,104,0,0,0
함양울산선,울산,105,0,0,0
함양울산선,울산,106,0,0,0
함양울산선,울산,107,0,0,0
함양울산선,울산,108,0,0,0
함양울산선,울산,109,0,0,0
함양울산선,울산,110,0,0,0
함양울산선,울산,111,0,0,0
함양울산선,울산,112,0,0,0
함양울산선,울산,113,0,0,0
함양울산선,울산,114,0,0,0
함양울산선,울산,115,0,0,0
함양울산선,울산,116,0,0,0
함양울산선,울산,117,0,0,0
함양울산선,울산,118,0,0,0
함양울산선,울산,119,0,0,0
함양울산선,울산,120,2,0,1
함양울산선,울산,121,1,0,0
함양울산선,울산,122,0,0,0
함양울산선,울산,123,0,0,0
함양울산선,울산,124,0,0,0
함양울산선,울산,125,1,0,1
함양울산선,울산,126,0,0,0
함양울산선,울산,127,0,0,0
함양울산선,울산,128,0,0,0
함양울산선,울산,129,0,0,0
함양울산선,울산,130,0,0,0
함양울산선,울산,131,0,0,0
함양울산선,울산,132,0,0,0
함양울산선,울산,133,0,0,0
함양울산선,울산,134,0,0,0
함양울산선,울산,135,0,0,0
함양울산선,울산,136,0,0,0
함양울산선,울산,137,0,0,0
함양울산선,울산,138,0,0,0
함양울산선,울산,139,0,0,0
함양울산선,울산,140,0,0,0
함양울산선,울산,141,0,0,0
함양울산선,울산,142,2,0,0
함양울산선,울산,143,0,0,0
함양울산선,울산,144,0,0,0
호남선,순천,0,1,1,0
호남선,순천,1,1,0,0
호남선,순천,2,2,0,1
호남선,순천,3,1,0,0
호남선,순천,4,0,0,0
호남선,순천,5,2,0,0
호남선,순천,6,1,0,1
호남선,순천,7,0,0,0
호남선,순천,8,0,0,0
호남선,순천,9,2,0,0
호남선,순천,10,0,0,0
호남선,순천,11,0,0,0
호남선,순천,12,0,0,0
호남선,순천,13,0,0,0
호남선,순천,14,2,0,0
호남선,순천,15,0,0,0
호남선,순천,16,0,0,0
호남선,순천,17,1,0,0
호남선,순천,18,2,2,2
호남선,순천,19,0,0,0
호남선,순천,20,1,0,1
호남선,순천,21,0,0,0
호남선,순천,22,0,0,0
호남선,순천,23,0,0,0
호남선,순천,24,0,0,0
호남선,순천,25,1,1,0
호남선,순천,26,0,0,0
호남선,순천,27,0,0,0
호남선,순천,28,0,0,0
호남선,순천,29,0,0,0
호남선,순천,30,0,0,0
호남선,순천,31,0,0,0
호남선,순천,32,0,0,0
호남선,순천,33,0,0,0
호남선,순천,34,0,0,0
호남선,순천,35,0,0,0
호남선,순천,36,0,0,0
호남선,순천,37,0,0,0
호남선,순천,38,0,0,0
호남선,순천,39,0,0,0
호남선,순천,40,0,0,0
호남선,순천,41,1,0,0
호남선,순천,42,0,0,0
호남선,순천,43,0,0,0
호남선,순천,44,1,0,1
호남선,순천,45,0,0,0
호남선,순천,46,0,0,0
호남선,순천,47,0,0,0
호남선,순천,48,0,0,0
호남선,순천,49,0,0,0
호남선,순천,50,2,0,0
호남선,순천,51,0,0,0
호남선,순천,52,0,0,0
호남선,순천,53,0,0,0
호남선,순천,54,0,0,0
호남선,순천,55,1,0,0
호남선,순천,56,0,0,0
호남선,순천,57,0,0,0
호남선,순천,58,0,0,0
호남선,순천,59,1,0,0
호남선,순천,60,0,0,0
호남선,순천,61,0,0,0
호남선,순천,62,0,0,0
호남선,순천,63,1,0,2
호남선,순천,64,0,0,0
호남선,순천,65,2,0,0
호남선,순천,66,0,0,0
호남선,순천,67,0,0,0
호남선,순천,68,0,0,0
호남선,순천,69,0,0,0
호남선,순천,70,0,0,0
호남선,순천,71,3,0,3
호남선,순천,72,0,0,0
호남선,순천,73,0,0,0
호남선,순천,74,0,0,0
호남선,순천,75,0,0,0
호남선,순천,76,0,0,0
호남선,순천,77,0,0,0
호남선,순천,78,2,0,0
호남선,순천,79,1,0,1
호남선,순천,80,2,0,0
호남선,순천,81,2,0,1
호남선,순천,82,0,0,0
호남선,순천,83,2,1,3
호남선,순천,84,2,1,0
호남선,순천,85,1,0,1
호남선,순천,86,1,0,0
호남선,순천,87,0,0,0
호남선,순천,88,0,0,0
호남선,순천,89,0,0,0
호남선,순천,90,1,0,0
호남선,순천,91,0,0,0
호남선,순천,92,0,0,0
호남선,순천,93,1,0,0
호남선,순천,94,2,0,3
호남선,순천,95,0,0,0
호남선,순천,96,2,0,1
호남선,순천,97,1,1,1
호남선,순천,98,2,0,0
호남선,순천,99,2,1,2
호남선,순천,100,0,0,0
호남선,순천,101,1,0,1
호남선,순천,102,1,0,0
호남선,순천,103,2,0,2
호남선,순천,104,0,0,0
호남선,순천,105,0,0,0
호남선,순천,106,0,0,0
호남선,순천,107,1,0,2
호남선,순천,108,2,0,1
호남선,순천,109,0,0,0
호남선,순천,110,0,0,0
호남선,순천,111,0,0,0
호남선,순천,112,0,0,0
호남선,순천,113,0,0,0
호남선,순천,114,1,0,1
호남선,순천,115,0,0,0
호남선,순천,116,1,0,0
호남선,순천,117,3,1,2
호남선,순천,118,1,0,1
호남선,순천,119,0,0,0
호남선,순천,120,1,0,1
호남선,순천,121,2,0,2
호남선,순천,122,0,0,0
호남선,순천,123,0,0,0
호남선,순천,124,1,0,1
호남선,순천,125,0,0,0
호남선,순천,126,0,0,0
호남선,순천,127,0,0,0
호남선,순천,128,1,0,0
호남선,순천,129,0,0,0
호남선,순천,130,0,0,0
호남선,순천,131,0,0,0
호남선,순천,132,2,0,1
호남선,순천,133,0,0,0
호남선,순천,134,0,0,0
호남선,순천,135,2,0,2
호남선,순천,136,1,0,2
호남선,순천,137,1,0,2
호남선,순천,138,0,0,0
호남선,순천,139,2,1,2
호남선,순천,140,0,0,0
호남선,순천,141,4,0,5
호남선,순천,142,0,0,0
호남선,순천,143,0,0,0
호남선,순천,144,0,0,0
호남선,순천,145,1,0,1
호남선,순천,146,0,0,0
호남선,순천,147,0,0,0
호남선,순천,148,0,0,0
호남선,순천,149,1,0,1
호남선,순천,150,0,0,0
호남선,순천,151,1,0,1
호남선,순천,152,0,0,0
호남선,순천,153,0,0,0
호남선,순천,154,0,0,0
호남선,순천,155,2,0,2
호남선,순천,156,1,0,0
호남선,순천,157,1,0,0
호남선,순천,158,1,0,1
호남선,순천,159,0,0,0
호남선,순천,160,2,0,4
호남선,순천,161,0,0,0
호남선,순천,162,2,0,2
호남선,순천,163,2,0,5
호남선,순천,164,3,0,2
호남선,순천,165,3,1,2
호남선,순천,166,0,0,0
호남선,순천,167,1,0,0
호남선,순천,168,1,0,1
호남선,순천,169,0,0,0
호남선,순천,170,0,0,0
호남선,순천,171,0,0,0
호남선,순천,172,0,0,0
호남선,순천,173,6,1,1
호남선,순천,174,0,0,0
호남선,순천,175,0,0,0
호남선,순천,176,1,0,0
호남선,순천,177,0,0,0
호남선,순천,178,0,0,0
호남선,순천,179,1,0,1
호남선,순천,180,0,0,0
호남선,순천,181,0,0,0
호남선,순천,182,1,0,0
호남선,순천,183,2,1,10
호남선,순천,184,2,0,0
호남선,순천,185,0,0,0
호남선,순천,186,1,0,0
호남선,순천,187,1,0,1
호남선,순천,188,0,0,0
호남선,순천,189,3,0,1
호남선,순천,190,0,0,0
호남선,순천,191,1,0,2
호남선,순천,192,1,0,0
호남선,순천,193,2,0,1
호남선,순천,194,0,0,0
호남선,천안,0,0,0,0
호남선,천안,1,0,0,0
호남선,천안,2,1,0,1
호남선,천안,3,0,0,0
호남선,천안,4,1,0,0
호남선,천안,5,0,0,0
호남선,천안,6,0,0,0
호남선,천안,7,1,1,0
호남선,천안,8,0,0,0
호남선,천안,9,0,0,0
호남선,천안,10,1,1,0
호남선,천안,11,0,0,0
호남선,천안,12,0,0,0
호남선,천안,13,0,0,0
호남선,천안,14,1,0,0
호남선,천안,15,1,0,1
호남선,천안,16,0,0,0
호남선,천안,17,1,0,0
호남선,천안,18,0,0,0
호남선,천안,19,1,0,0
호남선,천안,20,0,0,0
호남선,천안,21,0,0,0
호남선,천안,22,0,0,0
호남선,천안,23,0,0,0
호남선,천안,24,0,0,0
호남선,천안,25,0,0,0
호남선,천안,26,0,0,0
호남선,천안,27,0,0,0
호남선,천안,28,0,0,0
호남선,천안,29,0,0,0
호남선,천안,30,0,0,0
호남선,천안,31,0,0,0
호남선,천안,32,0,0,0
호남선,천안,33,1,0,3
호남선,천안,34,0,0,0
호남선,천안,35,0,0,0
호남선,천안,36,0,0,0
호남선,천안,37,0,0,0
호남선,천안,38,4,0,4
호남선,천안,39,0,0,0
호남선,천안,40,0,0,0
호남선,천안,41,0,0,0
호남선,천안,42,0,0,0
호남선,천안,43,0,0,0
호남선,천안,44,0,0,0
호남선,천안,45,0,0,0
호남선,천안,46,0,0,0
호남선,천안,47,0,0,0
호남선,천안,48,0,0,0
호남선,천안,49,0,0,0
호남선,천안,50,0,0,0
호남선,천안,51,0,0,0
호남선,천안,52,0,0,0
호남선,천안,53,1,0,0
호남선,천안,54,1,0,0
호남선,천안,55,3,0,0
호남선,천안,56,0,0,0
호남선,천안,57,0,0,0
호남선,천안,58,0,0,0
호남선,천안,59,0,0,0
호남선,천안,60,0,0,0
호남선,천안,61,0,0,0
호남선,천안,62,0,0,0
호남선,천안,63,0,0,0
호남선,천안,64,1,0,1
호남선,천안,65,1,2,0
호남선,천안,66,0,0,0
호남선,천안,67,0,0,0
호남선,천안,68,1,0,0
호남선,천안,69,0,0,0
호남선,천안,70,1,0,1
호남선,천안,71,0,0,0
호남선,천안,72,0,0,0
호남선,천안,73,4,0,3
호남선,천안,74,1,0,4
호남선,천안,75,0,0,0
호남선,천안,76,0,0,0
호남선,천안,77,1,0,0
호남선,천안,78,2,0,1
호남선,천안,79,1,0,0
호남선,천안,80,1,0,1
호남선,천안,81,0,0,0
호남선,천안,82,0,0,0
호남선,천안,83,0,0,0
호남선,천안,84,0,0,0
호남선,천안,85,2,1,0
호남선,천안,86,1,0,0
호남선,천안,87,0,0,0
호남선,천안,88,0,0,0
호남선,천안,89,2,1,1
호남선,천안,90,0,0,0
호남선,천안,91,1,0,1
호남선,천안,92,0,0,0
호남선,천안,93,1,0,1
호남선,천안,94,1,0,2
호남선,천안,95,0,0,0
호남선,천안,96,0,0,0
호남선,천안,97,1,0,0
호남선,천안,98,1,0,1
호남선,천안,99,0,0,0
호남선,천안,100,0,0,0
호남선,천안,101,1,2,0
호남선,천안,102,1,0,1
호남선,천안,103,0,0,0
호남선,천안,104,0,0,0
호남선,천안,105,0,0,0
호남선,천안,106,0,0,0
호남선,천안,107,0,0,0
호남선,천안,108,1,0,0
호남선,천안,109,0,0,0
호남선,천안,110,0,0,0
호남선,천안,111,2,0,2
호남선,천안,112,2,0,2
호남선,천안,113,0,0,0
호남선,천안,114,0,0,0
호남선,천안,115,0,0,0
호남선,천안,116,1,0,0
호남선,천안,117,1,0,0
호남선,천안,118,3,2,1
호남선,천안,119,0,0,0
호남선,천안,120,0,0,0
호남선,천안,121,0,0,0
호남선,천안,122,0,0,0
호남선,천안,123,0,0,0
호남선,천안,124,1,0,3
호남선,천안,125,0,0,0
호남선,천안,126,1,0,5
호남선,천안,127,0,0,0
호남선,천안,128,1,0,0
호남선,천안,129,0,0,0
호남선,천안,130,0,0,0
호남선,천안,131,1,0,1
호남선,천안,132,1,0,2
호남선,천안,133,1,0,4
호남선,천안,134,0,0,0
호남선,천안,135,0,0,0
호남선,천안,136,0,0,0
호남선,천안,137,0,0,0
호남선,천안,138,1,0,0
호남선,천안,139,1,0,1
호남선,천안,140,1,0,0
호남선,천안,141,1,0,1
호남선,천안,142,1,0,1
호남선,천안,143,0,0,0
호남선,천안,144,0,0,0
호남선,천안,145,0,0,0
호남선,천안,146,0,0,0
호남선,천안,147,0,0,0
호남선,천안,148,0,0,0
호남선,천안,149,0,0,0
호남선,천안,150,0,0,0
호남선,천안,151,1,0,0
호남선,천안,152,0,0,0
호남선,천안,153,0,0,0
호남선,천안,154,2,0,2
호남선,천안,155,0,0,0
호남선,천안,156,0,0,0
호남선,천안,157,0,0,0
호남선,천안,158,0,0,0
호남선,천안,159,0,0,0
호남선,천안,160,0,0,0
호남선,천안,161,1,0,0
호남선,천안,162,0,0,0
호남선,천안,163,0,0,0
호남선,천안,164,1,1,1
호남선,천안,165,0,0,0
호남선,천안,166,2,1,2
호남선,천안,167,1,0,1
호남선,천안,168,0,0,0
호남선,천안,169,1,0,4
호남선,천안,170,1,0,1
호남선,천안,171,1,0,0
호남선,천안,172,0,0,0
호남선,천안,173,4,0,7
호남선,천안,174,1,0,1
호남선,천안,175,0,0,0
호남선,천안,176,1,1,1
호남선,천안,177,1,0,1
호남선,천안,178,0,0,0
호남선,천안,179,1,0,0
호남선,천안,180,0,0,0
호남선,천안,181,1,0,1
호남선,천안,182,0,0,0
호남선,천안,183,0,0,0
호남선,천안,184,0,0,0
호남선,천안,185,0,0,0
호남선,천안,186,1,0,1
호남선,천안,187,0,0,0
호남선,천안,188,2,0,2
호남선,천안,189,0,0,0
호남선,천안,190,1,0,0
호남선,천안,191,0,0,0
호남선,천안,192,0,0,0
호남선,천안,193,2,0,0
호남선,천안,194,1,0,1
호남선의 지선,논산,4,0,0,0
호남선의 지선,논산,5,2,1,0
호남선의 지선,논산,6,2,0,1
호남선의 지선,논산,7,1,0,0
호남선의 지선,논산,8,3,0,1
호남선의 지선,논산,9,0,0,0
호남선의 지선,논산,10,0,0,0
호남선의 지선,논산,11,0,0,0
호남선의 지선,논산,12,2,0,2
호남선의 지선,논산,13,2,0,0
호남선의 지선,논산,14,2,0,1
호남선의 지선,논산,15,1,0,1
호남선의 지선,논산,16,0,0,0
호남선의 지선,논산,17,1,0,1
호남선의 지선,논산,18,1,0,0
호남선의 지선,논산,19,0,0,0
호남선의 지선,논산,20,0,0,0
호남선의 지선,논산,21,0,0,0
호남선의 지선,논산,22,0,0,0
호남선의 지선,논산,23,0,0,0
호남선의 지선,논산,24,0,0,0
호남선의 지선,논산,25,1,0,1
호남선의 지선,논산,26,0,0,0
호남선의 지선,논산,27,0,0,0
호남선의 지선,논산,28,1,0,0
호남선의 지선,논산,29,0,0,0
호남선의 지선,논산,30,0,0,0
호남선의 지선,논산,31,0,0,0
호남선의 지선,논산,32,0,0,0
호남선의 지선,논산,33,0,0,0
호남선의 지선,논산,34,1,0,1
호남선의 지선,논산,35,0,0,0
호남선의 지선,논산,36,1,0,0
호남선의 지선,논산,37,0,0,0
호남선의 지선,논산,38,0,0,0
호남선의 지선,논산,39,0,0,0
호남선의 지선,논산,40,1,0,3
호남선의 지선,논산,41,0,0,0
호남선의 지선,논산,42,2,2,3
호남선의 지선,논산,43,0,0,0
호남선의 지선,논산,44,0,0,0
호남선의 지선,논산,45,0,0,0
호남선의 지선,논산,46,0,0,0
호남선의 지선,논산,47,0,0,0
호남선의 지선,논산,48,1,0,0
호남선의 지선,논산,49,0,0,0
호남선의 지선,논산,50,0,0,0
호남선의 지선,논산,51,0,0,0
호남선의 지선,논산,52,1,0,0
호남선의 지선,논산,53,2,0,1
호남선의 지선,논산,54,0,0,0
호남선의 지선,대전,4,1,0,0
호남선의 지선,대전,5,3,0,2
호남선의 지선,대전,6,0,0,0
호남선의 지선,대전,7,2,0,1
호남선의 지선,대전,8,0,0,0
호남선의 지선,대전,9,0,0,0
호남선의 지선,대전,10,0,0,0
호남선의 지선,대전,11,0,0,0
호남선의 지선,대전,12,0,0,0
호남선의 지선,대전,13,0,0,0
호남선의 지선,대전,14,0,0,0
호남선의 지선,대전,15,0,0,0
호남선의 지선,대전,16,0,0,0
호남선의 지선,대전,17,3,0,1
호남선의 지선,대전,18,0,0,0
호남선의 지선,대전,19,3,0,3
호남선의 지선,대전,20,1,0,0
호남선의 지선,대전,21,0,0,0
호남선의 지선,대전,22,0,0,0
호남선의 지선,대전,23,1,0,1
호남선의 지선,대전,24,0,0,0
호남선의 지선,대전,25,0,0,0
호남선의 지선,대전,26,0,0,0
호남선의 지선,대전,27,1,0,0
호남선의 지선,대전,28,1,0,0
호남선의 지선,대전,29,1,0,0
호남선의 지선,대전,30,0,0,0
호남선의 지선,대전,31,0,0,0
호남선의 지선,대전,32,1,0,0
호남선의 지선,대전,33,1,0,1
호남선의 지선,대전,34,0,0,0
호남선의 지선,대전,35,0,0,0
호남선의 지선,대전,36,0,0,0
호남선의 지선,대전,37,0,0,0
호남선의 지선,대전,38,0,0,0
호남선의 지선,대전,39,0,0,0
호남선의 지선,대전,40,0,0,0
호남선의 지선,대전,41,1,0,1
호남선의 지선,대전,42,0,0,0
호남선의 지선,대전,43,2,0,0
호남선의 지선,대전,44,1,0,6
호남선의 지선,대전,45,0,0,0
호남선의 지선,대전,46,0,0,0
호남선의 지선,대전,47,2,0,0
호남선의 지선,대전,48,0,0,0
호남선의 지선,대전,49,0,0,0
호남선의 지선,대전,50,0,0,0
호남선의 지선,대전,51,0,0,0
호남선의 지선,대전,52,1,0,0
호남선의 지선,대전,53,1,0,0
호남선의 지선,대전,54,1,0,0
