road_id,s_m,km,name,route,route_cd,direction,direction_sign
r1-0,1090.0,1.4,0010VDE00100,경부선,0010,E,1
r1-0,2090.0,2.4,0010VDE00200,경부선,0010,E,1
r1-0,2990.0,3.3,0010VDE00300,경부선,0010,E,1
r1-0,4190.0,4.5,0010VDE00401,경부선,0010,E,1
r1-0,4800.0,5.1,0010VDE00500,경부선,0010,E,1
r1-0,6000.0,6.3,0010VDE00600,경부선,0010,E,1
r1-0,7000.0,7.3,0010VDE00700,경부선,0010,E,1
r1-0,8100.0,8.4,0010VDE00801,경부선,0010,E,1
r1-0,8900.0,9.2,0010VDE00900,경부선,0010,E,1
r1-0,9700.0,10.0,0010VDE01001,경부선,0010,E,1
r1-0,10790.0,11.1,0010VDE01100,경부선,0010,E,1
r1-0,11590.0,11.9,0010VDE01200,경부선,0010,E,1
r1-0,12490.0,12.8,0010VDE01300,경부선,0010,E,1
r1-0,14080.0,14.4,0010VDE01500,경부선,0010,E,1
r1-0,15180.0,15.5,0010VDE01600,경부선,0010,E,1
r1-0,16180.0,16.5,0010VDE01700,경부선,0010,E,1
r1-0,17880.0,18.2,0010VDE01900,경부선,0010,E,1
r1-0,18780.0,19.1,0010VDE02000,경부선,0010,E,1
r1-0,19780.0,20.1,0010VDE02100,경부선,0010,E,1
r1-0,20580.0,20.9,0010VDE02200,경부선,0010,E,1
r1-0,21380.0,21.7,0010VDE02300,경부선,0010,E,1
r1-0,22380.0,22.7,0010VDE02400,경부선,0010,E,1
r1-0,23180.0,23.5,0010VDE02500,경부선,0010,E,1
r1-0,24180.0,24.5,0010VDE02600,경부선,0010,E,1
r1-0,25080.0,25.4,0010VDE02700,경부선,0010,E,1
r1-0,26180.0,26.5,0010VDE02800,경부선,0010,E,1
r1-0,26980.0,27.3,0010VDE02850,경부선,0010,E,1
r1-0,27180.0,27.5,0010VDE02900,경부선,0010,E,1
r1-0,28180.0,28.5,0010VDE03000,경부선,0010,E,1
r1-0,28780.0,29.1,0010VDE03100,경부선,0010,E,1
r1-0,29980.0,30.3,0010VDE03200,경부선,0010,E,1
r1-0,30880.0,31.2,0010VDE03300,경부선,0010,E,1
r1-0,31880.0,32.2,0010VDE03400,경부선,0010,E,1
r1-0,32780.0,33.1,0010VDE03500,경부선,0010,E,1
r1-0,33780.0,34.1,0010VDE03600,경부선,0010,E,1
r1-0,34680.0,35.0,0010VDE03700,경부선,0010,E,1
r1-0,35570.0,35.9,0010VDE03800,경부선,0010,E,1
r1-0,37670.0,38.0,0010VDE04000,경부선,0010,E,1
r1-0,38780.0,39.1,0010VDE04100,경부선,0010,E,1
r1-0,40910.0,41.2,0010VDE04105,경부선,0010,E,1
r1-0,41810.0,42.1,0010VDE04110,경부선,0010,E,1
r1-0,42710.0,43.0,0010VDE04115,경부선,0010,E,1
r1-0,43510.0,43.8,0010VDE04120,경부선,0010,E,1
r1-0,44910.0,45.2,0010VDE04125,경부선,0010,E,1
r1-0,45910.0,46.2,0010VDE04130,경부선,0010,E,1
r1-0,47010.0,47.3,0010VDE04135,경부선,0010,E,1
r1-0,47910.0,48.2,0010VDE04140,경부선,0010,E,1
r1-0,48910.0,49.2,0010VDE04145,경부선,0010,E,1
r1-0,49910.0,50.2,0010VDE04150,경부선,0010,E,1
r1-0,50810.0,51.1,0010VDE04155,경부선,0010,E,1
r1-0,52010.0,52.3,0010VDE04160,경부선,0010,E,1
r1-0,53110.0,53.4,0010VDE04165,경부선,0010,E,1
r1-0,54210.0,54.5,0010VDE04170,경부선,0010,E,1
r1-0,55410.0,55.7,0010VDE04175,경부선,0010,E,1
r1-0,56210.0,56.5,0010VDE04180,경부선,0010,E,1
r1-0,57110.0,57.4,0010VDE04185,경부선,0010,E,1
r1-0,58310.0,58.6,0010VDE04190,경부선,0010,E,1
r1-0,59510.0,59.8,0010VDE04195,경부선,0010,E,1
r1-0,60810.0,61.1,0010VDE04200,경부선,0010,E,1
r1-0,61910.0,62.2,0010VDE04205,경부선,0010,E,1
r1-0,63010.0,63.3,0010VDE04210,경부선,0010,E,1
r1-0,64010.0,64.3,0010VDE04215,경부선,0010,E,1
r1-0,65210.0,65.5,0010VDE04220,경부선,0010,E,1
r1-0,66110.0,66.4,0010VDE04225,경부선,0010,E,1
r1-0,67210.0,67.5,0010VDE04230,경부선,0010,E,1
r1-0,68520.0,68.8,0010VDE04235,경부선,0010,E,1
r1-0,69420.0,69.7,0010VDE04240,경부선,0010,E,1
r1-0,70410.0,70.7,0010VDE04245,경부선,0010,E,1
r1-0,71620.0,71.85,0010VDE04250,경부선,0010,E,1
r1-0,72510.0,72.8,0010VDE04255,경부선,0010,E,1
r1-0,73510.0,73.8,0010VDE04260,경부선,0010,E,1
r1-0,74510.0,74.8,0010VDE04265,경부선,0010,E,1
r1-0,75610.0,75.9,0010VDE04270,경부선,0010,E,1
r1-0,76700.0,77.0,0010VDE04275,경부선,0010,E,1
r1-0,77700.0,78.0,0010VDE04280,경부선,0010,E,1
r1-0,78700.0,79.0,0010VDE04285,경부선,0010,E,1
r1-0,79900.0,80.15,0010VDE04290,경부선,0010,E,1
r1-0,80900.0,81.2,0010VDE04295,경부선,0010,E,1
r1-0,82500.0,82.8,0010VDE04300,경부선,0010,E,1
r1-0,83590.0,83.9,0010VDE04305,경부선,0010,E,1
r1-0,84500.0,84.8,0010VDE04310,경부선,0010,E,1
r1-0,85500.0,85.8,0010VDE04315,경부선,0010,E,1
r1-0,86500.0,86.75,0010VDE04320,경부선,0010,E,1
r1-0,87590.0,87.85,0010VDE04325,경부선,0010,E,1
r1-0,88980.0,89.3,0010VDE04330,경부선,0010,E,1
r1-0,90180.0,90.45,0010VDE04335,경부선,0010,E,1
r1-0,91390.0,91.73,0010VDE04340,경부선,0010,E,1
r1-0,92490.0,92.8,0010VDE04345,경부선,0010,E,1
r1-0,93900.0,94.2,0010VDE04350,경부선,0010,E,1
r1-0,95200.0,95.5,0010VDE04355,경부선,0010,E,1
r1-0,96380.0,96.7,0010VDE04400,경부선,0010,E,1
r1-0,97210.0,97.6,0010VDE04500,경부선,0010,E,1
r1-0,98110.0,98.5,0010VDE04600,경부선,0010,E,1
r1-0,99010.0,99.4,0010VDE04700,경부선,0010,E,1
r1-0,100010.0,100.4,0010VDE04800,경부선,0010,E,1
r1-0,100910.0,101.3,0010VDE04900,경부선,0010,E,1
r1-0,101710.0,102.1,0010VDE05000,경부선,0010,E,1
r1-0,102810.0,103.2,0010VDE05100,경부선,0010,E,1
r1-0,103810.0,104.2,0010VDE05200,경부선,0010,E,1
r1-0,104910.0,105.3,0010VDE05300,경부선,0010,E,1
r1-0,105910.0,106.3,0010VDE05400,경부선,0010,E,1
r1-0,106910.0,107.3,0010VDE05500,경부선,0010,E,1
r1-0,107910.0,108.3,0010VDE05600,경부선,0010,E,1
r1-0,108910.0,109.3,0010VDE05700,경부선,0010,E,1
r1-0,109910.0,110.3,0010VDE05800,경부선,0010,E,1
r1-0,110910.0,111.3,0010VDE05900,경부선,0010,E,1
r1-0,112160.0,112.5,0010VDE06000,경부선,0010,E,1
r1-0,113160.0,113.5,0010VDE06100,경부선,0010,E,1
r1-0,114350.0,114.7,0010VDE06200,경부선,0010,E,1
r1-0,115250.0,115.6,0010VDE06300,경부선,0010,E,1
r1-0,116160.0,116.5,0010VDE06400,경부선,0010,E,1
r1-0,117050.0,117.4,0010VDE06500,경부선,0010,E,1
r1-0,118150.0,118.5,0010VDE06600,경부선,0010,E,1
r1-0,119150.0,119.5,0010VDE06700,경부선,0010,E,1
r1-0,120150.0,120.5,0010VDE06800,경부선,0010,E,1
r1-0,121550.0,121.9,0010VDE06900,경부선,0010,E,1
r1-0,122350.0,122.7,0010VDE07000,경부선,0010,E,1
r1-0,123250.0,123.6,0010VDE07100,경부선,0010,E,1
r1-0,124140.0,124.5,0010VDE07180,경부선,0010,E,1
r1-0,124240.0,124.6,0010VDE07200,경부선,0010,E,1
r1-0,125240.0,125.6,0010VDE07300,경부선,0010,E,1
r1-0,126140.0,126.5,0010VDE07400,경부선,0010,E,1
r1-0,127040.0,127.4,0010VDE07500,경부선,0010,E,1
r1-0,128040.0,128.4,0010VDE07600,경부선,0010,E,1
r1-0,129040.0,129.4,0010VDE07700,경부선,0010,E,1
r1-0,130140.0,130.5,0010VDE07800,경부선,0010,E,1
r1-0,130930.0,131.3,0010VDE07900,경부선,0010,E,1
r1-0,131930.0,132.3,0010VDE08000,경부선,0010,E,1
r1-0,132830.0,133.2,0010VDE08100,경부선,0010,E,1
r1-0,132830.0,133.2,0010VDE08101,경부선,0010,E,1
r1-0,133430.0,133.8,0010VDE08150,경부선,0010,E,1
r1-0,134130.0,134.5,0010VDE08200,경부선,0010,E,1
r1-0,135330.0,135.7,0010VDE08300,경부선,0010,E,1
r1-0,136120.0,136.5,0010VDE08400,경부선,0010,E,1
r1-0,137120.0,137.5,0010VDE08500,경부선,0010,E,1
r1-0,138220.0,138.6,0010VDE08600,경부선,0010,E,1
r1-0,139420.0,139.8,0010VDE08700,경부선,0010,E,1
r1-0,140520.0,140.9,0010VDE08800,경부선,0010,E,1
r1-0,140810.0,141.2,0010VDE08850,경부선,0010,E,1
r1-0,141810.0,142.2,0010VDE08900,경부선,0010,E,1
r1-0,142710.0,143.1,0010VDE09000,경부선,0010,E,1
r1-0,143700.0,144.1,0010VDE09100,경부선,0010,E,1
r1-0,144700.0,145.1,0010VDE09200,경부선,0010,E,1
r1-0,144900.0,145.3,0010VDE09300,경부선,0010,E,1
r1-0,146600.0,147.0,0010VDE09400,경부선,0010,E,1
r1-0,147600.0,147.96,0010VDE09500,경부선,0010,E,1
r1-0,148490.0,148.9,0010VDE09600,경부선,0010,E,1
r1-0,149390.0,149.8,0010VDE09700,경부선,0010,E,1
r1-0,150390.0,150.8,0010VDE09800,경부선,0010,E,1
r1-0,150990.0,151.4,0010VDE33301,경부선,0010,E,1
r1-0,151690.0,152.1,0010VDE10000,경부선,0010,E,1
r1-0,152490.0,152.9,0010VDE09900,경부선,0010,E,1
r1-0,153780.0,154.2,0010VDE10100,경부선,0010,E,1
r1-0,154580.0,155.0,0010VDE10200,경부선,0010,E,1
r1-0,155680.0,156.1,0010VDE10300,경부선,0010,E,1
r1-0,156670.0,157.1,0010VDE10400,경부선,0010,E,1
r1-0,157880.0,158.3,0010VDE10500,경부선,0010,E,1
r1-0,158880.0,159.3,0010VDE10600,경부선,0010,E,1
r1-0,159670.0,160.1,0010VDE10700,경부선,0010,E,1
r1-0,160760.0,161.2,0010VDE10800,경부선,0010,E,1
r1-0,161860.0,162.3,0010VDE10900,경부선,0010,E,1
r1-0,161960.0,162.4,0010VDE10910,경부선,0010,E,1
r1-0,162760.0,163.2,0010VDE11000,경부선,0010,E,1
r1-0,163760.0,164.2,0010VDE11100,경부선,0010,E,1
r1-0,164760.0,165.2,0010VDE11200,경부선,0010,E,1
r1-0,165560.0,166.0,0010VDE11300,경부선,0010,E,1
r1-0,166160.0,166.6,0010VDE11400,경부선,0010,E,1
r1-0,167450.0,167.9,0010VDE11500,경부선,0010,E,1
r1-0,168350.0,168.8,0010VDE11650,경부선,0010,E,1
r1-0,169240.0,169.7,0010VDE11700,경부선,0010,E,1
r1-0,170240.0,170.7,0010VDE11800,경부선,0010,E,1
r1-0,171440.0,171.9,0010VDE11900,경부선,0010,E,1
r1-0,172240.0,172.7,0010VDE12000,경부선,0010,E,1
r1-0,172840.0,173.3,0010VDE12400,경부선,0010,E,1
r1-0,173140.0,173.6,0010VDE12100,경부선,0010,E,1
r1-0,174240.0,174.7,0010VDE12200,경부선,0010,E,1
r1-0,175140.0,175.6,0010VDE12300,경부선,0010,E,1
r1-0,177030.0,177.5,0010VDE12500,경부선,0010,E,1
r1-0,178330.0,178.8,0010VDE12600,경부선,0010,E,1
r1-0,179030.0,179.5,0010VDE12700,경부선,0010,E,1
r1-0,180030.0,180.45,0010VDE12800,경부선,0010,E,1
r1-0,180920.0,181.42,0010VDE12900,경부선,0010,E,1
r1-0,181820.0,182.3,0010VDE13000,경부선,0010,E,1
r1-0,184120.0,184.6,0010VDE33401,경부선,0010,E,1
r1-0,186550.0,187.0,0010VDE13100,경부선,0010,E,1
r1-0,187550.0,188.0,0010VDE13200,경부선,0010,E,1
r1-0,188450.0,188.9,0010VDE13300,경부선,0010,E,1
r1-0,189350.0,189.8,0010VDE13400,경부선,0010,E,1
r1-0,190350.0,190.8,0010VDE13500,경부선,0010,E,1
r1-0,190850.0,191.3,0010VDE33601,경부선,0010,E,1
r1-0,191350.0,191.8,0010VDE13600,경부선,0010,E,1
r1-0,191840.0,192.3,0010VDE13651,경부선,0010,E,1
r1-0,191840.0,192.3,0010VDE13650,경부선,0010,E,1
r1-0,191940.0,192.4,0010VDE13700,경부선,0010,E,1
r1-0,193140.0,193.6,0010VDE13800,경부선,0010,E,1
r1-0,193540.0,193.95,0010VDE33901,경부선,0010,E,1
r1-0,193940.0,194.4,0010VDE13900,경부선,0010,E,1
r1-0,195940.0,196.4,0010VDE14100,경부선,0010,E,1
r1-0,196740.0,197.2,0010VDE14200,경부선,0010,E,1
r1-0,197140.0,197.6,0010VDE34101,경부선,0010,E,1
r1-0,197640.0,198.1,0010VDE14300,경부선,0010,E,1
r1-0,198740.0,199.2,0010VDE14400,경부선,0010,E,1
r1-0,199040.0,199.5,0010VDE34301,경부선,0010,E,1
r1-0,199640.0,200.1,0010VDE14500,경부선,0010,E,1
r1-0,200840.0,201.3,0010VDE14600,경부선,0010,E,1
r1-0,201840.0,202.3,0010VDE14700,경부선,0010,E,1
r1-0,202740.0,203.2,0010VDE14800,경부선,0010,E,1
r1-0,203740.0,204.2,0010VDE14900,경부선,0010,E,1
r1-0,204740.0,205.2,0010VDE15000,경부선,0010,E,1
r1-0,205730.0,206.2,0010VDE15100,경부선,0010,E,1
r1-0,206730.0,207.2,0010VDE15200,경부선,0010,E,1
r1-0,207730.0,208.2,0010VDE15300,경부선,0010,E,1
r1-0,208630.0,209.1,0010VDE15400,경부선,0010,E,1
r1-0,209430.0,209.9,0010VDE15500,경부선,0010,E,1
r1-0,210530.0,210.96,0010VDE15600,경부선,0010,E,1
r1-0,211320.0,211.8,0010VDE15700,경부선,0010,E,1
r1-0,212420.0,212.9,0010VDE15800,경부선,0010,E,1
r1-0,213420.0,213.9,0010VDE15900,경부선,0010,E,1
r1-0,214420.0,214.9,0010VDE16000,경부선,0010,E,1
r1-0,215320.0,215.8,0010VDE16100,경부선,0010,E,1
r1-0,216320.0,216.8,0010VDE16200,경부선,0010,E,1
r1-0,217120.0,217.6,0010VDE16300,경부선,0010,E,1
r1-0,218210.0,218.7,0010VDE16400,경부선,0010,E,1
r1-0,219310.0,219.8,0010VDE16500,경부선,0010,E,1
r1-0,220110.0,220.6,0010VDE16600,경부선,0010,E,1
r1-0,221310.0,221.8,0010VDE16700,경부선,0010,E,1
r1-0,222520.0,223.0,0010VDE16800,경부선,0010,E,1
r1-0,223610.0,224.1,0010VDE16900,경부선,0010,E,1
r1-0,224610.0,225.1,0010VDE17000,경부선,0010,E,1
r1-0,225400.0,225.9,0010VDE17100,경부선,0010,E,1
r1-0,226300.0,226.8,0010VDE17200,경부선,0010,E,1
r1-0,227100.0,227.6,0010VDE17300,경부선,0010,E,1
r1-0,228100.0,228.6,0010VDE17400,경부선,0010,E,1
r1-0,229200.0,229.7,0010VDE17500,경부선,0010,E,1
r1-0,230200.0,230.7,0010VDE17600,경부선,0010,E,1
r1-0,231100.0,231.6,0010VDE17700,경부선,0010,E,1
r1-0,232200.0,232.7,0010VDE17800,경부선,0010,E,1
r1-0,233100.0,233.6,0010VDE17900,경부선,0010,E,1
r1-0,234300.0,234.81,0010VDE17951,경부선,0010,E,1
r1-0,235500.0,235.96,0010VDE17952,경부선,0010,E,1
r1-0,236700.0,237.22,0010VDE17953,경부선,0010,E,1
r1-0,238200.0,238.65,0010VDE17955,경부선,0010,E,1
r1-0,239300.0,239.77,0010VDE17956,경부선,0010,E,1
r1-0,240600.0,241.11,0010VDE17957,경부선,0010,E,1
r1-0,241420.0,242.4,0010VDE18540,경부선,0010,E,1
r1-0,241830.0,242.8,0010VDE18561,경부선,0010,E,1
r1-0,242740.0,243.7,0010VDE18562,경부선,0010,E,1
r1-0,243540.0,244.5,0010VDE18563,경부선,0010,E,1
r1-0,244350.0,245.3,0010VDE18564,경부선,0010,E,1
r1-0,245060.0,246.0,0010VDE18565,경부선,0010,E,1
r1-0,245880.0,246.8,0010VDE18566,경부선,0010,E,1
r1-0,246900.0,247.8,0010VDE18700,경부선,0010,E,1
r1-0,247910.0,248.8,0010VDE18800,경부선,0010,E,1
r1-0,248930.0,249.8,0010VDE18900,경부선,0010,E,1
r1-0,250260.0,251.1,0010VDE19000,경부선,0010,E,1
r1-0,251070.0,251.9,0010VDE19100,경부선,0010,E,1
r1-0,251890.0,252.7,0010VDE19200,경부선,0010,E,1
r1-0,257000.0,257.85,0010VDE19500,경부선,0010,E,1
r1-0,257390.0,258.3,0010VDE19800,경부선,0010,E,1
r1-0,259290.0,260.2,0010VDE19900,경부선,0010,E,1
r1-0,261690.0,262.6,0010VDE20110,경부선,0010,E,1
r1-0,263180.0,264.2,0010VDE20300,경부선,0010,E,1
r1-0,264080.0,265.1,0010VDE20203,경부선,0010,E,1
r1-0,265890.0,266.9,0010VDE20500,경부선,0010,E,1
r1-0,266800.0,267.8,0010VDE20600,경부선,0010,E,1
r1-0,268490.0,269.5,0010VDE20750,경부선,0010,E,1
r1-0,269190.0,270.2,0010VDE20780,경부선,0010,E,1
r1-0,269990.0,271.0,0010VDE20800,경부선,0010,E,1
r1-0,270490.0,271.5,0010VDE33001,경부선,0010,E,1
r1-0,271090.0,272.1,0010VDE20900,경부선,0010,E,1
r1-0,272300.0,273.3,0010VDE21000,경부선,0010,E,1
r1-0,273300.0,274.3,0010VDE21100,경부선,0010,E,1
r1-0,274300.0,275.3,0010VDE21200,경부선,0010,E,1
r1-0,275100.0,276.1,0010VDE21350,경부선,0010,E,1
r1-0,276100.0,277.1,0010VDE21400,경부선,0010,E,1
r1-0,277000.0,278.0,0010VDE21310,경부선,0010,E,1
r1-0,277000.0,278.0,0010VDE21500,경부선,0010,E,1
r1-0,277300.0,278.3,0010VDE21210,경부선,0010,E,1
r1-0,278310.0,279.3,0010VDE21600,경부선,0010,E,1
r1-0,279910.0,280.9,0010VDE21700,경부선,0010,E,1
r1-0,280910.0,281.9,0010VDE21800,경부선,0010,E,1
r1-0,281110.0,282.1,0010VDE21510,경부선,0010,E,1
r1-0,281110.0,282.1,0010VDE21610,경부선,0010,E,1
r1-0,282120.0,283.1,0010VDE21900,경부선,0010,E,1
r1-0,282920.0,283.9,0010VDE22000,경부선,0010,E,1
r1-0,284210.0,285.2,0010VDE22100,경부선,0010,E,1
r1-0,285120.0,286.1,0010VDE22200,경부선,0010,E,1
r1-0,286130.0,287.1,0010VDE22300,경부선,0010,E,1
r1-0,287430.0,288.4,0010VDE22400,경부선,0010,E,1
r1-0,288130.0,289.1,0010VDE22500,경부선,0010,E,1
r1-0,288840.0,289.8,0010VDE22600,경부선,0010,E,1
r1-0,289840.0,290.8,0010VDE22700,경부선,0010,E,1
r1-0,290740.0,291.7,0010VDE22800,경부선,0010,E,1
r1-0,292040.0,293.0,0010VDE22710,경부선,0010,E,1
r1-0,292040.0,293.0,0010VDE22900,경부선,0010,E,1
r1-0,292040.0,293.0,0010VDE22720,경부선,0010,E,1
r1-0,292940.0,293.9,0010VDE32601,경부선,0010,E,1
r1-0,293140.0,294.1,0010VDE23000,경부선,0010,E,1
r1-0,294650.0,295.6,0010VDE23100,경부선,0010,E,1
r1-0,296950.0,297.9,0010VDE23300,경부선,0010,E,1
r1-0,298550.0,299.5,0010VDE23400,경부선,0010,E,1
r1-0,299550.0,300.5,0010VDE23500,경부선,0010,E,1
r1-0,300950.0,301.9,0010VDE23600,경부선,0010,E,1
r1-0,301550.0,302.5,0010VDE32801,경부선,0010,E,1
r1-0,301760.0,302.7,0010VDE23700,경부선,0010,E,1
r1-0,303260.0,304.2,0010VDE23800,경부선,0010,E,1
r1-0,304250.0,305.2,0010VDE23620,경부선,0010,E,1
r1-0,304250.0,305.2,0010VDE23610,경부선,0010,E,1
r1-0,304850.0,305.8,0010VDE23900,경부선,0010,E,1
r1-0,305850.0,306.8,0010VDE24000,경부선,0010,E,1
r1-0,307150.0,308.1,0010VDE24100,경부선,0010,E,1
r1-0,307950.0,308.9,0010VDE24200,경부선,0010,E,1
r1-0,309740.0,310.7,0010VDE24300,경부선,0010,E,1
r1-0,311250.0,312.2,0010VDE24400,경부선,0010,E,1
r1-0,312740.0,313.7,0010VDE24500,경부선,0010,E,1
r1-0,314130.0,315.1,0010VDE24600,경부선,0010,E,1
r1-0,315540.0,316.5,0010VDE24700,경부선,0010,E,1
r1-0,316940.0,317.9,0010VDE24800,경부선,0010,E,1
r1-0,319040.0,320.0,0010VDE24900,경부선,0010,E,1
r1-0,320130.0,321.1,0010VDE25000,경부선,0010,E,1
r1-0,324430.0,325.4,0010VDE25300,경부선,0010,E,1
r1-0,327030.0,328.0,0010VDE25440,경부선,0010,E,1
r1-0,327130.0,328.05,0010VDE25450,경부선,0010,E,1
r1-0,327920.0,328.9,0010VDE25500,경부선,0010,E,1
r1-0,328920.0,329.9,0010VDE25600,경부선,0010,E,1
r1-0,328920.0,329.9,0010VDE25310,경부선,0010,E,1
r1-0,328920.0,329.9,0010VDE25320,경부선,0010,E,1
r1-0,330730.0,331.7,0010VDE25700,경부선,0010,E,1
r1-0,331620.0,332.6,0010VDE25610,경부선,0010,E,1
r1-0,331620.0,332.6,0010VDE25800,경부선,0010,E,1
r1-0,332320.0,333.3,0010VDE25900,경부선,0010,E,1
r1-0,333010.0,334.0,0010VDE25810,경부선,0010,E,1
r1-0,333010.0,334.0,0010VDE26000,경부선,0010,E,1
r1-0,334210.0,335.2,0010VDE26100,경부선,0010,E,1
r1-0,335110.0,336.1,0010VDE26200,경부선,0010,E,1
r1-0,336110.0,337.1,0010VDE26300,경부선,0010,E,1
r1-0,336900.0,337.9,0010VDE26350,경부선,0010,E,1
r1-0,338300.0,339.3,0010VDE26400,경부선,0010,E,1
r1-0,339200.0,340.2,0010VDE26311,경부선,0010,E,1
r1-0,339200.0,340.2,0010VDE26310,경부선,0010,E,1
r1-0,340100.0,341.1,0010VDE26500,경부선,0010,E,1
r1-0,341200.0,342.2,0010VDE26600,경부선,0010,E,1
r1-0,343390.0,344.4,0010VDE26700,경부선,0010,E,1
r1-0,344190.0,345.2,0010VDE26750,경부선,0010,E,1
r1-0,344290.0,345.3,0010VDE26760,경부선,0010,E,1
r1-0,345090.0,346.1,0010VDE26800,경부선,0010,E,1
r1-0,349090.0,350.1,0010VDE26900,경부선,0010,E,1
r1-0,350090.0,351.1,0010VDE27000,경부선,0010,E,1
r1-0,351580.0,352.6,0010VDE27100,경부선,0010,E,1
r1-0,353090.0,354.1,0010VDE27150,경부선,0010,E,1
r1-0,354880.0,355.9,0010VDE27200,경부선,0010,E,1
r1-0,356180.0,357.2,0010VDE27300,경부선,0010,E,1
r1-0,357680.0,358.7,0010VDE27400,경부선,0010,E,1
r1-0,358980.0,360.0,0010VDE27500,경부선,0010,E,1
r1-0,359380.0,360.4,0010VDE27600,경부선,0010,E,1
r1-0,359480.0,360.5,0010VDE27320,경부선,0010,E,1
r1-0,359480.0,360.5,0010VDE27310,경부선,0010,E,1
r1-0,361270.0,362.3,0010VDE27800,경부선,0010,E,1
r1-0,362370.0,363.4,0010VDE27900,경부선,0010,E,1
r1-0,363970.0,365.0,0010VDE27610,경부선,0010,E,1
r1-0,363970.0,365.0,0010VDE28000,경부선,0010,E,1
r1-0,364070.0,365.1,0010VDE27720,경부선,0010,E,1
r1-0,364070.0,365.1,0010VDE27710,경부선,0010,E,1
r1-0,365370.0,366.4,0010VDE28200,경부선,0010,E,1
r1-0,366360.0,367.4,0010VDE28300,경부선,0010,E,1
r1-0,367160.0,368.2,0010VDE28400,경부선,0010,E,1
r1-0,368370.0,369.4,0010VDE28500,경부선,0010,E,1
r1-0,369260.0,370.3,0010VDE28600,경부선,0010,E,1
r1-0,370160.0,371.2,0010VDE28700,경부선,0010,E,1
r1-0,373060.0,374.1,0010VDE28900,경부선,0010,E,1
r1-0,374160.0,375.2,0010VDE29000,경부선,0010,E,1
r1-0,375360.0,376.4,0010VDE29100,경부선,0010,E,1
r1-0,376850.0,377.9,0010VDE29200,경부선,0010,E,1
r1-0,376850.0,377.9,0010VDE29020,경부선,0010,E,1
r1-0,376850.0,377.9,0010VDE29010,경부선,0010,E,1
r1-0,377930.0,378.98,0010VDE29300,경부선,0010,E,1
r1-0,379630.0,380.7,0010VDE29500,경부선,0010,E,1
r1-0,381430.0,382.5,0010VDE29310,경부선,0010,E,1
r1-0,381430.0,382.5,0010VDE30160,경부선,0010,E,1
r1-0,381430.0,382.5,0010VDE29320,경부선,0010,E,1
r1-0,383330.0,384.4,0010VDE29630,경부선,0010,E,1
r1-0,384230.0,385.3,0010VDE30150,경부선,0010,E,1
r1-0,384970.0,386.0,0010VDE29611,경부선,0010,E,1
r1-0,384970.0,386.0,0010VDE29620,경부선,0010,E,1
r1-0,384970.0,386.0,0010VDE29610,경부선,0010,E,1
r1-0,387970.0,389.0,0010VDE30100,경부선,0010,E,1
r1-0,389470.0,390.5,0010VDE30200,경부선,0010,E,1
r1-0,389770.0,390.76,0010VDE30240,경부선,0010,E,1
r1-0,390370.0,391.4,0010VDE30300,경부선,0010,E,1
r1-0,390970.0,392.0,0010VDE30010,경부선,0010,E,1
r1-0,390970.0,392.0,0010VDE30110,경부선,0010,E,1
r1-0,391470.0,392.5,0010VDE30400,경부선,0010,E,1
r1-0,392970.0,394.0,0010VDE30500,경부선,0010,E,1
r1-0,393970.0,395.0,0010VDE30600,경부선,0010,E,1
r1-0,395170.0,396.15,0010VDE30643,경부선,0010,E,1
r1-0,395170.0,396.2,0010VDE30632,경부선,0010,E,1
r1-0,395970.0,397.0,0010VDE30646,경부선,0010,E,1
r1-0,396970.0,398.0,0010VDE30690,경부선,0010,E,1
r1-0,397870.0,398.9,0010VDE30701,경부선,0010,E,1
r1-0,398670.0,399.7,0010VDE30800,경부선,0010,E,1
r1-0,399970.0,401.0,0010VDE30900,경부선,0010,E,1
r1-0,400970.0,402.0,0010VDE30990,경부선,0010,E,1
r1-0,401670.0,402.7,0010VDE31004,경부선,0010,E,1
r1-0,403370.0,404.4,0010VDE31200,경부선,0010,E,1
r1-0,404170.0,405.2,0010VDE31300,경부선,0010,E,1
r1-0,405470.0,406.5,0010VDE31400,경부선,0010,E,1
r1-0,405470.0,406.5,0010VDE30910,경부선,0010,E,1
r1-0,405670.0,406.7,0010VDE31010,경부선,0010,E,1
r1-0,406780.0,407.8,0010VDE31220,경부선,0010,E,1
r1-0,406780.0,407.8,0010VDE31210,경부선,0010,E,1
r1-0,407170.0,408.2,0010VDE31500,경부선,0010,E,1
r1-0,409570.0,410.6,0010VDE31670,경부선,0010,E,1
r1-0,410570.0,411.6,0010VDE31800,경부선,0010,E,1
r1-0,411270.0,412.3,0010VDE31900,경부선,0010,E,1
r1-0,412170.0,413.2,0010VDE32150,경부선,0010,E,1
r1-0,413270.0,414.3,0010VDE32250,경부선,0010,E,1
r1-0,414270.0,415.3,0010VDE32350,경부선,0010,E,1
r1-1,690.0,415.3,0010VDS32351,경부선,0010,S,-1
r1-1,1690.0,414.3,0010VDS32251,경부선,0010,S,-1
r1-1,2790.0,413.2,0010VDS32151,경부선,0010,S,-1
r1-1,3490.0,412.5,0010VDS32000,경부선,0010,S,-1
r1-1,4590.0,411.4,0010VDS31700,경부선,0010,S,-1
r1-1,5190.0,410.8,0010VDS31680,경부선,0010,S,-1
r1-1,7790.0,408.2,0010VDS31501,경부선,0010,S,-1
r1-1,8190.0,407.8,0010VDS31220,경부선,0010,S,-1
r1-1,8190.0,407.8,0010VDS31210,경부선,0010,S,-1
r1-1,9280.0,406.7,0010VDS31010,경부선,0010,S,-1
r1-1,9380.0,406.6,0010VDS30930,경부선,0010,S,-1
r1-1,9380.0,406.6,0010VDS30920,경부선,0010,S,-1
r1-1,9480.0,406.5,0010VDS31400,경부선,0010,S,-1
r1-1,10780.0,405.2,0010VDS31301,경부선,0010,S,-1
r1-1,11580.0,404.4,0010VDS31201,경부선,0010,S,-1
r1-1,13280.0,402.7,0010VDS31005,경부선,0010,S,-1
r1-1,13980.0,402.0,0010VDS30991,경부선,0010,S,-1
r1-1,14980.0,401.0,0010VDS30900,경부선,0010,S,-1
r1-1,16280.0,399.7,0010VDS30800,경부선,0010,S,-1
r1-1,17070.0,398.9,0010VDS30702,경부선,0010,S,-1
r1-1,17970.0,398.0,0010VDS30691,경부선,0010,S,-1
r1-1,18870.0,397.1,0010VDS30647,경부선,0010,S,-1
r1-1,19870.0,396.12,0010VDS30640,경부선,0010,S,-1
r1-1,19870.0,396.1,0010VDS30631,경부선,0010,S,-1
r1-1,20970.0,395.0,0010VDS30600,경부선,0010,S,-1
r1-1,21970.0,394.0,0010VDS30500,경부선,0010,S,-1
r1-1,23470.0,392.5,0010VDS30400,경부선,0010,S,-1
r1-1,23970.0,392.0,0010VDS30120,경부선,0010,S,-1
r1-1,23970.0,392.0,0010VDS30110,경부선,0010,S,-1
r1-1,24270.0,391.7,0010VDS30340,경부선,0010,S,-1
r1-1,24570.0,391.4,0010VDS30300,경부선,0010,S,-1
r1-1,24570.0,391.4,0010VDS30301,경부선,0010,S,-1
r1-1,25470.0,390.5,0010VDS30200,경부선,0010,S,-1
r1-1,28970.0,387.0,0010VDS29900,경부선,0010,S,-1
r1-1,29970.0,386.0,0010VDS29611,경부선,0010,S,-1
r1-1,29970.0,386.0,0010VDS29610,경부선,0010,S,-1
r1-1,29970.0,386.0,0010VDS29620,경부선,0010,S,-1
r1-1,30710.0,385.3,0010VDS30150,경부선,0010,S,-1
r1-1,31610.0,384.4,0010VDS29630,경부선,0010,S,-1
r1-1,33510.0,382.5,0010VDS30160,경부선,0010,S,-1
r1-1,33510.0,382.5,0010VDS29310,경부선,0010,S,-1
r1-1,33510.0,382.5,0010VDS29320,경부선,0010,S,-1
r1-1,37010.0,379.0,0010VDS29301,경부선,0010,S,-1
r1-1,38100.0,377.9,0010VDS29010,경부선,0010,S,-1
r1-1,38100.0,377.9,0010VDS29020,경부선,0010,S,-1
r1-1,38100.0,377.9,0010VDS29200,경부선,0010,S,-1
r1-1,39600.0,376.4,0010VDS29100,경부선,0010,S,-1
r1-1,40800.0,375.2,0010VDS29000,경부선,0010,S,-1
r1-1,44790.0,371.2,0010VDS28700,경부선,0010,S,-1
r1-1,45690.0,370.3,0010VDS28600,경부선,0010,S,-1
r1-1,46590.0,369.4,0010VDS28500,경부선,0010,S,-1
r1-1,47790.0,368.2,0010VDS28400,경부선,0010,S,-1
r1-1,48580.0,367.4,0010VDS28300,경부선,0010,S,-1
r1-1,49480.0,366.52,0010VDS28201,경부선,0010,S,-1
r1-1,50880.0,365.1,0010VDS27710,경부선,0010,S,-1
r1-1,50880.0,365.1,0010VDS27720,경부선,0010,S,-1
r1-1,50980.0,365.0,0010VDS27630,경부선,0010,S,-1
r1-1,50980.0,365.0,0010VDS27610,경부선,0010,S,-1
r1-1,50980.0,365.0,0010VDS27620,경부선,0010,S,-1
r1-1,50980.0,365.0,0010VDS28000,경부선,0010,S,-1
r1-1,53580.0,362.35,0010VDS27801,경부선,0010,S,-1
r1-1,53580.0,362.4,0010VDS27810,경부선,0010,S,-1
r1-1,54080.0,361.85,0010VDS27730,경부선,0010,S,-1
r1-1,55480.0,360.5,0010VDS27310,경부선,0010,S,-1
r1-1,55480.0,360.5,0010VDS27320,경부선,0010,S,-1
r1-1,55580.0,360.4,0010VDS27601,경부선,0010,S,-1
r1-1,55980.0,360.0,0010VDS27500,경부선,0010,S,-1
r1-1,57280.0,358.7,0010VDS27400,경부선,0010,S,-1
r1-1,58770.0,357.2,0010VDS27300,경부선,0010,S,-1
r1-1,60070.0,355.9,0010VDS27200,경부선,0010,S,-1
r1-1,61870.0,354.1,0010VDS27150,경부선,0010,S,-1
r1-1,63360.0,352.6,0010VDS27100,경부선,0010,S,-1
r1-1,64860.0,351.1,0010VDS27000,경부선,0010,S,-1
r1-1,64960.0,351.0,0010VDS26990,경부선,0010,S,-1
r1-1,65860.0,350.1,0010VDS26900,경부선,0010,S,-1
r1-1,69850.0,346.1,0010VDS26800,경부선,0010,S,-1
r1-1,70750.0,345.2,0010VDS26750,경부선,0010,S,-1
r1-1,71550.0,344.4,0010VDS26700,경부선,0010,S,-1
r1-1,73750.0,342.2,0010VDS26600,경부선,0010,S,-1
r1-1,74840.0,341.1,0010VDS26500,경부선,0010,S,-1
r1-1,75640.0,340.3,0010VDS26320,경부선,0010,S,-1
r1-1,75640.0,340.3,0010VDS26330,경부선,0010,S,-1
r1-1,76640.0,339.3,0010VDS26400,경부선,0010,S,-1
r1-1,78040.0,337.9,0010VDS26350,경부선,0010,S,-1
r1-1,78840.0,337.1,0010VDS26300,경부선,0010,S,-1
r1-1,79840.0,336.1,0010VDS26200,경부선,0010,S,-1
r1-1,80740.0,335.2,0010VDS26100,경부선,0010,S,-1
r1-1,81940.0,334.0,0010VDS25810,경부선,0010,S,-1
r1-1,81940.0,334.0,0010VDS26000,경부선,0010,S,-1
r1-1,82650.0,333.3,0010VDS25900,경부선,0010,S,-1
r1-1,83350.0,332.6,0010VDS25800,경부선,0010,S,-1
r1-1,83350.0,332.6,0010VDS25610,경부선,0010,S,-1
r1-1,84250.0,331.7,0010VDS25700,경부선,0010,S,-1
r1-1,84350.0,331.6,0010VDS25680,경부선,0010,S,-1
r1-1,86040.0,329.9,0010VDS25600,경부선,0010,S,-1
r1-1,86040.0,329.9,0010VDS25320,경부선,0010,S,-1
r1-1,86040.0,329.9,0010VDS25310,경부선,0010,S,-1
r1-1,87040.0,328.9,0010VDS25500,경부선,0010,S,-1
r1-1,87840.0,328.05,0010VDS25450,경부선,0010,S,-1
r1-1,90530.0,325.4,0010VDS25300,경부선,0010,S,-1
r1-1,94830.0,321.1,0010VDS25000,경부선,0010,S,-1
r1-1,95930.0,320.0,0010VDS24900,경부선,0010,S,-1
r1-1,98020.0,317.9,0010VDS24800,경부선,0010,S,-1
r1-1,99420.0,316.5,0010VDS24700,경부선,0010,S,-1
r1-1,100810.0,315.1,0010VDS24600,경부선,0010,S,-1
r1-1,102210.0,313.7,0010VDS24500,경부선,0010,S,-1
r1-1,103720.0,312.2,0010VDS24400,경부선,0010,S,-1
r1-1,105210.0,310.7,0010VDS24300,경부선,0010,S,-1
r1-1,107010.0,308.9,0010VDS24200,경부선,0010,S,-1
r1-1,107800.0,308.1,0010VDS24100,경부선,0010,S,-1
r1-1,109100.0,306.8,0010VDS24000,경부선,0010,S,-1
r1-1,110100.0,305.8,0010VDS23900,경부선,0010,S,-1
r1-1,110700.0,305.2,0010VDS23610,경부선,0010,S,-1
r1-1,110700.0,305.2,0010VDS23620,경부선,0010,S,-1
r1-1,111700.0,304.2,0010VDS23800,경부선,0010,S,-1
r1-1,112410.0,303.5,0010VDS32901,경부선,0010,S,-1
r1-1,113210.0,302.7,0010VDS23700,경부선,0010,S,-1
r1-1,114010.0,301.9,0010VDS23600,경부선,0010,S,-1
r1-1,115410.0,300.5,0010VDS23500,경부선,0010,S,-1
r1-1,117280.0,298.6,0010VDS23350,경부선,0010,S,-1
r1-1,120600.0,295.3,0010VDS23050,경부선,0010,S,-1
r1-1,121600.0,294.3,0010VDS32701,경부선,0010,S,-1
r1-1,121800.0,294.1,0010VDS23000,경부선,0010,S,-1
r1-1,122900.0,293.0,0010VDS22900,경부선,0010,S,-1
r1-1,122900.0,293.0,0010VDS22720,경부선,0010,S,-1
r1-1,122900.0,293.0,0010VDS22710,경부선,0010,S,-1
r1-1,124200.0,291.7,0010VDS22800,경부선,0010,S,-1
r1-1,125100.0,290.8,0010VDS22700,경부선,0010,S,-1
r1-1,126110.0,289.8,0010VDS22600,경부선,0010,S,-1
r1-1,126810.0,289.1,0010VDS22500,경부선,0010,S,-1
r1-1,127510.0,288.4,0010VDS22400,경부선,0010,S,-1
r1-1,128820.0,287.1,0010VDS22300,경부선,0010,S,-1
r1-1,129810.0,286.1,0010VDS22200,경부선,0010,S,-1
r1-1,130710.0,285.2,0010VDS22100,경부선,0010,S,-1
r1-1,132020.0,283.9,0010VDS22000,경부선,0010,S,-1
r1-1,132830.0,283.1,0010VDS21900,경부선,0010,S,-1
r1-1,133830.0,282.1,0010VDS21610,경부선,0010,S,-1
r1-1,133830.0,282.1,0010VDS21620,경부선,0010,S,-1
r1-1,134030.0,281.9,0010VDS21800,경부선,0010,S,-1
r1-1,135030.0,280.9,0010VDS21700,경부선,0010,S,-1
r1-1,136640.0,279.3,0010VDS21600,경부선,0010,S,-1
r1-1,137630.0,278.3,0010VDS21210,경부선,0010,S,-1
r1-1,137930.0,278.0,0010VDS21500,경부선,0010,S,-1
r1-1,137930.0,278.0,0010VDS21310,경부선,0010,S,-1
r1-1,138840.0,277.1,0010VDS21400,경부선,0010,S,-1
r1-1,139840.0,276.1,0010VDS21350,경부선,0010,S,-1
r1-1,140640.0,275.3,0010VDS21200,경부선,0010,S,-1
r1-1,141650.0,274.3,0010VDS21100,경부선,0010,S,-1
r1-1,142650.0,273.3,0010VDS21000,경부선,0010,S,-1
r1-1,143850.0,272.1,0010VDS20900,경부선,0010,S,-1
r1-1,144450.0,271.5,0010VDS33101,경부선,0010,S,-1
r1-1,144950.0,271.0,0010VDS20800,경부선,0010,S,-1
r1-1,145960.0,270.0,0010VDS20780,경부선,0010,S,-1
r1-1,146470.0,269.5,0010VDS20750,경부선,0010,S,-1
r1-1,148180.0,267.8,0010VDS20600,경부선,0010,S,-1
r1-1,149080.0,266.9,0010VDS20500,경부선,0010,S,-1
r1-1,150870.0,265.1,0010VDS20203,경부선,0010,S,-1
r1-1,151750.0,264.2,0010VDS20300,경부선,0010,S,-1
r1-1,153250.0,262.6,0010VDS20110,경부선,0010,S,-1
r1-1,155650.0,260.2,0010VDS19900,경부선,0010,S,-1
r1-1,157550.0,258.3,0010VDS19800,경부선,0010,S,-1
r1-1,157950.0,257.85,0010VDS19500,경부선,0010,S,-1
r1-1,163060.0,252.7,0010VDS19200,경부선,0010,S,-1
r1-1,163870.0,251.9,0010VDS19100,경부선,0010,S,-1
r1-1,164690.0,251.1,0010VDS19000,경부선,0010,S,-1
r1-1,166030.0,249.8,0010VDS18900,경부선,0010,S,-1
r1-1,167050.0,248.8,0010VDS18800,경부선,0010,S,-1
r1-1,168070.0,247.8,0010VDS18700,경부선,0010,S,-1
r1-1,169080.0,246.8,0010VDS18556,경부선,0010,S,-1
r1-1,169790.0,246.1,0010VDS18555,경부선,0010,S,-1
r1-1,170710.0,245.2,0010VDS18554,경부선,0010,S,-1
r1-1,171430.0,244.5,0010VDS18553,경부선,0010,S,-1
r1-1,172020.0,243.9,0010VDS18552,경부선,0010,S,-1
r1-1,172020.0,243.9,0010VDS18551,경부선,0010,S,-1
r1-1,173540.0,242.4,0010VDS18540,경부선,0010,S,-1
r1-1,174360.0,241.11,0010VDS17957,경부선,0010,S,-1
r1-1,175660.0,239.77,0010VDS17956,경부선,0010,S,-1
r1-1,176790.0,238.66,0010VDS17954,경부선,0010,S,-1
r1-1,178290.0,237.22,0010VDS17953,경부선,0010,S,-1
r1-1,179480.0,235.96,0010VDS17952,경부선,0010,S,-1
r1-1,180680.0,234.81,0010VDS17951,경부선,0010,S,-1
r1-1,181880.0,233.6,0010VDS17900,경부선,0010,S,-1
r1-1,182780.0,232.7,0010VDS17800,경부선,0010,S,-1
r1-1,183880.0,231.6,0010VDS17700,경부선,0010,S,-1
r1-1,184780.0,230.7,0010VDS17600,경부선,0010,S,-1
r1-1,185780.0,229.7,0010VDS17500,경부선,0010,S,-1
r1-1,186880.0,228.6,0010VDS17400,경부선,0010,S,-1
r1-1,187880.0,227.6,0010VDS17300,경부선,0010,S,-1
r1-1,188680.0,226.8,0010VDS17200,경부선,0010,S,-1
r1-1,189580.0,225.9,0010VDS17100,경부선,0010,S,-1
r1-1,190380.0,225.1,0010VDS17000,경부선,0010,S,-1
r1-1,191380.0,224.1,0010VDS16900,경부선,0010,S,-1
r1-1,192480.0,223.0,0010VDS16800,경부선,0010,S,-1
r1-1,193680.0,221.8,0010VDS16700,경부선,0010,S,-1
r1-1,194870.0,220.6,0010VDS16600,경부선,0010,S,-1
r1-1,195670.0,219.8,0010VDS16500,경부선,0010,S,-1
r1-1,196790.0,218.7,0010VDS16400,경부선,0010,S,-1
r1-1,197880.0,217.6,0010VDS16300,경부선,0010,S,-1
r1-1,198680.0,216.8,0010VDS16200,경부선,0010,S,-1
r1-1,199680.0,215.8,0010VDS16100,경부선,0010,S,-1
r1-1,200580.0,214.9,0010VDS16000,경부선,0010,S,-1
r1-1,201570.0,213.9,0010VDS15900,경부선,0010,S,-1
r1-1,202560.0,212.9,0010VDS15800,경부선,0010,S,-1
r1-1,203660.0,211.8,0010VDS15700,경부선,0010,S,-1
r1-1,204460.0,210.96,0010VDS15600,경부선,0010,S,-1
r1-1,205550.0,209.9,0010VDS15500,경부선,0010,S,-1
r1-1,206350.0,209.1,0010VDS15400,경부선,0010,S,-1
r1-1,207260.0,208.2,0010VDS15300,경부선,0010,S,-1
r1-1,208260.0,207.2,0010VDS15200,경부선,0010,S,-1
r1-1,209260.0,206.2,0010VDS15100,경부선,0010,S,-1
r1-1,210260.0,205.2,0010VDS15000,경부선,0010,S,-1
r1-1,211260.0,204.2,0010VDS14900,경부선,0010,S,-1
r1-1,212260.0,203.2,0010VDS14800,경부선,0010,S,-1
r1-1,213160.0,202.3,0010VDS14700,경부선,0010,S,-1
r1-1,214160.0,201.3,0010VDS14600,경부선,0010,S,-1
r1-1,215360.0,200.1,0010VDS14500,경부선,0010,S,-1
r1-1,215860.0,199.6,0010VDS34201,경부선,0010,S,-1
r1-1,216260.0,199.2,0010VDS14400,경부선,0010,S,-1
r1-1,217360.0,198.1,0010VDS14300,경부선,0010,S,-1
r1-1,217860.0,197.6,0010VDS34001,경부선,0010,S,-1
r1-1,218260.0,197.2,0010VDS14200,경부선,0010,S,-1
r1-1,219060.0,196.4,0010VDS14100,경부선,0010,S,-1
r1-1,221060.0,194.4,0010VDS13900,경부선,0010,S,-1
r1-1,221860.0,193.6,0010VDS13800,경부선,0010,S,-1
r1-1,222670.0,192.8,0010VDS33801,경부선,0010,S,-1
r1-1,223070.0,192.4,0010VDS13700,경부선,0010,S,-1
r1-1,223170.0,192.3,0010VDS13650,경부선,0010,S,-1
r1-1,223170.0,192.3,0010VDS13651,경부선,0010,S,-1
r1-1,223670.0,191.8,0010VDS13600,경부선,0010,S,-1
r1-1,224170.0,191.3,0010VDS33701,경부선,0010,S,-1
r1-1,224670.0,190.8,0010VDS13500,경부선,0010,S,-1
r1-1,225670.0,189.8,0010VDS13400,경부선,0010,S,-1
r1-1,226560.0,188.9,0010VDS13300,경부선,0010,S,-1
r1-1,227460.0,188.0,0010VDS13200,경부선,0010,S,-1
r1-1,228460.0,187.0,0010VDS13100,경부선,0010,S,-1
r1-1,230880.0,184.6,0010VDS33501,경부선,0010,S,-1
r1-1,233170.0,182.3,0010VDS13000,경부선,0010,S,-1
r1-1,234070.0,181.42,0010VDS12900,경부선,0010,S,-1
r1-1,234970.0,180.45,0010VDS12800,경부선,0010,S,-1
r1-1,235970.0,179.5,0010VDS12700,경부선,0010,S,-1
r1-1,236660.0,178.8,0010VDS12600,경부선,0010,S,-1
r1-1,237970.0,177.5,0010VDS12500,경부선,0010,S,-1
r1-1,239860.0,175.6,0010VDS12300,경부선,0010,S,-1
r1-1,240760.0,174.7,0010VDS12200,경부선,0010,S,-1
r1-1,241840.0,173.6,0010VDS12100,경부선,0010,S,-1
r1-1,242140.0,173.3,0010VDS12400,경부선,0010,S,-1
r1-1,242740.0,172.7,0010VDS12000,경부선,0010,S,-1
r1-1,243540.0,171.9,0010VDS11900,경부선,0010,S,-1
r1-1,244730.0,170.7,0010VDS11800,경부선,0010,S,-1
r1-1,245730.0,169.7,0010VDS11700,경부선,0010,S,-1
r1-1,246630.0,168.8,0010VDS11650,경부선,0010,S,-1
r1-1,247540.0,167.9,0010VDS11500,경부선,0010,S,-1
r1-1,248850.0,166.6,0010VDS11400,경부선,0010,S,-1
r1-1,249450.0,166.0,0010VDS11300,경부선,0010,S,-1
r1-1,250240.0,165.2,0010VDS11200,경부선,0010,S,-1
r1-1,251190.0,164.2,0010VDS11100,경부선,0010,S,-1
r1-1,252190.0,163.2,0010VDS11000,경부선,0010,S,-1
r1-1,253090.0,162.3,0010VDS10900,경부선,0010,S,-1
r1-1,254190.0,161.2,0010VDS10800,경부선,0010,S,-1
r1-1,255290.0,160.1,0010VDS10700,경부선,0010,S,-1
r1-1,256090.0,159.3,0010VDS10600,경부선,0010,S,-1
r1-1,257080.0,158.3,0010VDS10500,경부선,0010,S,-1
r1-1,258270.0,157.1,0010VDS10400,경부선,0010,S,-1
r1-1,258870.0,156.5,0010VDS10350,경부선,0010,S,-1
r1-1,259270.0,156.1,0010VDS10300,경부선,0010,S,-1
r1-1,260370.0,155.0,0010VDS10200,경부선,0010,S,-1
r1-1,261170.0,154.2,0010VDS10100,경부선,0010,S,-1
r1-1,262470.0,152.9,0010VDS09900,경부선,0010,S,-1
r1-1,263270.0,152.1,0010VDS10000,경부선,0010,S,-1
r1-1,263970.0,151.4,0010VDS33201,경부선,0010,S,-1
r1-1,264560.0,150.8,0010VDS09800,경부선,0010,S,-1
r1-1,265560.0,149.8,0010VDS09700,경부선,0010,S,-1
r1-1,266460.0,148.9,0010VDS09600,경부선,0010,S,-1
r1-1,267360.0,148.0,0010VDS09500,경부선,0010,S,-1
r1-1,268370.0,147.0,0010VDS09400,경부선,0010,S,-1
r1-1,270050.0,145.3,0010VDS09300,경부선,0010,S,-1
r1-1,270250.0,145.1,0010VDS09200,경부선,0010,S,-1
r1-1,271250.0,144.1,0010VDS09100,경부선,0010,S,-1
r1-1,272250.0,143.1,0010VDS09000,경부선,0010,S,-1
r1-1,272950.0,142.4,0010VDS08920,경부선,0010,S,-1
r1-1,273150.0,142.2,0010VDS08900,경부선,0010,S,-1
r1-1,274460.0,140.9,0010VDS08800,경부선,0010,S,-1
r1-1,275560.0,139.8,0010VDS08700,경부선,0010,S,-1
r1-1,276760.0,138.6,0010VDS08600,경부선,0010,S,-1
r1-1,277860.0,137.5,0010VDS08500,경부선,0010,S,-1
r1-1,278870.0,136.5,0010VDS08400,경부선,0010,S,-1
r1-1,279660.0,135.7,0010VDS08300,경부선,0010,S,-1
r1-1,280850.0,134.5,0010VDS08200,경부선,0010,S,-1
r1-1,281550.0,133.8,0010VDS08151,경부선,0010,S,-1
r1-1,282150.0,133.2,0010VDS08100,경부선,0010,S,-1
r1-1,282150.0,133.2,0010VDS08102,경부선,0010,S,-1
r1-1,283050.0,132.3,0010VDS08000,경부선,0010,S,-1
r1-1,284050.0,131.3,0010VDS07900,경부선,0010,S,-1
r1-1,284850.0,130.5,0010VDS07800,경부선,0010,S,-1
r1-1,285940.0,129.4,0010VDS07700,경부선,0010,S,-1
r1-1,286440.0,128.9,0010VDS07650,경부선,0010,S,-1
r1-1,286940.0,128.4,0010VDS07600,경부선,0010,S,-1
r1-1,287930.0,127.4,0010VDS07500,경부선,0010,S,-1
r1-1,288830.0,126.5,0010VDS07400,경부선,0010,S,-1
r1-1,289720.0,125.6,0010VDS07300,경부선,0010,S,-1
r1-1,290720.0,124.6,0010VDS07200,경부선,0010,S,-1
r1-1,291720.0,123.6,0010VDS07100,경부선,0010,S,-1
r1-1,292620.0,122.7,0010VDS07000,경부선,0010,S,-1
r1-1,293420.0,121.9,0010VDS06900,경부선,0010,S,-1
r1-1,294820.0,120.5,0010VDS06800,경부선,0010,S,-1
r1-1,295830.0,119.5,0010VDS06700,경부선,0010,S,-1
r1-1,296830.0,118.5,0010VDS06600,경부선,0010,S,-1
r1-1,297920.0,117.4,0010VDS06500,경부선,0010,S,-1
r1-1,298830.0,116.5,0010VDS06400,경부선,0010,S,-1
r1-1,299730.0,115.6,0010VDS06300,경부선,0010,S,-1
r1-1,300640.0,114.7,0010VDS06200,경부선,0010,S,-1
r1-1,301810.0,113.5,0010VDS06100,경부선,0010,S,-1
r1-1,302820.0,112.5,0010VDS06000,경부선,0010,S,-1
r1-1,304070.0,111.3,0010VDS05900,경부선,0010,S,-1
r1-1,305070.0,110.3,0010VDS05800,경부선,0010,S,-1
r1-1,306070.0,109.3,0010VDS05700,경부선,0010,S,-1
r1-1,307070.0,108.3,0010VDS05600,경부선,0010,S,-1
r1-1,308070.0,107.3,0010VDS05500,경부선,0010,S,-1
r1-1,309070.0,106.3,0010VDS05400,경부선,0010,S,-1
r1-1,310070.0,105.3,0010VDS05300,경부선,0010,S,-1
r1-1,311170.0,104.2,0010VDS05200,경부선,0010,S,-1
r1-1,312170.0,103.2,0010VDS05100,경부선,0010,S,-1
r1-1,313270.0,102.1,0010VDS05000,경부선,0010,S,-1
r1-1,314070.0,101.3,0010VDS04900,경부선,0010,S,-1
r1-1,314960.0,100.4,0010VDS04800,경부선,0010,S,-1
r1-1,315980.0,99.4,0010VDS04700,경부선,0010,S,-1
r1-1,316880.0,98.5,0010VDS04600,경부선,0010,S,-1
r1-1,317780.0,97.6,0010VDS04500,경부선,0010,S,-1
r1-1,318600.0,96.7,0010VDS04400,경부선,0010,S,-1
r1-1,319790.0,95.5,0010VDS04355,경부선,0010,S,-1
r1-1,321090.0,94.2,0010VDS04350,경부선,0010,S,-1
r1-1,322480.0,92.8,0010VDS04345,경부선,0010,S,-1
r1-1,323580.0,91.73,0010VDS04340,경부선,0010,S,-1
r1-1,324780.0,90.45,0010VDS04335,경부선,0010,S,-1
r1-1,325980.0,89.3,0010VDS04330,경부선,0010,S,-1
r1-1,327380.0,87.85,0010VDS04325,경부선,0010,S,-1
r1-1,328480.0,86.75,0010VDS04320,경부선,0010,S,-1
r1-1,329470.0,85.8,0010VDS04315,경부선,0010,S,-1
r1-1,330470.0,84.8,0010VDS04310,경부선,0010,S,-1
r1-1,331370.0,83.9,0010VDS04305,경부선,0010,S,-1
r1-1,332460.0,82.8,0010VDS04300,경부선,0010,S,-1
r1-1,334070.0,81.2,0010VDS04295,경부선,0010,S,-1
r1-1,335070.0,80.15,0010VDS04290,경부선,0010,S,-1
r1-1,336270.0,79.0,0010VDS04285,경부선,0010,S,-1
r1-1,337270.0,78.0,0010VDS04280,경부선,0010,S,-1
r1-1,338270.0,77.0,0010VDS04275,경부선,0010,S,-1
r1-1,339370.0,75.9,0010VDS04270,경부선,0010,S,-1
r1-1,340470.0,74.8,0010VDS04265,경부선,0010,S,-1
r1-1,341470.0,73.8,0010VDS04260,경부선,0010,S,-1
r1-1,342470.0,72.8,0010VDS04255,경부선,0010,S,-1
r1-1,343370.0,71.85,0010VDS04250,경부선,0010,S,-1
r1-1,344570.0,70.7,0010VDS04245,경부선,0010,S,-1
r1-1,345560.0,69.7,0010VDS04240,경부선,0010,S,-1
r1-1,346460.0,68.8,0010VDS04235,경부선,0010,S,-1
r1-1,347760.0,67.5,0010VDS04230,경부선,0010,S,-1
r1-1,348860.0,66.4,0010VDS04225,경부선,0010,S,-1
r1-1,349750.0,65.5,0010VDS04220,경부선,0010,S,-1
r1-1,350960.0,64.3,0010VDS04215,경부선,0010,S,-1
r1-1,351960.0,63.3,0010VDS04210,경부선,0010,S,-1
r1-1,353060.0,62.2,0010VDS04205,경부선,0010,S,-1
r1-1,354160.0,61.1,0010VDS04200,경부선,0010,S,-1
r1-1,355460.0,59.8,0010VDS04195,경부선,0010,S,-1
r1-1,356660.0,58.6,0010VDS04190,경부선,0010,S,-1
r1-1,357860.0,57.4,0010VDS04185,경부선,0010,S,-1
r1-1,358750.0,56.5,0010VDS04180,경부선,0010,S,-1
r1-1,359560.0,55.7,0010VDS04175,경부선,0010,S,-1
r1-1,360760.0,54.5,0010VDS04170,경부선,0010,S,-1
r1-1,361850.0,53.4,0010VDS04165,경부선,0010,S,-1
r1-1,362960.0,52.3,0010VDS04160,경부선,0010,S,-1
r1-1,364160.0,51.1,0010VDS04155,경부선,0010,S,-1
r1-1,365060.0,50.2,0010VDS04150,경부선,0010,S,-1
r1-1,366060.0,49.2,0010VDS04145,경부선,0010,S,-1
r1-1,367060.0,48.2,0010VDS04140,경부선,0010,S,-1
r1-1,367960.0,47.3,0010VDS04135,경부선,0010,S,-1
r1-1,369050.0,46.2,0010VDS04130,경부선,0010,S,-1
r1-1,370060.0,45.2,0010VDS04125,경부선,0010,S,-1
r1-1,371460.0,43.8,0010VDS04120,경부선,0010,S,-1
r1-1,372260.0,43.0,0010VDS04115,경부선,0010,S,-1
r1-1,373160.0,42.1,0010VDS04110,경부선,0010,S,-1
r1-1,374060.0,41.2,0010VDS04105,경부선,0010,S,-1
r1-1,376190.0,39.1,0010VDS04100,경부선,0010,S,-1
r1-1,377290.0,38.0,0010VDS04000,경부선,0010,S,-1
r1-1,379390.0,35.9,0010VDS03800,경부선,0010,S,-1
r1-1,380290.0,35.0,0010VDS03700,경부선,0010,S,-1
r1-1,381190.0,34.1,0010VDS03600,경부선,0010,S,-1
r1-1,382190.0,33.1,0010VDS03500,경부선,0010,S,-1
r1-1,383090.0,32.2,0010VDS03400,경부선,0010,S,-1
r1-1,384090.0,31.2,0010VDS03300,경부선,0010,S,-1
r1-1,384990.0,30.3,0010VDS03200,경부선,0010,S,-1
r1-1,386190.0,29.1,0010VDS03100,경부선,0010,S,-1
r1-1,386790.0,28.5,0010VDS03000,경부선,0010,S,-1
r1-1,387790.0,27.5,0010VDS02900,경부선,0010,S,-1
r1-1,387990.0,27.3,0010VDS02850,경부선,0010,S,-1
r1-1,388790.0,26.5,0010VDS02800,경부선,0010,S,-1
r1-1,389890.0,25.4,0010VDS02700,경부선,0010,S,-1
r1-1,390790.0,24.5,0010VDS02600,경부선,0010,S,-1
r1-1,391790.0,23.5,0010VDS02500,경부선,0010,S,-1
r1-1,392590.0,22.7,0010VDS02400,경부선,0010,S,-1
r1-1,393590.0,21.7,0010VDS02300,경부선,0010,S,-1
r1-1,394390.0,20.9,0010VDS02200,경부선,0010,S,-1
r1-1,395190.0,20.1,0010VDS02100,경부선,0010,S,-1
r1-1,396190.0,19.1,0010VDS02000,경부선,0010,S,-1
r1-1,397090.0,18.2,0010VDS01900,경부선,0010,S,-1
r1-1,398590.0,16.7,0010VDS01800,경부선,0010,S,-1
r1-1,398790.0,16.5,0010VDS01700,경부선,0010,S,-1
r1-1,399790.0,15.5,0010VDS01600,경부선,0010,S,-1
r1-1,400890.0,14.4,0010VDS01500,경부선,0010,S,-1
r1-1,402490.0,12.8,0010VDS01300,경부선,0010,S,-1
r1-1,403390.0,11.9,0010VDS01200,경부선,0010,S,-1
r1-1,404190.0,11.1,0010VDS01100,경부선,0010,S,-1
r1-1,405290.0,10.0,0010VDS01000,경부선,0010,S,-1
r1-1,406090.0,9.2,0010VDS00900,경부선,0010,S,-1
r1-1,406890.0,8.4,0010VDS00800,경부선,0010,S,-1
r1-1,407990.0,7.3,0010VDS00700,경부선,0010,S,-1
r1-1,408990.0,6.3,0010VDS00600,경부선,0010,S,-1
r1-1,410190.0,5.1,0010VDS00500,경부선,0010,S,-1
r1-1,410780.0,4.5,0010VDS00400,경부선,0010,S,-1
r1-1,411980.0,3.3,0010VDS00300,경부선,0010,S,-1
r1-1,412880.0,2.4,0010VDS00200,경부선,0010,S,-1
r1-1,413880.0,1.4,0010VDS00100,경부선,0010,S,-1
r10-0,780.0,1.0,0100VDE00100,남해선(순천-부산),0100,E,1
r10-0,1380.0,1.6,0100VDE00200,남해선(순천-부산),0100,E,1
r10-0,2780.0,3.0,0100VDE00300,남해선(순천-부산),0100,E,1
r10-0,4490.0,4.7,0100VDE00450,남해선(순천-부산),0100,E,1
r10-0,6780.0,7.0,0100VDE00750,남해선(순천-부산),0100,E,1
r10-0,8580.0,8.8,0100VDE00900,남해선(순천-부산),0100,E,1
r10-0,10880.0,11.09,0100VDE01100,남해선(순천-부산),0100,E,1
r10-0,12880.0,13.1,0100VDE01300,남해선(순천-부산),0100,E,1
r10-0,14980.0,15.2,0100VDE01500,남해선(순천-부산),0100,E,1
r10-0,15880.0,16.1,0100VDE01600,남해선(순천-부산),0100,E,1
r10-0,18180.0,18.39,0100VDE01800,남해선(순천-부산),0100,E,1
r10-0,20180.0,20.4,0100VDE02000,남해선(순천-부산),0100,E,1
r10-0,22480.0,22.7,0100VDE02200,남해선(순천-부산),0100,E,1
r10-0,23980.0,24.2,0100VDE02400,남해선(순천-부산),0100,E,1
r10-0,26570.0,26.81,0100VDE02600,남해선(순천-부산),0100,E,1
r10-0,28570.0,28.8,0100VDE02800,남해선(순천-부산),0100,E,1
r10-0,30870.0,31.1,0100VDE03000,남해선(순천-부산),0100,E,1
r10-0,31670.0,31.9,0100VDE03100,남해선(순천-부산),0100,E,1
r10-0,33980.0,34.2,0100VDE03300,남해선(순천-부산),0100,E,1
r10-0,36270.0,36.5,0100VDE03500,남해선(순천-부산),0100,E,1
r10-0,38180.0,38.4,0100VDE03700,남해선(순천-부산),0100,E,1
r10-0,40370.0,40.6,0100VDE03950,남해선(순천-부산),0100,E,1
r10-0,42570.0,42.8,0100VDE04100,남해선(순천-부산),0100,E,1
r10-0,44670.0,44.9,0100VDE04300,남해선(순천-부산),0100,E,1
r10-0,46670.0,46.9,0100VDE04500,남해선(순천-부산),0100,E,1
r10-0,48560.0,48.8,0100VDE04700,남해선(순천-부산),0100,E,1
r10-0,50460.0,50.7,0100VDE04900,남해선(순천-부산),0100,E,1
r10-0,52660.0,52.9,0100VDE05100,남해선(순천-부산),0100,E,1
r10-0,54460.0,54.7,0100VDE05300,남해선(순천-부산),0100,E,1
r10-0,56150.0,56.4,0100VDE05500,남해선(순천-부산),0100,E,1
r10-0,58350.0,58.6,0100VDE05700,남해선(순천-부산),0100,E,1
r10-0,60550.0,60.8,0100VDE05900,남해선(순천-부산),0100,E,1
r10-0,61350.0,61.6,0100VDE06000,남해선(순천-부산),0100,E,1
r10-0,62350.0,62.6,0100VDE06100,남해선(순천-부산),0100,E,1
r10-0,63250.0,63.5,0100VDE06200,남해선(순천-부산),0100,E,1
r10-0,65150.0,65.4,0100VDE06400,남해선(순천-부산),0100,E,1
r10-0,65650.0,65.9,0100VDE06470,남해선(순천-부산),0100,E,1
r10-0,65650.0,65.9,0100VDE06471,남해선(순천-부산),0100,E,1
r10-0,66560.0,66.8,0100VDE06550,남해선(순천-부산),0100,E,1
r10-0,67560.0,67.8,0100VDE06600,남해선(순천-부산),0100,E,1
r10-0,67960.0,68.2,0100VDE06620,남해선(순천-부산),0100,E,1
r10-0,68460.0,68.7,0100VDE06670,남해선(순천-부산),0100,E,1
r10-0,68560.0,68.8,0100VDE06700,남해선(순천-부산),0100,E,1
r10-0,69550.0,69.8,0100VDE06800,남해선(순천-부산),0100,E,1
r10-0,71150.0,71.4,0100VDE06900,남해선(순천-부산),0100,E,1
r10-0,71950.0,72.2,0100VDE06950,남해선(순천-부산),0100,E,1
r10-0,73250.0,73.5,0100VDE07100,남해선(순천-부산),0100,E,1
r10-0,74650.0,74.9,0100VDE07200,남해선(순천-부산),0100,E,1
r10-0,75340.0,75.6,0100VDE07300,남해선(순천-부산),0100,E,1
r10-0,75540.0,75.8,0100VDE07320,남해선(순천-부산),0100,E,1
r10-0,75540.0,75.8,0100VDE07321,남해선(순천-부산),0100,E,1
r10-0,76540.0,76.8,0100VDE07350,남해선(순천-부산),0100,E,1
r10-0,76840.0,77.1,0100VDE07351,남해선(순천-부산),0100,E,1
r10-0,78440.0,78.7,0100VDE07353,남해선(순천-부산),0100,E,1
r10-0,78440.0,78.7,0100VDE07354,남해선(순천-부산),0100,E,1
r10-0,78740.0,79.0,0100VDE07355,남해선(순천-부산),0100,E,1
r10-0,78840.0,79.1,0100VDE07356,남해선(순천-부산),0100,E,1
r10-0,80840.0,81.1,0100VDE07358,남해선(순천-부산),0100,E,1
r10-0,81250.0,81.5,0100VDE07400,남해선(순천-부산),0100,E,1
r10-0,82150.0,82.4,0100VDE07450,남해선(순천-부산),0100,E,1
r10-0,82150.0,82.4,0100VDE07451,남해선(순천-부산),0100,E,1
r10-0,82450.0,82.7,0100VDE07500,남해선(순천-부산),0100,E,1
r10-0,83440.0,83.7,0100VDE07600,남해선(순천-부산),0100,E,1
r10-0,84340.0,84.6,0100VDE07700,남해선(순천-부산),0100,E,1
r10-0,86340.0,86.6,0100VDE07800,남해선(순천-부산),0100,E,1
r10-0,86650.0,86.9,0100VDE07900,남해선(순천-부산),0100,E,1
r10-0,88250.0,88.5,0100VDE08100,남해선(순천-부산),0100,E,1
r10-0,88350.0,88.6,0100VDE08150,남해선(순천-부산),0100,E,1
r10-0,89150.0,89.4,0100VDE08200,남해선(순천-부산),0100,E,1
r10-0,90250.0,90.5,0100VDE08300,남해선(순천-부산),0100,E,1
r10-0,91350.0,91.6,0100VDE08400,남해선(순천-부산),0100,E,1
r10-0,92350.0,92.6,0100VDE08500,남해선(순천-부산),0100,E,1
r10-0,93340.0,93.6,0100VDE08600,남해선(순천-부산),0100,E,1
r10-0,94340.0,94.6,0100VDE08700,남해선(순천-부산),0100,E,1
r10-0,95340.0,95.6,0100VDE08800,남해선(순천-부산),0100,E,1
r10-0,95940.0,96.2,0100VDE08900,남해선(순천-부산),0100,E,1
r10-0,97640.0,97.9,0100VDE09050,남해선(순천-부산),0100,E,1
r10-0,97640.0,97.9,0100VDE09051,남해선(순천-부산),0100,E,1
r10-0,98540.0,98.8,0100VDE09100,남해선(순천-부산),0100,E,1
r10-0,99440.0,99.7,0100VDE09200,남해선(순천-부산),0100,E,1
r10-0,99730.0,100.0,0100VDE09250,남해선(순천-부산),0100,E,1
r10-0,100130.0,100.4,0100VDE09300,남해선(순천-부산),0100,E,1
r10-0,100240.0,100.5,0100VDE09350,남해선(순천-부산),0100,E,1
r10-0,100240.0,100.5,0100VDE09351,남해선(순천-부산),0100,E,1
r10-0,101240.0,101.5,0100VDE09400,남해선(순천-부산),0100,E,1
r10-0,101640.0,101.9,0100VDE09450,남해선(순천-부산),0100,E,1
r10-0,102030.0,102.3,0100VDE09500,남해선(순천-부산),0100,E,1
r10-0,103030.0,103.3,0100VDE09600,남해선(순천-부산),0100,E,1
r10-0,104130.0,104.4,0100VDE09651,남해선(순천-부산),0100,E,1
r10-0,104130.0,104.4,0100VDE09650,남해선(순천-부산),0100,E,1
r10-0,104230.0,104.5,0100VDE09700,남해선(순천-부산),0100,E,1
r10-0,105430.0,105.7,0100VDE09800,남해선(순천-부산),0100,E,1
r10-0,106430.0,106.7,0100VDE09900,남해선(순천-부산),0100,E,1
r10-0,107720.0,108.0,0100VDE10000,남해선(순천-부산),0100,E,1
r10-0,109120.0,109.4,0100VDE10101,남해선(순천-부산),0100,E,1
r10-0,110030.0,110.3,0100VDE10103,남해선(순천-부산),0100,E,1
r10-0,110430.0,110.7,0100VDE10104,남해선(순천-부산),0100,E,1
r10-0,111030.0,111.3,0100VDE10200,남해선(순천-부산),0100,E,1
r10-0,112120.0,112.4,0100VDE10250,남해선(순천-부산),0100,E,1
r10-0,115020.0,115.3,0100VDE10300,남해선(순천-부산),0100,E,1
r10-0,116210.0,116.5,0100VDE10400,남해선(순천-부산),0100,E,1
r10-0,119210.0,119.5,0100VDE10600,남해선(순천-부산),0100,E,1
r10-0,120210.0,120.5,0100VDE10601,남해선(순천-부산),0100,E,1
r10-0,120310.0,120.6,0100VDE10610,남해선(순천-부산),0100,E,1
r10-0,120610.0,120.9,0100VDE10602,남해선(순천-부산),0100,E,1
r10-0,121510.0,121.75,0100VDE10604,남해선(순천-부산),0100,E,1
r10-0,122410.0,122.65,0100VDE10606,남해선(순천-부산),0100,E,1
r10-0,123200.0,123.45,0100VDE10608,남해선(순천-부산),0100,E,1
r10-0,123400.0,123.7,0100VDE10609,남해선(순천-부산),0100,E,1
r10-0,124300.0,124.6,0100VDE10700,남해선(순천-부산),0100,E,1
r10-0,125200.0,125.5,0100VDE10800,남해선(순천-부산),0100,E,1
r10-0,128200.0,128.5,0100VDE10900,남해선(순천-부산),0100,E,1
r10-0,129200.0,129.5,0100VDE11000,남해선(순천-부산),0100,E,1
r10-0,129600.0,129.9,0100VDE11050,남해선(순천-부산),0100,E,1
r10-0,130900.0,131.2,0100VDE11100,남해선(순천-부산),0100,E,1
r10-0,131900.0,132.2,0100VDE11200,남해선(순천-부산),0100,E,1
r10-0,132900.0,133.2,0100VDE11300,남해선(순천-부산),0100,E,1
r10-0,133600.0,133.9,0100VDE11400,남해선(순천-부산),0100,E,1
r10-0,134600.0,134.9,0100VDE11500,남해선(순천-부산),0100,E,1
r10-0,136500.0,136.8,0100VDE11601,남해선(순천-부산),0100,E,1
r10-0,137200.0,137.5,0100VDE02651,남해선(순천-부산),0100,E,1
r10-0,137990.0,138.3,0100VDE11700,남해선(순천-부산),0100,E,1
r10-0,138690.0,139.0,0100VDE11800,남해선(순천-부산),0100,E,1
r10-0,139490.0,139.8,0100VDE11900,남해선(순천-부산),0100,E,1
r10-0,140780.0,141.1,0100VDE12000,남해선(순천-부산),0100,E,1
r10-0,141350.0,141.8,0100VDE12040,남해선(순천-부산),0100,E,1
r10-0,141450.0,141.9,0100VDE12050,남해선(순천-부산),0100,E,1
r10-0,141810.0,142.3,0100VDE12100,남해선(순천-부산),0100,E,1
r10-0,144760.0,145.6,0100VDE12300,남해선(순천-부산),0100,E,1
r10-0,145890.0,146.8,0100VDE12400,남해선(순천-부산),0100,E,1
r10-0,146790.0,147.7,0100VDE12500,남해선(순천-부산),0100,E,1
r10-0,147880.0,148.8,0100VDE12600,남해선(순천-부산),0100,E,1
r10-0,149160.0,150.1,0100VDE12650,남해선(순천-부산),0100,E,1
r10-0,150090.0,151.0,0100VDE12700,남해선(순천-부산),0100,E,1
r10-0,150190.0,151.1,0100VDE12901,남해선(순천-부산),0100,E,1
r10-0,151370.0,152.3,0100VDE12800,남해선(순천-부산),0100,E,1
r10-0,153500.0,154.4,0100VDE13000,남해선(순천-부산),0100,E,1
r10-0,155780.0,156.7,0100VDE13200,남해선(순천-부산),0100,E,1
r10-0,157380.0,158.3,0100VDE13300,남해선(순천-부산),0100,E,1
r10-0,158270.0,159.2,0100VDE13400,남해선(순천-부산),0100,E,1
r10-0,159960.0,160.9,0100VDE13500,남해선(순천-부산),0100,E,1
r10-0,160870.0,161.8,0100VDE13600,남해선(순천-부산),0100,E,1
r10-0,163040.0,164.2,0100VDE13701,남해선(순천-부산),0100,E,1
r10-1,2230.0,164.2,0100VDS13700,남해선(순천-부산),0100,S,-1
r10-1,4400.0,161.8,0100VDS13600,남해선(순천-부산),0100,S,-1
r10-1,5310.0,160.9,0100VDS13500,남해선(순천-부산),0100,S,-1
r10-1,7000.0,159.2,0100VDS13400,남해선(순천-부산),0100,S,-1
r10-1,7890.0,158.3,0100VDS13300,남해선(순천-부산),0100,S,-1
r10-1,9490.0,156.7,0100VDS13200,남해선(순천-부산),0100,S,-1
r10-1,10770.0,155.4,0100VDS13100,남해선(순천-부산),0100,S,-1
r10-1,13910.0,152.3,0100VDS12800,남해선(순천-부산),0100,S,-1
r10-1,15180.0,151.0,0100VDS12700,남해선(순천-부산),0100,S,-1
r10-1,16110.0,150.1,0100VDS12650,남해선(순천-부산),0100,S,-1
r10-1,17000.0,149.2,0100VDS12900,남해선(순천-부산),0100,S,-1
r10-1,17400.0,148.8,0100VDS12600,남해선(순천-부산),0100,S,-1
r10-1,18480.0,147.7,0100VDS12500,남해선(순천-부산),0100,S,-1
r10-1,19380.0,146.8,0100VDS12400,남해선(순천-부산),0100,S,-1
r10-1,20500.0,145.6,0100VDS12300,남해선(순천-부산),0100,S,-1
r10-1,23440.0,142.3,0100VDS12100,남해선(순천-부산),0100,S,-1
r10-1,23710.0,142.0,0100VDS12060,남해선(순천-부산),0100,S,-1
r10-1,23800.0,141.9,0100VDS12050,남해선(순천-부산),0100,S,-1
r10-1,24470.0,141.1,0100VDS12000,남해선(순천-부산),0100,S,-1
r10-1,25770.0,139.8,0100VDS11900,남해선(순천-부산),0100,S,-1
r10-1,26570.0,139.0,0100VDS11800,남해선(순천-부산),0100,S,-1
r10-1,27270.0,138.3,0100VDS11700,남해선(순천-부산),0100,S,-1
r10-1,27570.0,138.0,0100VDS04251,남해선(순천-부산),0100,S,-1
r10-1,28780.0,136.8,0100VDS11600,남해선(순천-부산),0100,S,-1
r10-1,30680.0,134.9,0100VDS11500,남해선(순천-부산),0100,S,-1
r10-1,31680.0,133.9,0100VDS11400,남해선(순천-부산),0100,S,-1
r10-1,32380.0,133.2,0100VDS11300,남해선(순천-부산),0100,S,-1
r10-1,33380.0,132.2,0100VDS11200,남해선(순천-부산),0100,S,-1
r10-1,34380.0,131.2,0100VDS11100,남해선(순천-부산),0100,S,-1
r10-1,34780.0,130.8,0100VDS11080,남해선(순천-부산),0100,S,-1
r10-1,36070.0,129.5,0100VDS11000,남해선(순천-부산),0100,S,-1
r10-1,37070.0,128.5,0100VDS10900,남해선(순천-부산),0100,S,-1
r10-1,37670.0,127.9,0100VDS10870,남해선(순천-부산),0100,S,-1
r10-1,38770.0,126.8,0100VDS10830,남해선(순천-부산),0100,S,-1
r10-1,40070.0,125.5,0100VDS10800,남해선(순천-부산),0100,S,-1
r10-1,40970.0,124.6,0100VDS10700,남해선(순천-부산),0100,S,-1
r10-1,41870.0,123.7,0100VDS10609,남해선(순천-부산),0100,S,-1
r10-1,41970.0,123.6,0100VDS10615,남해선(순천-부산),0100,S,-1
r10-1,42170.0,123.35,0100VDS10608,남해선(순천-부산),0100,S,-1
r10-1,43070.0,122.5,0100VDS10606,남해선(순천-부산),0100,S,-1
r10-1,43870.0,121.65,0100VDS10604,남해선(순천-부산),0100,S,-1
r10-1,44670.0,120.85,0100VDS10602,남해선(순천-부산),0100,S,-1
r10-1,45070.0,120.5,0100VDS10601,남해선(순천-부산),0100,S,-1
r10-1,46080.0,119.5,0100VDS10600,남해선(순천-부산),0100,S,-1
r10-1,49070.0,116.5,0100VDS10400,남해선(순천-부산),0100,S,-1
r10-1,50270.0,115.3,0100VDS10300,남해선(순천-부산),0100,S,-1
r10-1,53160.0,112.4,0100VDS10250,남해선(순천-부산),0100,S,-1
r10-1,54260.0,111.3,0100VDS10200,남해선(순천-부산),0100,S,-1
r10-1,54860.0,110.7,0100VDS10104,남해선(순천-부산),0100,S,-1
r10-1,55560.0,110.0,0100VDS10102,남해선(순천-부산),0100,S,-1
r10-1,56150.0,109.4,0100VDS10101,남해선(순천-부산),0100,S,-1
r10-1,57540.0,108.0,0100VDS10000,남해선(순천-부산),0100,S,-1
r10-1,58840.0,106.7,0100VDS09900,남해선(순천-부산),0100,S,-1
r10-1,59840.0,105.7,0100VDS09800,남해선(순천-부산),0100,S,-1
r10-1,61040.0,104.5,0100VDS09700,남해선(순천-부산),0100,S,-1
r10-1,61140.0,104.4,0100VDS09651,남해선(순천-부산),0100,S,-1
r10-1,61140.0,104.4,0100VDS09650,남해선(순천-부산),0100,S,-1
r10-1,62240.0,103.3,0100VDS09600,남해선(순천-부산),0100,S,-1
r10-1,63240.0,102.3,0100VDS09500,남해선(순천-부산),0100,S,-1
r10-1,64040.0,101.5,0100VDS09400,남해선(순천-부산),0100,S,-1
r10-1,65040.0,100.5,0100VDS09350,남해선(순천-부산),0100,S,-1
r10-1,65140.0,100.4,0100VDS09300,남해선(순천-부산),0100,S,-1
r10-1,65840.0,99.7,0100VDS09200,남해선(순천-부산),0100,S,-1
r10-1,66450.0,99.1,0100VDS09150,남해선(순천-부산),0100,S,-1
r10-1,66750.0,98.8,0100VDS09100,남해선(순천-부산),0100,S,-1
r10-1,67650.0,97.9,0100VDS09050,남해선(순천-부산),0100,S,-1
r10-1,67650.0,97.9,0100VDS09051,남해선(순천-부산),0100,S,-1
r10-1,69350.0,96.2,0100VDS08900,남해선(순천-부산),0100,S,-1
r10-1,69950.0,95.6,0100VDS08800,남해선(순천-부산),0100,S,-1
r10-1,70950.0,94.6,0100VDS08700,남해선(순천-부산),0100,S,-1
r10-1,71950.0,93.6,0100VDS08600,남해선(순천-부산),0100,S,-1
r10-1,72960.0,92.6,0100VDS08500,남해선(순천-부산),0100,S,-1
r10-1,73960.0,91.6,0100VDS08400,남해선(순천-부산),0100,S,-1
r10-1,75060.0,90.5,0100VDS08300,남해선(순천-부산),0100,S,-1
r10-1,76160.0,89.4,0100VDS08200,남해선(순천-부산),0100,S,-1
r10-1,76960.0,88.6,0100VDS08150,남해선(순천-부산),0100,S,-1
r10-1,77060.0,88.5,0100VDS08100,남해선(순천-부산),0100,S,-1
r10-1,78650.0,86.9,0100VDS07900,남해선(순천-부산),0100,S,-1
r10-1,78950.0,86.6,0100VDS07800,남해선(순천-부산),0100,S,-1
r10-1,80950.0,84.6,0100VDS07700,남해선(순천-부산),0100,S,-1
r10-1,81850.0,83.7,0100VDS07600,남해선(순천-부산),0100,S,-1
r10-1,82850.0,82.7,0100VDS07500,남해선(순천-부산),0100,S,-1
r10-1,83150.0,82.4,0100VDS07451,남해선(순천-부산),0100,S,-1
r10-1,83150.0,82.4,0100VDS07450,남해선(순천-부산),0100,S,-1
r10-1,84050.0,81.5,0100VDS07400,남해선(순천-부산),0100,S,-1
r10-1,84450.0,81.1,0100VDS07358,남해선(순천-부산),0100,S,-1
r10-1,85340.0,80.2,0100VDS07357,남해선(순천-부산),0100,S,-1
r10-1,86460.0,79.1,0100VDS07356,남해선(순천-부산),0100,S,-1
r10-1,86560.0,79.0,0100VDS07355,남해선(순천-부산),0100,S,-1
r10-1,86860.0,78.7,0100VDS07352,남해선(순천-부산),0100,S,-1
r10-1,88450.0,77.1,0100VDS07351,남해선(순천-부산),0100,S,-1
r10-1,88750.0,76.8,0100VDS07350,남해선(순천-부산),0100,S,-1
r10-1,89750.0,75.8,0100VDS07321,남해선(순천-부산),0100,S,-1
r10-1,89750.0,75.8,0100VDS07320,남해선(순천-부산),0100,S,-1
r10-1,89950.0,75.6,0100VDS07300,남해선(순천-부산),0100,S,-1
r10-1,90650.0,74.9,0100VDS07200,남해선(순천-부산),0100,S,-1
r10-1,92050.0,73.5,0100VDS07100,남해선(순천-부산),0100,S,-1
r10-1,93350.0,72.2,0100VDS06950,남해선(순천-부산),0100,S,-1
r10-1,94140.0,71.4,0100VDS06900,남해선(순천-부산),0100,S,-1
r10-1,95760.0,69.8,0100VDS06800,남해선(순천-부산),0100,S,-1
r10-1,96760.0,68.8,0100VDS06700,남해선(순천-부산),0100,S,-1
r10-1,96760.0,68.8,0100VDS06701,남해선(순천-부산),0100,S,-1
r10-1,96760.0,68.8,0100VDS06702,남해선(순천-부산),0100,S,-1
r10-1,97260.0,68.3,0100VDS06650,남해선(순천-부산),0100,S,-1
r10-1,97260.0,68.3,0100VDS06651,남해선(순천-부산),0100,S,-1
r10-1,97770.0,67.8,0100VDS06600,남해선(순천-부산),0100,S,-1
r10-1,98760.0,66.8,0100VDS06550,남해선(순천-부산),0100,S,-1
r10-1,99660.0,65.9,0100VDS06470,남해선(순천-부산),0100,S,-1
r10-1,99760.0,65.8,0100VDS06440,남해선(순천-부산),0100,S,-1
r10-1,100160.0,65.4,0100VDS06400,남해선(순천-부산),0100,S,-1
r10-1,102060.0,63.5,0100VDS06200,남해선(순천-부산),0100,S,-1
r10-1,102960.0,62.6,0100VDS06100,남해선(순천-부산),0100,S,-1
r10-1,103960.0,61.6,0100VDS06000,남해선(순천-부산),0100,S,-1
r10-1,104750.0,60.8,0100VDS05900,남해선(순천-부산),0100,S,-1
r10-1,106950.0,58.6,0100VDS05700,남해선(순천-부산),0100,S,-1
r10-1,109150.0,56.4,0100VDS05500,남해선(순천-부산),0100,S,-1
r10-1,110850.0,54.7,0100VDS05300,남해선(순천-부산),0100,S,-1
r10-1,112620.0,52.9,0100VDS05100,남해선(순천-부산),0100,S,-1
r10-1,114800.0,50.7,0100VDS04900,남해선(순천-부산),0100,S,-1
r10-1,116700.0,48.8,0100VDS04700,남해선(순천-부산),0100,S,-1
r10-1,118610.0,46.9,0100VDS04500,남해선(순천-부산),0100,S,-1
r10-1,120600.0,44.9,0100VDS04300,남해선(순천-부산),0100,S,-1
r10-1,122700.0,42.8,0100VDS04100,남해선(순천-부산),0100,S,-1
r10-1,124900.0,40.6,0100VDS03950,남해선(순천-부산),0100,S,-1
r10-1,127100.0,38.4,0100VDS03700,남해선(순천-부산),0100,S,-1
r10-1,128990.0,36.5,0100VDS03500,남해선(순천-부산),0100,S,-1
r10-1,131300.0,34.2,0100VDS03300,남해선(순천-부산),0100,S,-1
r10-1,133580.0,31.9,0100VDS03100,남해선(순천-부산),0100,S,-1
r10-1,134380.0,31.1,0100VDS03000,남해선(순천-부산),0100,S,-1
r10-1,136680.0,28.8,0100VDS02800,남해선(순천-부산),0100,S,-1
r10-1,138670.0,26.81,0100VDS02600,남해선(순천-부산),0100,S,-1
r10-1,141270.0,24.2,0100VDS02400,남해선(순천-부산),0100,S,-1
r10-1,142770.0,22.7,0100VDS02200,남해선(순천-부산),0100,S,-1
r10-1,145080.0,20.4,0100VDS02000,남해선(순천-부산),0100,S,-1
r10-1,147070.0,18.39,0100VDS01800,남해선(순천-부산),0100,S,-1
r10-1,149340.0,16.1,0100VDS01600,남해선(순천-부산),0100,S,-1
r10-1,150240.0,15.2,0100VDS01500,남해선(순천-부산),0100,S,-1
r10-1,152330.0,13.1,0100VDS01300,남해선(순천-부산),0100,S,-1
r10-1,154330.0,11.09,0100VDS01100,남해선(순천-부산),0100,S,-1
r10-1,156630.0,8.8,0100VDS00900,남해선(순천-부산),0100,S,-1
r10-1,158430.0,7.0,0100VDS00750,남해선(순천-부산),0100,S,-1
r10-1,160740.0,4.7,0100VDS00450,남해선(순천-부산),0100,S,-1
r10-1,162430.0,3.0,0100VDS00300,남해선(순천-부산),0100,S,-1
r10-1,163820.0,1.6,0100VDS00200,남해선(순천-부산),0100,S,-1
r10-1,164420.0,1.0,0100VDS00100,남해선(순천-부산),0100,S,-1
r10-2,120.0,0.1,0101VDE00100,남해선(영암-순천),0101,E,1
r10-2,420.0,0.4,0101VDE00121,남해선(영암-순천),0101,E,1
r10-2,420.0,0.4,0101VDE00120,남해선(영암-순천),0101,E,1
r10-2,1220.0,1.2,0101VDE00200,남해선(영암-순천),0101,E,1
r10-2,2320.0,2.3,0101VDE00300,남해선(영암-순천),0101,E,1
r10-2,3220.0,3.2,0101VDE00400,남해선(영암-순천),0101,E,1
r10-2,5320.0,5.3,0101VDE00600,남해선(영암-순천),0101,E,1
r10-2,5320.0,5.3,0101VDE00610,남해선(영암-순천),0101,E,1
r10-2,7120.0,7.1,0101VDE00800,남해선(영암-순천),0101,E,1
r10-2,9320.0,9.3,0101VDE01000,남해선(영암-순천),0101,E,1
r10-2,11220.0,11.2,0101VDE01200,남해선(영암-순천),0101,E,1
r10-2,13220.0,13.2,0101VDE01400,남해선(영암-순천),0101,E,1
r10-2,15220.0,15.2,0101VDE01600,남해선(영암-순천),0101,E,1
r10-2,17420.0,17.4,0101VDE01800,남해선(영암-순천),0101,E,1
r10-2,18420.0,18.4,0101VDE01900,남해선(영암-순천),0101,E,1
r10-2,19620.0,19.6,0101VDE02041,남해선(영암-순천),0101,E,1
r10-2,19620.0,19.6,0101VDE02040,남해선(영암-순천),0101,E,1
r10-2,20520.0,20.5,0101VDE02100,남해선(영암-순천),0101,E,1
r10-2,22510.0,22.5,0101VDE02300,남해선(영암-순천),0101,E,1
r10-2,24610.0,24.6,0101VDE02500,남해선(영암-순천),0101,E,1
r10-2,26310.0,26.3,0101VDE02502,남해선(영암-순천),0101,E,1
r10-2,28310.0,28.25,0101VDE02506,남해선(영암-순천),0101,E,1
r10-2,30300.0,30.3,0101VDE02700,남해선(영암-순천),0101,E,1
r10-2,32700.0,32.7,0101VDE02704,남해선(영암-순천),0101,E,1
r10-2,34700.0,34.7,0101VDE02900,남해선(영암-순천),0101,E,1
r10-2,36800.0,36.8,0101VDE03100,남해선(영암-순천),0101,E,1
r10-2,38000.0,38.0,0101VDE03200,남해선(영암-순천),0101,E,1
r10-2,38300.0,38.3,0101VDE03231,남해선(영암-순천),0101,E,1
r10-2,38300.0,38.3,0101VDE03230,남해선(영암-순천),0101,E,1
r10-2,39200.0,39.2,0101VDE03400,남해선(영암-순천),0101,E,1
r10-2,42400.0,42.4,0101VDE03600,남해선(영암-순천),0101,E,1
r10-2,44500.0,44.5,0101VDE03800,남해선(영암-순천),0101,E,1
r10-2,45600.0,45.64,0101VDE03801,남해선(영암-순천),0101,E,1
r10-2,47100.0,47.09,0101VDE03805,남해선(영암-순천),0101,E,1
r10-2,49000.0,49.0,0101VDE03900,남해선(영암-순천),0101,E,1
r10-2,50990.0,50.97,0101VDE03901,남해선(영암-순천),0101,E,1
r10-2,52090.0,52.12,0101VDE03904,남해선(영암-순천),0101,E,1
r10-2,53700.0,53.7,0101VDE04000,남해선(영암-순천),0101,E,1
r10-2,54790.0,54.8,0101VDE04100,남해선(영암-순천),0101,E,1
r10-2,55390.0,55.4,0101VDE04200,남해선(영암-순천),0101,E,1
r10-2,56490.0,56.5,0101VDE04300,남해선(영암-순천),0101,E,1
r10-2,58490.0,58.5,0101VDE04500,남해선(영암-순천),0101,E,1
r10-2,60890.0,60.9,0101VDE04700,남해선(영암-순천),0101,E,1
r10-2,60990.0,61.0,0101VDE04750,남해선(영암-순천),0101,E,1
r10-2,63090.0,63.1,0101VDE04900,남해선(영암-순천),0101,E,1
r10-2,64090.0,64.1,0101VDE05000,남해선(영암-순천),0101,E,1
r10-2,65190.0,65.2,0101VDE05100,남해선(영암-순천),0101,E,1
r10-2,66090.0,66.1,0101VDE05200,남해선(영암-순천),0101,E,1
r10-2,68290.0,68.3,0101VDE05400,남해선(영암-순천),0101,E,1
r10-2,70600.0,70.55,0101VDE05501,남해선(영암-순천),0101,E,1
r10-2,72490.0,72.5,0101VDE05505,남해선(영암-순천),0101,E,1
r10-2,73590.0,73.61,0101VDE05507,남해선(영암-순천),0101,E,1
r10-2,75890.0,75.92,0101VDE05511,남해선(영암-순천),0101,E,1
r10-2,77400.0,77.4,0101VDE05600,남해선(영암-순천),0101,E,1
r10-2,79400.0,79.4,0101VDE05800,남해선(영암-순천),0101,E,1
r10-2,79700.0,79.7,0101VDE05851,남해선(영암-순천),0101,E,1
r10-2,79700.0,79.7,0101VDE05850,남해선(영암-순천),0101,E,1
r10-2,80500.0,80.5,0101VDE05900,남해선(영암-순천),0101,E,1
r10-2,81990.0,81.98,0101VDE05901,남해선(영암-순천),0101,E,1
r10-2,83900.0,83.9,0101VDE05950,남해선(영암-순천),0101,E,1
r10-2,84000.0,83.95,0101VDE05906,남해선(영암-순천),0101,E,1
r10-2,85590.0,85.6,0101VDE06000,남해선(영암-순천),0101,E,1
r10-2,87390.0,87.4,0101VDE06100,남해선(영암-순천),0101,E,1
r10-2,88790.0,88.8,0101VDE06200,남해선(영암-순천),0101,E,1
r10-2,90790.0,90.8,0101VDE06400,남해선(영암-순천),0101,E,1
r10-2,92990.0,93.02,0101VDE06401,남해선(영암-순천),0101,E,1
r10-2,94990.0,94.96,0101VDE06405,남해선(영암-순천),0101,E,1
r10-2,96690.0,96.7,0101VDE06500,남해선(영암-순천),0101,E,1
r10-2,98790.0,98.8,0101VDE06700,남해선(영암-순천),0101,E,1
r10-2,99690.0,99.7,0101VDE06800,남해선(영암-순천),0101,E,1
r10-2,99690.0,99.7,0101VDE06810,남해선(영암-순천),0101,E,1
r10-2,100490.0,100.5,0101VDE06850,남해선(영암-순천),0101,E,1
r10-2,100790.0,100.8,0101VDE06910,남해선(영암-순천),0101,E,1
r10-2,100790.0,100.8,0101VDE06900,남해선(영암-순천),0101,E,1
r10-2,101470.0,101.5,0101VDE07000,남해선(영암-순천),0101,E,1
r10-2,103270.0,103.3,0101VDE07200,남해선(영암-순천),0101,E,1
r10-2,104970.0,105.04,0101VDE07202,남해선(영암-순천),0101,E,1
r10-2,106380.0,106.42,0101VDE07203,남해선(영암-순천),0101,E,1
r10-3,500.0,106.43,0101VDS07204,남해선(영암-순천),0101,S,-1
r10-3,1880.0,105.03,0101VDS07201,남해선(영암-순천),0101,S,-1
r10-3,3580.0,103.3,0101VDS07200,남해선(영암-순천),0101,S,-1
r10-3,5370.0,101.5,0101VDS07000,남해선(영암-순천),0101,S,-1
r10-3,6070.0,100.8,0101VDS06900,남해선(영암-순천),0101,S,-1
r10-3,6370.0,100.5,0101VDS06850,남해선(영암-순천),0101,S,-1
r10-3,7170.0,99.7,0101VDS06800,남해선(영암-순천),0101,S,-1
r10-3,7170.0,99.7,0101VDS06810,남해선(영암-순천),0101,S,-1
r10-3,8070.0,98.8,0101VDS06700,남해선(영암-순천),0101,S,-1
r10-3,10170.0,96.7,0101VDS06500,남해선(영암-순천),0101,S,-1
r10-3,11870.0,95.03,0101VDS06406,남해선(영암-순천),0101,S,-1
r10-3,13870.0,93.03,0101VDS06402,남해선(영암-순천),0101,S,-1
r10-3,16070.0,90.8,0101VDS06400,남해선(영암-순천),0101,S,-1
r10-3,18080.0,88.8,0101VDS06200,남해선(영암-순천),0101,S,-1
r10-3,19470.0,87.4,0101VDS06100,남해선(영암-순천),0101,S,-1
r10-3,21260.0,85.6,0101VDS06000,남해선(영암-순천),0101,S,-1
r10-3,22970.0,83.91,0101VDS05905,남해선(영암-순천),0101,S,-1
r10-3,22970.0,83.9,0101VDS05950,남해선(영암-순천),0101,S,-1
r10-3,24840.0,81.99,0101VDS05902,남해선(영암-순천),0101,S,-1
r10-3,26340.0,80.5,0101VDS05900,남해선(영암-순천),0101,S,-1
r10-3,27140.0,79.7,0101VDS05851,남해선(영암-순천),0101,S,-1
r10-3,27140.0,79.7,0101VDS05850,남해선(영암-순천),0101,S,-1
r10-3,27440.0,79.4,0101VDS05800,남해선(영암-순천),0101,S,-1
r10-3,29460.0,77.4,0101VDS05600,남해선(영암-순천),0101,S,-1
r10-3,30860.0,75.95,0101VDS05512,남해선(영암-순천),0101,S,-1
r10-3,33050.0,73.83,0101VDS05508,남해선(영암-순천),0101,S,-1
r10-3,34150.0,72.71,0101VDS05506,남해선(영암-순천),0101,S,-1
r10-3,36070.0,70.77,0101VDS05502,남해선(영암-순천),0101,S,-1
r10-3,38580.0,68.3,0101VDS05400,남해선(영암-순천),0101,S,-1
r10-3,40770.0,66.1,0101VDS05200,남해선(영암-순천),0101,S,-1
r10-3,41670.0,65.2,0101VDS05100,남해선(영암-순천),0101,S,-1
r10-3,42770.0,64.1,0101VDS05000,남해선(영암-순천),0101,S,-1
r10-3,43770.0,63.1,0101VDS04900,남해선(영암-순천),0101,S,-1
r10-3,45870.0,61.0,0101VDS04750,남해선(영암-순천),0101,S,-1
r10-3,45970.0,60.9,0101VDS04700,남해선(영암-순천),0101,S,-1
r10-3,48380.0,58.5,0101VDS04500,남해선(영암-순천),0101,S,-1
r10-3,50400.0,56.5,0101VDS04300,남해선(영암-순천),0101,S,-1
r10-3,51500.0,55.4,0101VDS04200,남해선(영암-순천),0101,S,-1
r10-3,52100.0,54.8,0101VDS04100,남해선(영암-순천),0101,S,-1
r10-3,53200.0,53.7,0101VDS04000,남해선(영암-순천),0101,S,-1
r10-3,54790.0,52.11,0101VDS03903,남해선(영암-순천),0101,S,-1
r10-3,55890.0,50.99,0101VDS03902,남해선(영암-순천),0101,S,-1
r10-3,57880.0,49.0,0101VDS03900,남해선(영암-순천),0101,S,-1
r10-3,59590.0,47.29,0101VDS03806,남해선(영암-순천),0101,S,-1
r10-3,61090.0,45.84,0101VDS03802,남해선(영암-순천),0101,S,-1
r10-3,62380.0,44.5,0101VDS03800,남해선(영암-순천),0101,S,-1
r10-3,64490.0,42.4,0101VDS03600,남해선(영암-순천),0101,S,-1
r10-3,67690.0,39.2,0101VDS03400,남해선(영암-순천),0101,S,-1
r10-3,68590.0,38.3,0101VDS03231,남해선(영암-순천),0101,S,-1
r10-3,68590.0,38.3,0101VDS03230,남해선(영암-순천),0101,S,-1
r10-3,68890.0,38.0,0101VDS03200,남해선(영암-순천),0101,S,-1
r10-3,70090.0,36.8,0101VDS03100,남해선(영암-순천),0101,S,-1
r10-3,72180.0,34.7,0101VDS02900,남해선(영암-순천),0101,S,-1
r10-3,74180.0,32.7,0101VDS02703,남해선(영암-순천),0101,S,-1
r10-3,76570.0,30.3,0101VDS02700,남해선(영암-순천),0101,S,-1
r10-3,78670.0,28.2,0101VDS02505,남해선(영암-순천),0101,S,-1
r10-3,80770.0,26.14,0101VDS02501,남해선(영암-순천),0101,S,-1
r10-3,82260.0,24.6,0101VDS02500,남해선(영암-순천),0101,S,-1
r10-3,84360.0,22.5,0101VDS02300,남해선(영암-순천),0101,S,-1
r10-3,86370.0,20.5,0101VDS02100,남해선(영암-순천),0101,S,-1
r10-3,87270.0,19.6,0101VDS02041,남해선(영암-순천),0101,S,-1
r10-3,87270.0,19.6,0101VDS02040,남해선(영암-순천),0101,S,-1
r10-3,88470.0,18.4,0101VDS01900,남해선(영암-순천),0101,S,-1
r10-3,89470.0,17.4,0101VDS01800,남해선(영암-순천),0101,S,-1
r10-3,91670.0,15.2,0101VDS01600,남해선(영암-순천),0101,S,-1
r10-3,93670.0,13.2,0101VDS01400,남해선(영암-순천),0101,S,-1
r10-3,95660.0,11.2,0101VDS01200,남해선(영암-순천),0101,S,-1
r10-3,97570.0,9.3,0101VDS01000,남해선(영암-순천),0101,S,-1
r10-3,99760.0,7.1,0101VDS00800,남해선(영암-순천),0101,S,-1
r10-3,101560.0,5.3,0101VDS00600,남해선(영암-순천),0101,S,-1
r10-3,101560.0,5.3,0101VDS00610,남해선(영암-순천),0101,S,-1
r10-3,103660.0,3.2,0101VDS00400,남해선(영암-순천),0101,S,-1
r10-3,104550.0,2.3,0101VDS00300,남해선(영암-순천),0101,S,-1
r10-3,105640.0,1.2,0101VDS00200,남해선(영암-순천),0101,S,-1
r10-3,106440.0,0.4,0101VDS00121,남해선(영암-순천),0101,S,-1
r10-3,106440.0,0.4,0101VDS00120,남해선(영암-순천),0101,S,-1
r10-3,106740.0,0.1,0101VDS00100,남해선(영암-순천),0101,S,-1
r12-0,140.0,5.1,0120VDE00100,광주대구선,0120,E,1
r12-0,1240.0,6.2,0120VDE00200,광주대구선,0120,E,1
r12-0,3930.0,8.9,0120VDE00400,광주대구선,0120,E,1
r12-0,4630.0,9.6,0120VDE00600,광주대구선,0120,E,1
r12-0,5630.0,10.6,0120VDE00800,광주대구선,0120,E,1
r12-0,7630.0,12.6,0120VDE00900,광주대구선,0120,E,1
r12-0,9430.0,14.4,0120VDE01100,광주대구선,0120,E,1
r12-0,10230.0,15.2,0120VDE01200,광주대구선,0120,E,1
r12-0,12330.0,17.3,0120VDE01400,광주대구선,0120,E,1
r12-0,14520.0,19.5,0120VDE01700,광주대구선,0120,E,1
r12-0,16020.0,21.0,0120VDE01800,광주대구선,0120,E,1
r12-0,17220.0,22.2,0120VDE01900,광주대구선,0120,E,1
r12-0,19220.0,24.2,0120VDE02000,광주대구선,0120,E,1
r12-0,21220.0,26.2,0120VDE02100,광주대구선,0120,E,1
r12-0,23120.0,28.1,0120VDE02200,광주대구선,0120,E,1
r12-0,24820.0,29.8,0120VDE02251,광주대구선,0120,E,1
r12-0,24820.0,29.8,0120VDE02250,광주대구선,0120,E,1
r12-0,26530.0,31.5,0120VDE02300,광주대구선,0120,E,1
r12-0,28620.0,33.6,0120VDE02350,광주대구선,0120,E,1
r12-0,30620.0,35.6,0120VDE02400,광주대구선,0120,E,1
r12-0,32720.0,37.7,0120VDE02500,광주대구선,0120,E,1
r12-0,34720.0,39.7,0120VDE02520,광주대구선,0120,E,1
r12-0,36620.0,41.6,0120VDE02601,광주대구선,0120,E,1
r12-0,39010.0,44.0,0120VDE02700,광주대구선,0120,E,1
r12-0,41120.0,46.1,0120VDE02750,광주대구선,0120,E,1
r12-0,42110.0,47.1,0120VDE02801,광주대구선,0120,E,1
r12-0,42310.0,47.3,0120VDE02802,광주대구선,0120,E,1
r12-0,43410.0,48.4,0120VDE02900,광주대구선,0120,E,1
r12-0,44910.0,49.9,0120VDE02950,광주대구선,0120,E,1
r12-0,47010.0,52.0,0120VDE03000,광주대구선,0120,E,1
r12-0,47910.0,52.9,0120VDE03050,광주대구선,0120,E,1
r12-0,49900.0,54.9,0120VDE03100,광주대구선,0120,E,1
r12-0,51310.0,56.3,0120VDE03151,광주대구선,0120,E,1
r12-0,52510.0,57.5,0120VDE03200,광주대구선,0120,E,1
r12-0,54410.0,59.4,0120VDE03300,광주대구선,0120,E,1
r12-0,56310.0,61.3,0120VDE03350,광주대구선,0120,E,1
r12-0,58210.0,63.2,0120VDE03400,광주대구선,0120,E,1
r12-0,60210.0,65.2,0120VDE03501,광주대구선,0120,E,1
r12-0,60610.0,65.6,0120VDE03550,광주대구선,0120,E,1
r12-0,60710.0,65.7,0120VDE03551,광주대구선,0120,E,1
r12-0,62500.0,67.5,0120VDE03600,광주대구선,0120,E,1
r12-0,64100.0,69.1,0120VDE03700,광주대구선,0120,E,1
r12-0,66490.0,71.5,0120VDE03800,광주대구선,0120,E,1
r12-0,68800.0,73.8,0120VDE04000,광주대구선,0120,E,1
r12-0,71000.0,76.0,0120VDE04050,광주대구선,0120,E,1
r12-0,72300.0,77.3,0120VDE04101,광주대구선,0120,E,1
r12-0,73200.0,78.2,0120VDE04150,광주대구선,0120,E,1
r12-0,75300.0,80.3,0120VDE04200,광주대구선,0120,E,1
r12-0,77100.0,82.1,0120VDE04250,광주대구선,0120,E,1
r12-0,79300.0,84.3,0120VDE04300,광주대구선,0120,E,1
r12-0,81290.0,86.3,0120VDE04350,광주대구선,0120,E,1
r12-0,83190.0,88.2,0120VDE04400,광주대구선,0120,E,1
r12-0,85290.0,90.3,0120VDE04500,광주대구선,0120,E,1
r12-0,87290.0,92.3,0120VDE04550,광주대구선,0120,E,1
r12-0,89190.0,94.2,0120VDE04600,광주대구선,0120,E,1
r12-0,89990.0,95.0,0120VDE04701,광주대구선,0120,E,1
r12-0,90690.0,95.7,0120VDE04800,광주대구선,0120,E,1
r12-0,91690.0,96.7,0120VDE04801,광주대구선,0120,E,1
r12-0,91790.0,96.8,0120VDE04802,광주대구선,0120,E,1
r12-0,92090.0,97.1,0120VDE04804,광주대구선,0120,E,1
r12-0,92690.0,97.7,0120VDE04900,광주대구선,0120,E,1
r12-0,94790.0,99.8,0120VDE05000,광주대구선,0120,E,1
r12-0,97890.0,102.9,0120VDE05200,광주대구선,0120,E,1
r12-0,99980.0,105.0,0120VDE05300,광주대구선,0120,E,1
r12-0,101880.0,106.9,0120VDE05400,광주대구선,0120,E,1
r12-0,103880.0,108.9,0120VDE05600,광주대구선,0120,E,1
r12-0,105880.0,110.9,0120VDE05700,광주대구선,0120,E,1
r12-0,107880.0,112.9,0120VDE05800,광주대구선,0120,E,1
r12-0,108980.0,114.0,0120VDE05900,광주대구선,0120,E,1
r12-0,111080.0,116.1,0120VDE06000,광주대구선,0120,E,1
r12-0,113180.0,118.2,0120VDE06100,광주대구선,0120,E,1
r12-0,114980.0,120.0,0120VDE06200,광주대구선,0120,E,1
r12-0,116080.0,121.1,0120VDE06301,광주대구선,0120,E,1
r12-0,116980.0,122.0,0120VDE06400,광주대구선,0120,E,1
r12-0,119280.0,124.3,0120VDE06500,광주대구선,0120,E,1
r12-0,121470.0,126.5,0120VDE06601,광주대구선,0120,E,1
r12-0,124720.0,129.7,0120VDE06900,광주대구선,0120,E,1
r12-0,126420.0,131.4,0120VDE07000,광주대구선,0120,E,1
r12-0,126520.0,131.5,0120VDE07001,광주대구선,0120,E,1
r12-0,128220.0,133.2,0120VDE07100,광주대구선,0120,E,1
r12-0,130220.0,135.2,0120VDE07201,광주대구선,0120,E,1
r12-0,132220.0,137.2,0120VDE07302,광주대구선,0120,E,1
r12-0,134530.0,139.5,0120VDE07402,광주대구선,0120,E,1
r12-0,136710.0,141.7,0120VDE07602,광주대구선,0120,E,1
r12-0,138310.0,143.3,0120VDE07700,광주대구선,0120,E,1
r12-0,140220.0,145.2,0120VDE07800,광주대구선,0120,E,1
r12-0,141410.0,146.4,0120VDE07901,광주대구선,0120,E,1
r12-0,142210.0,147.2,0120VDE08000,광주대구선,0120,E,1
r12-0,144210.0,149.2,0120VDE08100,광주대구선,0120,E,1
r12-0,145900.0,150.9,0120VDE08200,광주대구선,0120,E,1
r12-0,147700.0,152.7,0120VDE08301,광주대구선,0120,E,1
r12-0,147800.0,152.8,0120VDE08300,광주대구선,0120,E,1
r12-0,149700.0,154.7,0120VDE08400,광주대구선,0120,E,1
r12-0,151700.0,156.7,0120VDE08600,광주대구선,0120,E,1
r12-0,153510.0,158.5,0120VDE08700,광주대구선,0120,E,1
r12-0,155810.0,160.8,0120VDE08800,광주대구선,0120,E,1
r12-0,156710.0,161.7,0120VDE08850,광주대구선,0120,E,1
r12-0,158700.0,163.7,0120VDE08900,광주대구선,0120,E,1
r12-0,160600.0,165.6,0120VDE09300,광주대구선,0120,E,1
r12-0,161600.0,166.6,0120VDE09400,광주대구선,0120,E,1
r12-0,164110.0,169.1,0120VDE09500,광주대구선,0120,E,1
r12-0,164800.0,169.75,0120VDE10101,광주대구선,0120,E,1
r12-0,165990.0,171.0,0120VDE09600,광주대구선,0120,E,1
r12-0,167610.0,172.6,0120VDE09700,광주대구선,0120,E,1
r12-0,168410.0,173.4,0120VDE09800,광주대구선,0120,E,1
r12-0,170210.0,175.2,0120VDE09900,광주대구선,0120,E,1
r12-1,1070.0,175.2,0120VDS09900,광주대구선,0120,S,-1
r12-1,2870.0,173.4,0120VDS09800,광주대구선,0120,S,-1
r12-1,3670.0,172.6,0120VDS09700,광주대구선,0120,S,-1
r12-1,5270.0,171.0,0120VDS09600,광주대구선,0120,S,-1
r12-1,6470.0,169.75,0120VDS10001,광주대구선,0120,S,-1
r12-1,7170.0,169.1,0120VDS09500,광주대구선,0120,S,-1
r12-1,9660.0,166.6,0120VDS09400,광주대구선,0120,S,-1
r12-1,10650.0,165.6,0120VDS09300,광주대구선,0120,S,-1
r12-1,12550.0,163.7,0120VDS08900,광주대구선,0120,S,-1
r12-1,14550.0,161.7,0120VDS08850,광주대구선,0120,S,-1
r12-1,15450.0,160.8,0120VDS08800,광주대구선,0120,S,-1
r12-1,17770.0,158.5,0120VDS08700,광주대구선,0120,S,-1
r12-1,21450.0,154.7,0120VDS08400,광주대구선,0120,S,-1
r12-1,23350.0,152.8,0120VDS08300,광주대구선,0120,S,-1
r12-1,23450.0,152.7,0120VDS08301,광주대구선,0120,S,-1
r12-1,25240.0,150.9,0120VDS08200,광주대구선,0120,S,-1
r12-1,26950.0,149.2,0120VDS08100,광주대구선,0120,S,-1
r12-1,28950.0,147.2,0120VDS08000,광주대구선,0120,S,-1
r12-1,29740.0,146.4,0120VDS07901,광주대구선,0120,S,-1
r12-1,30940.0,145.2,0120VDS07800,광주대구선,0120,S,-1
r12-1,32830.0,143.3,0120VDS07700,광주대구선,0120,S,-1
r12-1,34520.0,141.6,0120VDS07601,광주대구선,0120,S,-1
r12-1,36620.0,139.5,0120VDS07401,광주대구선,0120,S,-1
r12-1,38940.0,137.2,0120VDS07301,광주대구선,0120,S,-1
r12-1,40940.0,135.2,0120VDS07202,광주대구선,0120,S,-1
r12-1,42930.0,133.2,0120VDS07100,광주대구선,0120,S,-1
r12-1,44640.0,131.5,0120VDS07001,광주대구선,0120,S,-1
r12-1,44740.0,131.4,0120VDS07000,광주대구선,0120,S,-1
r12-1,46430.0,129.7,0120VDS06900,광주대구선,0120,S,-1
r12-1,49590.0,126.6,0120VDS06602,광주대구선,0120,S,-1
r12-1,51890.0,124.3,0120VDS06500,광주대구선,0120,S,-1
r12-1,54190.0,122.0,0120VDS06400,광주대구선,0120,S,-1
r12-1,55090.0,121.1,0120VDS06301,광주대구선,0120,S,-1
r12-1,56190.0,120.0,0120VDS06200,광주대구선,0120,S,-1
r12-1,57990.0,118.2,0120VDS06100,광주대구선,0120,S,-1
r12-1,60080.0,116.1,0120VDS06000,광주대구선,0120,S,-1
r12-1,62190.0,114.0,0120VDS05900,광주대구선,0120,S,-1
r12-1,63290.0,112.9,0120VDS05800,광주대구선,0120,S,-1
r12-1,65290.0,110.9,0120VDS05700,광주대구선,0120,S,-1
r12-1,67280.0,108.9,0120VDS05600,광주대구선,0120,S,-1
r12-1,69290.0,106.9,0120VDS05400,광주대구선,0120,S,-1
r12-1,71190.0,105.0,0120VDS05300,광주대구선,0120,S,-1
r12-1,73270.0,102.9,0120VDS05200,광주대구선,0120,S,-1
r12-1,76350.0,99.8,0120VDS05000,광주대구선,0120,S,-1
r12-1,78450.0,97.7,0120VDS04900,광주대구선,0120,S,-1
r12-1,79050.0,97.1,0120VDS04804,광주대구선,0120,S,-1
r12-1,79150.0,97.0,0120VDS04803,광주대구선,0120,S,-1
r12-1,79450.0,96.7,0120VDS04801,광주대구선,0120,S,-1
r12-1,80450.0,95.7,0120VDS04800,광주대구선,0120,S,-1
r12-1,81140.0,95.0,0120VDS04701,광주대구선,0120,S,-1
r12-1,81940.0,94.2,0120VDS04600,광주대구선,0120,S,-1
r12-1,83840.0,92.3,0120VDS04550,광주대구선,0120,S,-1
r12-1,85840.0,90.3,0120VDS04500,광주대구선,0120,S,-1
r12-1,87940.0,88.2,0120VDS04400,광주대구선,0120,S,-1
r12-1,89840.0,86.3,0120VDS04350,광주대구선,0120,S,-1
r12-1,91840.0,84.3,0120VDS04300,광주대구선,0120,S,-1
r12-1,94040.0,82.1,0120VDS04250,광주대구선,0120,S,-1
r12-1,95840.0,80.3,0120VDS04200,광주대구선,0120,S,-1
r12-1,97940.0,78.2,0120VDS04150,광주대구선,0120,S,-1
r12-1,98830.0,77.3,0120VDS04101,광주대구선,0120,S,-1
r12-1,100130.0,76.0,0120VDS04050,광주대구선,0120,S,-1
r12-1,102330.0,73.8,0120VDS04000,광주대구선,0120,S,-1
r12-1,104630.0,71.5,0120VDS03800,광주대구선,0120,S,-1
r12-1,107040.0,69.1,0120VDS03700,광주대구선,0120,S,-1
r12-1,108660.0,67.5,0120VDS03600,광주대구선,0120,S,-1
r12-1,110460.0,65.7,0120VDS03551,광주대구선,0120,S,-1
r12-1,110560.0,65.6,0120VDS03550,광주대구선,0120,S,-1
r12-1,110960.0,65.2,0120VDS03501,광주대구선,0120,S,-1
r12-1,112960.0,63.2,0120VDS03400,광주대구선,0120,S,-1
r12-1,114860.0,61.3,0120VDS03350,광주대구선,0120,S,-1
r12-1,116750.0,59.4,0120VDS03300,광주대구선,0120,S,-1
r12-1,118650.0,57.5,0120VDS03200,광주대구선,0120,S,-1
r12-1,119850.0,56.3,0120VDS03151,광주대구선,0120,S,-1
r12-1,121250.0,54.9,0120VDS03100,광주대구선,0120,S,-1
r12-1,123260.0,52.9,0120VDS03050,광주대구선,0120,S,-1
r12-1,124150.0,52.0,0120VDS03000,광주대구선,0120,S,-1
r12-1,126250.0,49.9,0120VDS02950,광주대구선,0120,S,-1
r12-1,127750.0,48.4,0120VDS02900,광주대구선,0120,S,-1
r12-1,128850.0,47.3,0120VDS02802,광주대구선,0120,S,-1
r12-1,129050.0,47.1,0120VDS02801,광주대구선,0120,S,-1
r12-1,130050.0,46.1,0120VDS02750,광주대구선,0120,S,-1
r12-1,132150.0,44.0,0120VDS02700,광주대구선,0120,S,-1
r12-1,133630.0,42.5,0120VDS02551,광주대구선,0120,S,-1
r12-1,136430.0,39.7,0120VDS02520,광주대구선,0120,S,-1
r12-1,138430.0,37.7,0120VDS02500,광주대구선,0120,S,-1
r12-1,140530.0,35.6,0120VDS02400,광주대구선,0120,S,-1
r12-1,142520.0,33.6,0120VDS02350,광주대구선,0120,S,-1
r12-1,144620.0,31.5,0120VDS02300,광주대구선,0120,S,-1
r12-1,146330.0,29.8,0120VDS02251,광주대구선,0120,S,-1
r12-1,146330.0,29.8,0120VDS02250,광주대구선,0120,S,-1
r12-1,148030.0,28.1,0120VDS02200,광주대구선,0120,S,-1
r12-1,149930.0,26.2,0120VDS02100,광주대구선,0120,S,-1
r12-1,151930.0,24.2,0120VDS02000,광주대구선,0120,S,-1
r12-1,153930.0,22.2,0120VDS01900,광주대구선,0120,S,-1
r12-1,155130.0,21.0,0120VDS01800,광주대구선,0120,S,-1
r12-1,156630.0,19.5,0120VDS01700,광주대구선,0120,S,-1
r12-1,158830.0,17.3,0120VDS01400,광주대구선,0120,S,-1
r12-1,160940.0,15.2,0120VDS01200,광주대구선,0120,S,-1
r12-1,161740.0,14.4,0120VDS01100,광주대구선,0120,S,-1
r12-1,163550.0,12.6,0120VDS00900,광주대구선,0120,S,-1
r12-1,165540.0,10.6,0120VDS00800,광주대구선,0120,S,-1
r12-1,166540.0,9.6,0120VDS00600,광주대구선,0120,S,-1
r12-1,167240.0,8.9,0120VDS00400,광주대구선,0120,S,-1
r12-1,169940.0,6.2,0120VDS00200,광주대구선,0120,S,-1
r12-1,171040.0,5.1,0120VDS00100,광주대구선,0120,S,-1
r12-2,1070.0,40.86,0121VDS03206,무안광주선,0121,S,-1
r12-2,1070.0,40.86,0121VDS03207,무안광주선,0121,S,-1
r12-2,2370.0,39.56,0121VDS03202,무안광주선,0121,S,-1
r12-2,4270.0,37.7,0121VDS03200,무안광주선,0121,S,-1
r12-2,5570.0,36.4,0121VDS03100,무안광주선,0121,S,-1
r12-2,6560.0,35.4,0121VDS03000,무안광주선,0121,S,-1
r12-2,7660.0,34.3,0121VDS02900,무안광주선,0121,S,-1
r12-2,9660.0,32.3,0121VDS02700,무안광주선,0121,S,-1
r12-2,11760.0,30.21,0121VDS02600,무안광주선,0121,S,-1
r12-2,14260.0,27.71,0121VDS02402,무안광주선,0121,S,-1
r12-2,15860.0,26.1,0121VDS02400,무안광주선,0121,S,-1
r12-2,18250.0,23.73,0121VDS02200,무안광주선,0121,S,-1
r12-2,20460.0,21.5,0121VDS02000,무안광주선,0121,S,-1
r12-2,22560.0,19.4,0121VDS01800,무안광주선,0121,S,-1
r12-2,23960.0,18.0,0121VDS01700,무안광주선,0121,S,-1
r12-2,25870.0,16.1,0121VDS01500,무안광주선,0121,S,-1
r12-2,27070.0,14.9,0121VDS01400,무안광주선,0121,S,-1
r12-2,29260.0,12.7,0121VDS01200,무안광주선,0121,S,-1
r12-2,29360.0,12.58,0121VDS01190,무안광주선,0121,S,-1
r12-2,30570.0,11.4,0121VDS01100,무안광주선,0121,S,-1
r12-2,32560.0,9.4,0121VDS00900,무안광주선,0121,S,-1
r12-2,35060.0,6.9,0121VDS00800,무안광주선,0121,S,-1
r12-2,35460.0,6.5,0121VDS00700,무안광주선,0121,S,-1
r12-2,36860.0,5.1,0121VDS00500,무안광주선,0121,S,-1
r12-2,38860.0,3.1,0121VDS00300,무안광주선,0121,S,-1
r12-2,39260.0,2.7,0121VDS00200,무안광주선,0121,S,-1
r12-2,40760.0,1.2,0121VDS00100,무안광주선,0121,S,-1
r12-3,1280.0,1.2,0121VDE00100,무안광주선,0121,E,1
r12-3,2780.0,2.7,0121VDE00200,무안광주선,0121,E,1
r12-3,3180.0,3.1,0121VDE00300,무안광주선,0121,E,1
r12-3,5180.0,5.1,0121VDE00500,무안광주선,0121,E,1
r12-3,6580.0,6.5,0121VDE00700,무안광주선,0121,E,1
r12-3,6980.0,6.9,0121VDE00800,무안광주선,0121,E,1
r12-3,9480.0,9.4,0121VDE00900,무안광주선,0121,E,1
r12-3,11480.0,11.4,0121VDE01100,무안광주선,0121,E,1
r12-3,12680.0,12.58,0121VDE01190,무안광주선,0121,E,1
r12-3,12780.0,12.7,0121VDE01200,무안광주선,0121,E,1
r12-3,14980.0,14.9,0121VDE01400,무안광주선,0121,E,1
r12-3,16180.0,16.1,0121VDE01500,무안광주선,0121,E,1
r12-3,18080.0,18.0,0121VDE01700,무안광주선,0121,E,1
r12-3,19480.0,19.4,0121VDE01800,무안광주선,0121,E,1
r12-3,21570.0,21.5,0121VDE02000,무안광주선,0121,E,1
r12-3,23770.0,23.73,0121VDE02200,무안광주선,0121,E,1
r12-3,26170.0,26.1,0121VDE02400,무안광주선,0121,E,1
r12-3,28970.0,28.86,0121VDE02404,무안광주선,0121,E,1
r12-3,30270.0,30.21,0121VDE02600,무안광주선,0121,E,1
r12-3,32370.0,32.3,0121VDE02700,무안광주선,0121,E,1
r12-3,34370.0,34.3,0121VDE02900,무안광주선,0121,E,1
r12-3,35470.0,35.4,0121VDE03000,무안광주선,0121,E,1
r12-3,36470.0,36.4,0121VDE03100,무안광주선,0121,E,1
r12-3,37770.0,37.7,0121VDE03200,무안광주선,0121,E,1
r12-3,39360.0,39.3,0121VDE03202,무안광주선,0121,E,1
r12-3,40750.0,40.72,0121VDE03206,무안광주선,0121,E,1
r12-4,510.0,68.8,0251VDE06700,호남선,0251,E,1
r12-4,3800.0,72.06,0251VDE07000,호남선,0251,E,1
r12-4,4800.0,73.1,0251VDE07100,호남선,0251,E,1
r15-0,750.0,4.5,0150VDE00500,서해안선,0150,E,1
r15-0,2650.0,6.4,0150VDE00700,서해안선,0150,E,1
r15-0,5860.0,9.6,0150VDE00900,서해안선,0150,E,1
r15-0,7760.0,11.5,0150VDE01100,서해안선,0150,E,1
r15-0,10360.0,14.1,0150VDE01300,서해안선,0150,E,1
r15-0,11650.0,15.4,0150VDE01400,서해안선,0150,E,1
r15-0,12950.0,16.7,0150VDE01500,서해안선,0150,E,1
r15-0,14060.0,17.8,0150VDE01600,서해안선,0150,E,1
r15-0,16550.0,20.3,0150VDE01800,서해안선,0150,E,1
r15-0,17950.0,21.7,0150VDE01900,서해안선,0150,E,1
r15-0,20550.0,24.3,0150VDE02100,서해안선,0150,E,1
r15-0,22350.0,26.1,0150VDE02300,서해안선,0150,E,1
r15-0,24450.0,28.2,0150VDE02500,서해안선,0150,E,1
r15-0,25250.0,29.0,0150VDE02600,서해안선,0150,E,1
r15-0,26450.0,30.2,0150VDE02700,서해안선,0150,E,1
r15-0,28550.0,32.3,0150VDE02900,서해안선,0150,E,1
r15-0,29950.0,33.7,0150VDE03000,서해안선,0150,E,1
r15-0,31850.0,35.6,0150VDE03200,서해안선,0150,E,1
r15-0,33250.0,37.0,0150VDE03300,서해안선,0150,E,1
r15-0,35750.0,39.5,0150VDE03500,서해안선,0150,E,1
r15-0,38750.0,42.5,0150VDE03800,서해안선,0150,E,1
r15-0,40650.0,44.4,0150VDE04000,서해안선,0150,E,1
r15-0,42450.0,46.17,0150VDE04200,서해안선,0150,E,1
r15-0,44850.0,48.6,0150VDE04400,서해안선,0150,E,1
r15-0,47650.0,51.4,0150VDE04600,서해안선,0150,E,1
r15-0,48450.0,52.15,0150VDE04501,서해안선,0150,E,1
r15-0,52050.0,55.8,0150VDE04800,서해안선,0150,E,1
r15-0,53950.0,57.7,0150VDE05000,서해안선,0150,E,1
r15-0,56350.0,60.1,0150VDE05200,서해안선,0150,E,1
r15-0,58350.0,62.1,0150VDE05390,서해안선,0150,E,1
r15-0,60250.0,64.0,0150VDE05600,서해안선,0150,E,1
r15-0,62350.0,66.1,0150VDE05800,서해안선,0150,E,1
r15-0,65150.0,68.9,0150VDE06000,서해안선,0150,E,1
r15-0,67050.0,70.8,0150VDE06200,서해안선,0150,E,1
r15-0,69550.0,73.3,0150VDE06400,서해안선,0150,E,1
r15-0,71450.0,75.2,0150VDE06600,서해안선,0150,E,1
r15-0,72450.0,76.2,0150VDE06700,서해안선,0150,E,1
r15-0,74660.0,78.4,0150VDE06900,서해안선,0150,E,1
r15-0,75650.0,79.4,0150VDE07000,서해안선,0150,E,1
r15-0,77660.0,81.4,0150VDE07200,서해안선,0150,E,1
r15-0,78560.0,82.3,0150VDE07300,서해안선,0150,E,1
r15-0,79860.0,83.6,0150VDE07400,서해안선,0150,E,1
r15-0,80860.0,84.6,0150VDE07500,서해안선,0150,E,1
r15-0,82960.0,86.7,0150VDE07700,서해안선,0150,E,1
r15-0,84860.0,88.6,0150VDE07900,서해안선,0150,E,1
r15-0,87750.0,91.5,0150VDE08100,서해안선,0150,E,1
r15-0,89760.0,93.5,0150VDE08300,서해안선,0150,E,1
r15-0,92460.0,96.2,0150VDE08500,서해안선,0150,E,1
r15-0,94650.0,98.4,0150VDE08700,서해안선,0150,E,1
r15-0,97050.0,100.8,0150VDE08900,서해안선,0150,E,1
r15-0,99050.0,102.8,0150VDE09100,서해안선,0150,E,1
r15-0,99950.0,103.7,0150VDE09200,서해안선,0150,E,1
r15-0,102050.0,105.8,0150VDE09400,서해안선,0150,E,1
r15-0,103550.0,107.3,0150VDE09500,서해안선,0150,E,1
r15-0,105850.0,109.6,0150VDE09700,서해안선,0150,E,1
r15-0,108150.0,111.9,0150VDE09900,서해안선,0150,E,1
r15-0,110150.0,113.9,0150VDE10100,서해안선,0150,E,1
r15-0,112250.0,116.0,0150VDE10300,서해안선,0150,E,1
r15-0,113550.0,117.3,0150VDE10400,서해안선,0150,E,1
r15-0,114350.0,118.1,0150VDE10500,서해안선,0150,E,1
r15-0,116450.0,120.2,0150VDE10700,서해안선,0150,E,1
r15-0,117450.0,121.2,0150VDE10800,서해안선,0150,E,1
r15-0,119950.0,123.7,0150VDE11000,서해안선,0150,E,1
r15-0,122350.0,126.1,0150VDE11200,서해안선,0150,E,1
r15-0,124850.0,128.6,0150VDE11400,서해안선,0150,E,1
r15-0,127150.0,130.9,0150VDE11600,서해안선,0150,E,1
r15-0,128150.0,131.9,0150VDE11700,서해안선,0150,E,1
r15-0,130660.0,134.4,0150VDE11900,서해안선,0150,E,1
r15-0,132850.0,136.6,0150VDE12100,서해안선,0150,E,1
r15-0,133850.0,137.6,0150VDE12200,서해안선,0150,E,1
r15-0,136150.0,139.9,0150VDE12400,서해안선,0150,E,1
r15-0,137460.0,141.2,0150VDE12500,서해안선,0150,E,1
r15-0,140060.0,143.8,0150VDE12700,서해안선,0150,E,1
r15-0,142660.0,146.4,0150VDE12900,서해안선,0150,E,1
r15-0,145560.0,149.3,0150VDE13100,서해안선,0150,E,1
r15-0,146560.0,150.3,0150VDE13300,서해안선,0150,E,1
r15-0,147460.0,151.2,0150VDE13400,서해안선,0150,E,1
r15-0,150460.0,154.2,0150VDE13800,서해안선,0150,E,1
r15-0,151360.0,155.1,0150VDE13900,서해안선,0150,E,1
r15-0,154060.0,157.8,0150VDE14100,서해안선,0150,E,1
r15-0,155860.0,159.6,0150VDE14300,서해안선,0150,E,1
r15-0,156960.0,160.7,0150VDE14400,서해안선,0150,E,1
r15-0,161060.0,164.8,0150VDE14600,서해안선,0150,E,1
r15-0,163450.0,167.2,0150VDE14800,서해안선,0150,E,1
r15-0,164950.0,168.7,0150VDE14850,서해안선,0150,E,1
r15-0,171050.0,174.8,0150VDE15200,서해안선,0150,E,1
r15-0,172850.0,176.6,0150VDE15400,서해안선,0150,E,1
r15-0,174850.0,178.6,0150VDE15600,서해안선,0150,E,1
r15-0,176650.0,180.4,0150VDE15800,서해안선,0150,E,1
r15-0,178450.0,182.2,0150VDE16000,서해안선,0150,E,1
r15-0,180140.0,183.9,0150VDE16100,서해안선,0150,E,1
r15-0,180940.0,184.7,0150VDE16200,서해안선,0150,E,1
r15-0,183750.0,187.5,0150VDE16400,서해안선,0150,E,1
r15-0,185750.0,189.5,0150VDE16600,서해안선,0150,E,1
r15-0,187750.0,191.5,0150VDE16800,서해안선,0150,E,1
r15-0,189650.0,193.4,0150VDE17000,서해안선,0150,E,1
r15-0,191950.0,195.7,0150VDE17200,서해안선,0150,E,1
r15-0,194350.0,198.1,0150VDE17400,서해안선,0150,E,1
r15-0,195950.0,199.7,0150VDE17600,서해안선,0150,E,1
r15-0,198250.0,202.0,0150VDE17800,서해안선,0150,E,1
r15-0,200650.0,204.4,0150VDE18000,서해안선,0150,E,1
r15-0,203350.0,207.1,0150VDE18200,서해안선,0150,E,1
r15-0,205150.0,208.9,0150VDE18400,서해안선,0150,E,1
r15-0,207560.0,211.3,0150VDE18600,서해안선,0150,E,1
r15-0,209950.0,213.7,0150VDE18800,서해안선,0150,E,1
r15-0,212360.0,216.1,0150VDE19000,서해안선,0150,E,1
r15-0,214550.0,218.3,0150VDE19200,서해안선,0150,E,1
r15-0,216860.0,220.6,0150VDE19400,서해안선,0150,E,1
r15-0,218760.0,222.5,0150VDE19600,서해안선,0150,E,1
r15-0,220750.0,224.5,0150VDE19800,서해안선,0150,E,1
r15-0,222950.0,226.7,0150VDE20000,서해안선,0150,E,1
r15-0,224150.0,227.9,0150VDE20100,서해안선,0150,E,1
r15-0,226650.0,230.4,0150VDE20300,서해안선,0150,E,1
r15-0,229150.0,232.9,0150VDE20500,서해안선,0150,E,1
r15-0,231640.0,235.4,0150VDE20700,서해안선,0150,E,1
r15-0,233850.0,237.6,0150VDE20900,서해안선,0150,E,1
r15-0,235050.0,238.8,0150VDE21000,서해안선,0150,E,1
r15-0,236050.0,239.8,0150VDE21100,서해안선,0150,E,1
r15-0,236950.0,240.7,0150VDE21200,서해안선,0150,E,1
r15-0,237850.0,241.6,0150VDE21300,서해안선,0150,E,1
r15-0,238850.0,242.6,0150VDE21400,서해안선,0150,E,1
r15-0,240250.0,244.0,0150VDE21500,서해안선,0150,E,1
r15-0,241350.0,245.1,0150VDE21600,서해안선,0150,E,1
r15-0,242250.0,246.0,0150VDE21700,서해안선,0150,E,1
r15-0,243050.0,246.8,0150VDE21800,서해안선,0150,E,1
r15-0,243950.0,247.7,0150VDE21900,서해안선,0150,E,1
r15-0,245540.0,249.3,0150VDE22000,서해안선,0150,E,1
r15-0,246440.0,250.2,0150VDE22100,서해안선,0150,E,1
r15-0,247340.0,251.1,0150VDE22200,서해안선,0150,E,1
r15-0,248340.0,252.1,0150VDE22300,서해안선,0150,E,1
r15-0,248840.0,252.6,0150VDE22400,서해안선,0150,E,1
r15-0,249340.0,253.1,0150VDE22500,서해안선,0150,E,1
r15-0,249840.0,253.6,0150VDE22600,서해안선,0150,E,1
r15-0,252140.0,255.9,0150VDE22700,서해안선,0150,E,1
r15-0,252940.0,256.7,0150VDE22800,서해안선,0150,E,1
r15-0,253740.0,257.5,0150VDE22900,서해안선,0150,E,1
r15-0,254440.0,258.2,0150VDE23000,서해안선,0150,E,1
r15-0,255140.0,258.9,0150VDE23100,서해안선,0150,E,1
r15-0,256040.0,259.8,0150VDE23200,서해안선,0150,E,1
r15-0,256840.0,260.6,0150VDE23300,서해안선,0150,E,1
r15-0,257640.0,261.4,0150VDE23400,서해안선,0150,E,1
r15-0,259040.0,262.8,0150VDE23500,서해안선,0150,E,1
r15-0,260040.0,263.8,0150VDE23600,서해안선,0150,E,1
r15-0,260740.0,264.5,0150VDE23650,서해안선,0150,E,1
r15-0,260740.0,264.5,0150VDE23651,서해안선,0150,E,1
r15-0,261140.0,264.9,0150VDE23700,서해안선,0150,E,1
r15-0,262240.0,266.0,0150VDE23800,서해안선,0150,E,1
r15-0,263040.0,266.8,0150VDE23900,서해안선,0150,E,1
r15-0,264040.0,267.8,0150VDE24000,서해안선,0150,E,1
r15-0,264940.0,268.7,0150VDE24100,서해안선,0150,E,1
r15-0,266040.0,269.8,0150VDE24200,서해안선,0150,E,1
r15-0,267040.0,270.8,0150VDE24300,서해안선,0150,E,1
r15-0,267940.0,271.7,0150VDE24400,서해안선,0150,E,1
r15-0,268740.0,272.5,0150VDE24451,서해안선,0150,E,1
r15-0,268740.0,272.5,0150VDE24450,서해안선,0150,E,1
r15-0,269040.0,272.8,0150VDE24500,서해안선,0150,E,1
r15-0,270240.0,274.0,0150VDE24600,서해안선,0150,E,1
r15-0,271230.0,275.0,0150VDE24700,서해안선,0150,E,1
r15-0,272430.0,276.2,0150VDE24800,서해안선,0150,E,1
r15-0,273240.0,277.0,0150VDE24900,서해안선,0150,E,1
r15-0,274540.0,278.3,0150VDE25000,서해안선,0150,E,1
r15-0,275840.0,279.6,0150VDE25100,서해안선,0150,E,1
r15-0,276740.0,280.5,0150VDE25200,서해안선,0150,E,1
r15-0,277570.0,281.4,0150VDE25300,서해안선,0150,E,1
r15-0,278780.0,282.6,0150VDE25401,서해안선,0150,E,1
r15-0,279580.0,283.4,0150VDE25500,서해안선,0150,E,1
r15-0,281180.0,285.0,0150VDE25651,서해안선,0150,E,1
r15-0,281180.0,285.0,0150VDE25650,서해안선,0150,E,1
r15-0,282170.0,286.0,0150VDE25700,서해안선,0150,E,1
r15-0,282870.0,286.7,0150VDE25800,서해안선,0150,E,1
r15-0,283770.0,287.6,0150VDE25900,서해안선,0150,E,1
r15-0,284870.0,288.7,0150VDE26000,서해안선,0150,E,1
r15-0,286170.0,290.0,0150VDE26100,서해안선,0150,E,1
r15-0,286970.0,290.8,0150VDE26200,서해안선,0150,E,1
r15-0,287970.0,291.8,0150VDE26300,서해안선,0150,E,1
r15-0,287970.0,291.8,0150VDE26250,서해안선,0150,E,1
r15-0,289240.0,293.0,0150VDE26400,서해안선,0150,E,1
r15-0,290540.0,294.3,0150VDE26500,서해안선,0150,E,1
r15-0,292040.0,295.8,0150VDE26600,서해안선,0150,E,1
r15-0,292940.0,296.7,0150VDE26700,서해안선,0150,E,1
r15-0,294440.0,298.2,0150VDE26800,서해안선,0150,E,1
r15-0,295540.0,299.3,0150VDE26900,서해안선,0150,E,1
r15-0,295640.0,299.4,0150VDE26951,서해안선,0150,E,1
r15-0,295640.0,299.4,0150VDE26950,서해안선,0150,E,1
r15-0,297640.0,301.4,0150VDE27000,서해안선,0150,E,1
r15-0,299140.0,302.9,0150VDE27100,서해안선,0150,E,1
r15-0,300640.0,304.4,0150VDE27200,서해안선,0150,E,1
r15-0,302140.0,305.9,0150VDE27300,서해안선,0150,E,1
r15-0,303740.0,307.5,0150VDE27400,서해안선,0150,E,1
r15-0,305140.0,308.9,0150VDE27500,서해안선,0150,E,1
r15-0,307240.0,311.0,0150VDE27600,서해안선,0150,E,1
r15-0,309040.0,312.8,0150VDE27700,서해안선,0150,E,1
r15-0,309440.0,313.2,0150VDE27750,서해안선,0150,E,1
r15-0,309440.0,313.2,0150VDE27751,서해안선,0150,E,1
r15-0,310440.0,314.2,0150VDE27850,서해안선,0150,E,1
r15-0,312530.0,316.3,0150VDE27900,서해안선,0150,E,1
r15-0,313440.0,317.2,0150VDE28000,서해안선,0150,E,1
r15-0,313540.0,317.3,0150VDE28050,서해안선,0150,E,1
r15-0,313540.0,317.3,0150VDE28051,서해안선,0150,E,1
r15-0,314140.0,317.9,0150VDE28081,서해안선,0150,E,1
r15-0,314940.0,318.7,0150VDE28071,서해안선,0150,E,1
r15-0,316240.0,320.0,0150VDE28100,서해안선,0150,E,1
r15-0,316340.0,320.1,0150VDE28110,서해안선,0150,E,1
r15-0,317240.0,321.0,0150VDE28200,서해안선,0150,E,1
r15-0,318540.0,322.3,0150VDE28300,서해안선,0150,E,1
r15-0,319440.0,323.2,0150VDE28341,서해안선,0150,E,1
r15-0,320040.0,323.8,0150VDE28351,서해안선,0150,E,1
r15-0,321150.0,324.9,0150VDE28400,서해안선,0150,E,1
r15-0,322040.0,325.8,0150VDE28450,서해안선,0150,E,1
r15-0,322240.0,326.0,0150VDE28480,서해안선,0150,E,1
r15-0,324230.0,328.0,0150VDE28610,서해안선,0150,E,1
r15-0,324830.0,328.6,0150VDE28621,서해안선,0150,E,1
r15-0,324930.0,328.7,0150VDE28622,서해안선,0150,E,1
r15-0,325030.0,328.8,0150VDE28623,서해안선,0150,E,1
r15-0,325640.0,329.4,0150VDE28640,서해안선,0150,E,1
r15-0,325740.0,329.5,0150VDE28650,서해안선,0150,E,1
r15-0,326930.0,330.7,0150VDE28690,서해안선,0150,E,1
r15-0,328030.0,331.8,0150VDE28931,서해안선,0150,E,1
r15-0,328030.0,331.8,0150VDE28720,서해안선,0150,E,1
r15-0,329320.0,333.1,0150VDE28930,서해안선,0150,E,1
r15-0,329720.0,333.5,0150VDE28941,서해안선,0150,E,1
r15-0,330430.0,334.2,0150VDE28970,서해안선,0150,E,1
r15-0,331730.0,335.52,0150VDE29001,서해안선,0150,E,1
r15-0,331830.0,335.6,0150VDE29010,서해안선,0150,E,1
r15-0,331830.0,335.55,0150VDE29011,서해안선,0150,E,1
r15-0,332130.0,335.93,0150VDE29021,서해안선,0150,E,1
r15-0,332430.0,336.2,0150VDE29411,서해안선,0150,E,1
r15-0,332430.0,336.2,0150VDE29410,서해안선,0150,E,1
r15-0,333230.0,337.0,0150VDE29500,서해안선,0150,E,1
r15-0,336140.0,339.9,0150VDE29600,서해안선,0150,E,1
r15-1,590.0,339.9,0150VDS29600,서해안선,0150,S,-1
r15-1,3490.0,337.0,0150VDS29500,서해안선,0150,S,-1
r15-1,3790.0,336.7,0150VDS29450,서해안선,0150,S,-1
r15-1,4290.0,336.2,0150VDS29420,서해안선,0150,S,-1
r15-1,4290.0,336.2,0150VDS29421,서해안선,0150,S,-1
r15-1,4600.0,335.93,0150VDS29021,서해안선,0150,S,-1
r15-1,4900.0,335.6,0150VDS29000,서해안선,0150,S,-1
r15-1,5000.0,335.52,0150VDS29002,서해안선,0150,S,-1
r15-1,5000.0,335.52,0150VDS29001,서해안선,0150,S,-1
r15-1,6300.0,334.2,0150VDS28970,서해안선,0150,S,-1
r15-1,6990.0,333.5,0150VDS28941,서해안선,0150,S,-1
r15-1,7290.0,333.2,0150VDS28940,서해안선,0150,S,-1
r15-1,8700.0,331.8,0150VDS28931,서해안선,0150,S,-1
r15-1,8700.0,331.8,0150VDS28730,서해안선,0150,S,-1
r15-1,9800.0,330.7,0150VDS28690,서해안선,0150,S,-1
r15-1,10900.0,329.6,0150VDS28660,서해안선,0150,S,-1
r15-1,11100.0,329.4,0150VDS28640,서해안선,0150,S,-1
r15-1,11500.0,329.0,0150VDS28624,서해안선,0150,S,-1
r15-1,11800.0,328.7,0150VDS28622,서해안선,0150,S,-1
r15-1,12500.0,328.0,0150VDS28610,서해안선,0150,S,-1
r15-1,14500.0,326.0,0150VDS28490,서해안선,0150,S,-1
r15-1,14910.0,325.6,0150VDS28420,서해안선,0150,S,-1
r15-1,15610.0,324.9,0150VDS28400,서해안선,0150,S,-1
r15-1,16590.0,323.9,0150VDS28352,서해안선,0150,S,-1
r15-1,17290.0,323.2,0150VDS28351,서해안선,0150,S,-1
r15-1,18200.0,322.3,0150VDS28300,서해안선,0150,S,-1
r15-1,19500.0,321.0,0150VDS28200,서해안선,0150,S,-1
r15-1,20400.0,320.1,0150VDS28111,서해안선,0150,S,-1
r15-1,20500.0,320.0,0150VDS28100,서해안선,0150,S,-1
r15-1,21390.0,319.1,0150VDS28082,서해안선,0150,S,-1
r15-1,22580.0,317.9,0150VDS28081,서해안선,0150,S,-1
r15-1,23180.0,317.3,0150VDS28051,서해안선,0150,S,-1
r15-1,23180.0,317.3,0150VDS28050,서해안선,0150,S,-1
r15-1,23280.0,317.2,0150VDS28000,서해안선,0150,S,-1
r15-1,24180.0,316.3,0150VDS27900,서해안선,0150,S,-1
r15-1,26280.0,314.2,0150VDS27850,서해안선,0150,S,-1
r15-1,27280.0,313.2,0150VDS27750,서해안선,0150,S,-1
r15-1,27280.0,313.2,0150VDS27751,서해안선,0150,S,-1
r15-1,27680.0,312.8,0150VDS27700,서해안선,0150,S,-1
r15-1,29480.0,311.0,0150VDS27600,서해안선,0150,S,-1
r15-1,30980.0,309.5,0150VDS27400,서해안선,0150,S,-1
r15-1,31580.0,308.9,0150VDS27500,서해안선,0150,S,-1
r15-1,34580.0,305.9,0150VDS27300,서해안선,0150,S,-1
r15-1,36080.0,304.4,0150VDS27200,서해안선,0150,S,-1
r15-1,37580.0,302.9,0150VDS27100,서해안선,0150,S,-1
r15-1,39080.0,301.4,0150VDS27000,서해안선,0150,S,-1
r15-1,41080.0,299.4,0150VDS26950,서해안선,0150,S,-1
r15-1,41080.0,299.4,0150VDS26951,서해안선,0150,S,-1
r15-1,41180.0,299.3,0150VDS26900,서해안선,0150,S,-1
r15-1,42280.0,298.2,0150VDS26800,서해안선,0150,S,-1
r15-1,43780.0,296.7,0150VDS26700,서해안선,0150,S,-1
r15-1,44680.0,295.8,0150VDS26600,서해안선,0150,S,-1
r15-1,46180.0,294.3,0150VDS26500,서해안선,0150,S,-1
r15-1,47480.0,293.0,0150VDS26400,서해안선,0150,S,-1
r15-1,48750.0,291.8,0150VDS26250,서해안선,0150,S,-1
r15-1,48750.0,291.8,0150VDS26300,서해안선,0150,S,-1
r15-1,49850.0,290.7,0150VDS26200,서해안선,0150,S,-1
r15-1,50550.0,290.0,0150VDS26100,서해안선,0150,S,-1
r15-1,51850.0,288.7,0150VDS26000,서해안선,0150,S,-1
r15-1,53050.0,287.5,0150VDS25900,서해안선,0150,S,-1
r15-1,53850.0,286.7,0150VDS25800,서해안선,0150,S,-1
r15-1,54850.0,285.7,0150VDS25700,서해안선,0150,S,-1
r15-1,55550.0,285.0,0150VDS25650,서해안선,0150,S,-1
r15-1,55550.0,285.0,0150VDS25651,서해안선,0150,S,-1
r15-1,56450.0,284.1,0150VDS25600,서해안선,0150,S,-1
r15-1,57950.0,282.6,0150VDS25401,서해안선,0150,S,-1
r15-1,59140.0,281.4,0150VDS25300,서해안선,0150,S,-1
r15-1,59970.0,280.5,0150VDS25200,서해안선,0150,S,-1
r15-1,60870.0,279.6,0150VDS25100,서해안선,0150,S,-1
r15-1,62170.0,278.3,0150VDS25000,서해안선,0150,S,-1
r15-1,63470.0,277.0,0150VDS24900,서해안선,0150,S,-1
r15-1,64270.0,276.2,0150VDS24800,서해안선,0150,S,-1
r15-1,65460.0,275.0,0150VDS24700,서해안선,0150,S,-1
r15-1,66470.0,274.0,0150VDS24600,서해안선,0150,S,-1
r15-1,67670.0,272.8,0150VDS24500,서해안선,0150,S,-1
r15-1,67970.0,272.5,0150VDS24451,서해안선,0150,S,-1
r15-1,67970.0,272.5,0150VDS24450,서해안선,0150,S,-1
r15-1,68770.0,271.7,0150VDS24400,서해안선,0150,S,-1
r15-1,69670.0,270.8,0150VDS24300,서해안선,0150,S,-1
r15-1,70670.0,269.8,0150VDS24200,서해안선,0150,S,-1
r15-1,71770.0,268.7,0150VDS24100,서해안선,0150,S,-1
r15-1,72670.0,267.8,0150VDS24000,서해안선,0150,S,-1
r15-1,73670.0,266.8,0150VDS23900,서해안선,0150,S,-1
r15-1,74470.0,266.0,0150VDS23800,서해안선,0150,S,-1
r15-1,75570.0,264.9,0150VDS23700,서해안선,0150,S,-1
r15-1,75970.0,264.5,0150VDS23651,서해안선,0150,S,-1
r15-1,75970.0,264.5,0150VDS23650,서해안선,0150,S,-1
r15-1,76670.0,263.8,0150VDS23600,서해안선,0150,S,-1
r15-1,77680.0,262.8,0150VDS23500,서해안선,0150,S,-1
r15-1,79070.0,261.4,0150VDS23400,서해안선,0150,S,-1
r15-1,79870.0,260.6,0150VDS23300,서해안선,0150,S,-1
r15-1,80670.0,259.8,0150VDS23200,서해안선,0150,S,-1
r15-1,81570.0,258.9,0150VDS23100,서해안선,0150,S,-1
r15-1,82270.0,258.2,0150VDS23000,서해안선,0150,S,-1
r15-1,82970.0,257.5,0150VDS22900,서해안선,0150,S,-1
r15-1,83770.0,256.7,0150VDS22800,서해안선,0150,S,-1
r15-1,84570.0,255.9,0150VDS22700,서해안선,0150,S,-1
r15-1,86870.0,253.6,0150VDS22600,서해안선,0150,S,-1
r15-1,87370.0,253.1,0150VDS22500,서해안선,0150,S,-1
r15-1,87870.0,252.6,0150VDS22400,서해안선,0150,S,-1
r15-1,88370.0,252.1,0150VDS22300,서해안선,0150,S,-1
r15-1,89370.0,251.1,0150VDS22200,서해안선,0150,S,-1
r15-1,90270.0,250.2,0150VDS22100,서해안선,0150,S,-1
r15-1,91170.0,249.3,0150VDS22000,서해안선,0150,S,-1
r15-1,92780.0,247.7,0150VDS21900,서해안선,0150,S,-1
r15-1,93680.0,246.8,0150VDS21800,서해안선,0150,S,-1
r15-1,94480.0,246.0,0150VDS21700,서해안선,0150,S,-1
r15-1,95380.0,245.1,0150VDS21600,서해안선,0150,S,-1
r15-1,96480.0,244.0,0150VDS21500,서해안선,0150,S,-1
r15-1,97870.0,242.6,0150VDS21400,서해안선,0150,S,-1
r15-1,98870.0,241.6,0150VDS21300,서해안선,0150,S,-1
r15-1,99770.0,240.7,0150VDS21200,서해안선,0150,S,-1
r15-1,100680.0,239.8,0150VDS21100,서해안선,0150,S,-1
r15-1,101680.0,238.8,0150VDS21000,서해안선,0150,S,-1
r15-1,102880.0,237.6,0150VDS20900,서해안선,0150,S,-1
r15-1,105070.0,235.4,0150VDS20700,서해안선,0150,S,-1
r15-1,107570.0,232.9,0150VDS20500,서해안선,0150,S,-1
r15-1,110070.0,230.4,0150VDS20300,서해안선,0150,S,-1
r15-1,112570.0,227.9,0150VDS20100,서해안선,0150,S,-1
r15-1,113770.0,226.7,0150VDS20000,서해안선,0150,S,-1
r15-1,115970.0,224.5,0150VDS19800,서해안선,0150,S,-1
r15-1,117970.0,222.5,0150VDS19600,서해안선,0150,S,-1
r15-1,119870.0,220.6,0150VDS19400,서해안선,0150,S,-1
r15-1,122170.0,218.3,0150VDS19200,서해안선,0150,S,-1
r15-1,124370.0,216.1,0150VDS19000,서해안선,0150,S,-1
r15-1,126770.0,213.7,0150VDS18800,서해안선,0150,S,-1
r15-1,129170.0,211.3,0150VDS18600,서해안선,0150,S,-1
r15-1,131570.0,208.9,0150VDS18400,서해안선,0150,S,-1
r15-1,133370.0,207.1,0150VDS18200,서해안선,0150,S,-1
r15-1,136070.0,204.4,0150VDS18000,서해안선,0150,S,-1
r15-1,138470.0,202.0,0150VDS17800,서해안선,0150,S,-1
r15-1,140780.0,199.7,0150VDS17600,서해안선,0150,S,-1
r15-1,142380.0,198.1,0150VDS17400,서해안선,0150,S,-1
r15-1,144780.0,195.7,0150VDS17200,서해안선,0150,S,-1
r15-1,147080.0,193.4,0150VDS17000,서해안선,0150,S,-1
r15-1,148980.0,191.5,0150VDS16800,서해안선,0150,S,-1
r15-1,150980.0,189.5,0150VDS16600,서해안선,0150,S,-1
r15-1,152980.0,187.5,0150VDS16400,서해안선,0150,S,-1
r15-1,155780.0,184.7,0150VDS16200,서해안선,0150,S,-1
r15-1,156580.0,183.9,0150VDS16100,서해안선,0150,S,-1
r15-1,158280.0,182.2,0150VDS16000,서해안선,0150,S,-1
r15-1,160080.0,180.4,0150VDS15800,서해안선,0150,S,-1
r15-1,161880.0,178.6,0150VDS15600,서해안선,0150,S,-1
r15-1,163880.0,176.6,0150VDS15400,서해안선,0150,S,-1
r15-1,165680.0,174.8,0150VDS15200,서해안선,0150,S,-1
r15-1,171770.0,168.7,0150VDS14850,서해안선,0150,S,-1
r15-1,173270.0,167.2,0150VDS14800,서해안선,0150,S,-1
r15-1,175670.0,164.8,0150VDS14600,서해안선,0150,S,-1
r15-1,179780.0,160.7,0150VDS14400,서해안선,0150,S,-1
r15-1,180880.0,159.6,0150VDS14300,서해안선,0150,S,-1
r15-1,182670.0,157.8,0150VDS14100,서해안선,0150,S,-1
r15-1,185370.0,155.1,0150VDS13900,서해안선,0150,S,-1
r15-1,186270.0,154.2,0150VDS13800,서해안선,0150,S,-1
r15-1,189270.0,151.2,0150VDS13400,서해안선,0150,S,-1
r15-1,190170.0,150.3,0150VDS13300,서해안선,0150,S,-1
r15-1,191170.0,149.3,0150VDS13100,서해안선,0150,S,-1
r15-1,194070.0,146.4,0150VDS12900,서해안선,0150,S,-1
r15-1,196670.0,143.8,0150VDS12700,서해안선,0150,S,-1
r15-1,199270.0,141.2,0150VDS12500,서해안선,0150,S,-1
r15-1,200570.0,139.9,0150VDS12400,서해안선,0150,S,-1
r15-1,202870.0,137.6,0150VDS12200,서해안선,0150,S,-1
r15-1,203870.0,136.6,0150VDS12100,서해안선,0150,S,-1
r15-1,206070.0,134.4,0150VDS11900,서해안선,0150,S,-1
r15-1,208570.0,131.9,0150VDS11700,서해안선,0150,S,-1
r15-1,209570.0,130.9,0150VDS11600,서해안선,0150,S,-1
r15-1,211870.0,128.6,0150VDS11400,서해안선,0150,S,-1
r15-1,214370.0,126.1,0150VDS11200,서해안선,0150,S,-1
r15-1,216770.0,123.7,0150VDS11000,서해안선,0150,S,-1
r15-1,219270.0,121.2,0150VDS10800,서해안선,0150,S,-1
r15-1,220270.0,120.2,0150VDS10700,서해안선,0150,S,-1
r15-1,222370.0,118.1,0150VDS10500,서해안선,0150,S,-1
r15-1,223170.0,117.3,0150VDS10400,서해안선,0150,S,-1
r15-1,224460.0,116.0,0150VDS10300,서해안선,0150,S,-1
r15-1,226560.0,113.9,0150VDS10100,서해안선,0150,S,-1
r15-1,228560.0,111.9,0150VDS09900,서해안선,0150,S,-1
r15-1,230860.0,109.6,0150VDS09700,서해안선,0150,S,-1
r15-1,233160.0,107.3,0150VDS09500,서해안선,0150,S,-1
r15-1,234660.0,105.8,0150VDS09400,서해안선,0150,S,-1
r15-1,236760.0,103.7,0150VDS09200,서해안선,0150,S,-1
r15-1,237660.0,102.8,0150VDS09100,서해안선,0150,S,-1
r15-1,239660.0,100.8,0150VDS08900,서해안선,0150,S,-1
r15-1,242060.0,98.4,0150VDS08700,서해안선,0150,S,-1
r15-1,244270.0,96.2,0150VDS08500,서해안선,0150,S,-1
r15-1,246970.0,93.5,0150VDS08300,서해안선,0150,S,-1
r15-1,248970.0,91.5,0150VDS08100,서해안선,0150,S,-1
r15-1,251870.0,88.6,0150VDS07900,서해안선,0150,S,-1
r15-1,253760.0,86.7,0150VDS07700,서해안선,0150,S,-1
r15-1,255870.0,84.6,0150VDS07500,서해안선,0150,S,-1
r15-1,256870.0,83.6,0150VDS07400,서해안선,0150,S,-1
r15-1,258160.0,82.3,0150VDS07300,서해안선,0150,S,-1
r15-1,259060.0,81.4,0150VDS07200,서해안선,0150,S,-1
r15-1,261060.0,79.4,0150VDS07000,서해안선,0150,S,-1
r15-1,262070.0,78.4,0150VDS06900,서해안선,0150,S,-1
r15-1,264260.0,76.2,0150VDS06700,서해안선,0150,S,-1
r15-1,265260.0,75.2,0150VDS06600,서해안선,0150,S,-1
r15-1,267160.0,73.3,0150VDS06400,서해안선,0150,S,-1
r15-1,269660.0,70.8,0150VDS06200,서해안선,0150,S,-1
r15-1,271560.0,68.9,0150VDS06000,서해안선,0150,S,-1
r15-1,274360.0,66.1,0150VDS05800,서해안선,0150,S,-1
r15-1,276470.0,64.0,0150VDS05600,서해안선,0150,S,-1
r15-1,278370.0,62.1,0150VDS05390,서해안선,0150,S,-1
r15-1,280370.0,60.1,0150VDS05200,서해안선,0150,S,-1
r15-1,282760.0,57.7,0150VDS05000,서해안선,0150,S,-1
r15-1,284660.0,55.8,0150VDS04800,서해안선,0150,S,-1
r15-1,288260.0,52.15,0150VDS04501,서해안선,0150,S,-1
r15-1,289060.0,51.4,0150VDS04600,서해안선,0150,S,-1
r15-1,291860.0,48.6,0150VDS04400,서해안선,0150,S,-1
r15-1,294270.0,46.17,0150VDS04200,서해안선,0150,S,-1
r15-1,296070.0,44.4,0150VDS04000,서해안선,0150,S,-1
r15-1,297970.0,42.5,0150VDS03800,서해안선,0150,S,-1
r15-1,300970.0,39.5,0150VDS03500,서해안선,0150,S,-1
r15-1,303470.0,37.0,0150VDS03300,서해안선,0150,S,-1
r15-1,304870.0,35.6,0150VDS03200,서해안선,0150,S,-1
r15-1,306770.0,33.7,0150VDS03000,서해안선,0150,S,-1
r15-1,308170.0,32.3,0150VDS02900,서해안선,0150,S,-1
r15-1,310270.0,30.2,0150VDS02700,서해안선,0150,S,-1
r15-1,311470.0,29.0,0150VDS02600,서해안선,0150,S,-1
r15-1,312270.0,28.2,0150VDS02500,서해안선,0150,S,-1
r15-1,314370.0,26.1,0150VDS02300,서해안선,0150,S,-1
r15-1,316170.0,24.3,0150VDS02100,서해안선,0150,S,-1
r15-1,318770.0,21.7,0150VDS01900,서해안선,0150,S,-1
r15-1,320170.0,20.3,0150VDS01800,서해안선,0150,S,-1
r15-1,322680.0,17.8,0150VDS01600,서해안선,0150,S,-1
r15-1,323770.0,16.7,0150VDS01500,서해안선,0150,S,-1
r15-1,325060.0,15.4,0150VDS01400,서해안선,0150,S,-1
r15-1,326360.0,14.1,0150VDS01300,서해안선,0150,S,-1
r15-1,328970.0,11.5,0150VDS01100,서해안선,0150,S,-1
r15-1,330860.0,9.6,0150VDS00900,서해안선,0150,S,-1
r15-1,334060.0,6.4,0150VDS00700,서해안선,0150,S,-1
r15-1,335960.0,4.5,0150VDS00500,서해안선,0150,S,-1
r16-0,1510.0,1.3,0160VDE00100,울산선,0160,E,1
r16-0,5120.0,4.9,0160VDE00400,울산선,0160,E,1
r16-0,6030.0,5.8,0160VDE00500,울산선,0160,E,1
r16-0,7120.0,6.9,0160VDE00600,울산선,0160,E,1
r16-0,9220.0,9.0,0160VDE00800,울산선,0160,E,1
r16-0,11200.0,11.0,0160VDE00801,울산선,0160,E,1
r16-1,2950.0,11.0,0160VDS00801,울산선,0160,S,-1
r16-1,4950.0,9.0,0160VDS00800,울산선,0160,S,-1
r16-1,7040.0,6.9,0160VDS00600,울산선,0160,S,-1
r16-1,8140.0,5.8,0160VDS00500,울산선,0160,S,-1
r16-1,9040.0,4.9,0160VDS00400,울산선,0160,S,-1
r16-1,12640.0,1.3,0160VDS00100,울산선,0160,S,-1
r17-6,560.0,18.0,0170VDS00018,평택화성선,0170,S,-1
r17-6,1460.0,17.1,0170VDS00017,평택화성선,0170,S,-1
r17-6,2560.0,16.0,0170VDS00016,평택화성선,0170,S,-1
r17-6,3560.0,15.0,0170VDS00015,평택화성선,0170,S,-1
r17-6,4560.0,14.0,0170VDS00014,평택화성선,0170,S,-1
r17-6,5660.0,12.9,0170VDS00013,평택화성선,0170,S,-1
r17-6,6560.0,12.0,0170VDS00012,평택화성선,0170,S,-1
r17-6,7560.0,11.0,0170VDS00011,평택화성선,0170,S,-1
r17-6,8560.0,10.0,0170VDS00010,평택화성선,0170,S,-1
r17-6,9560.0,9.0,0170VDS00009,평택화성선,0170,S,-1
r17-6,10560.0,8.0,0170VDS00008,평택화성선,0170,S,-1
r17-6,11560.0,7.0,0170VDS00007,평택화성선,0170,S,-1
r17-6,12550.0,6.0,0170VDS00006,평택화성선,0170,S,-1
r17-6,13650.0,4.9,0170VDS00005,평택화성선,0170,S,-1
r17-6,14550.0,4.0,0170VDS00004,평택화성선,0170,S,-1
r17-6,15550.0,3.0,0170VDS00003,평택화성선,0170,S,-1
r17-6,16550.0,2.0,0170VDS00002,평택화성선,0170,S,-1
r17-7,850.0,2.0,0170VDE00002,평택화성선,0170,E,1
r17-7,1850.0,3.0,0170VDE00003,평택화성선,0170,E,1
r17-7,2850.0,4.0,0170VDE00004,평택화성선,0170,E,1
r17-7,3750.0,4.9,0170VDE00005,평택화성선,0170,E,1
r17-7,4850.0,6.0,0170VDE00006,평택화성선,0170,E,1
r17-7,5860.0,7.0,0170VDE00007,평택화성선,0170,E,1
r17-7,6860.0,8.0,0170VDE00008,평택화성선,0170,E,1
r17-7,7850.0,9.0,0170VDE00009,평택화성선,0170,E,1
r17-7,8850.0,10.0,0170VDE00010,평택화성선,0170,E,1
r17-7,9850.0,11.0,0170VDE00011,평택화성선,0170,E,1
r17-7,10850.0,12.0,0170VDE00012,평택화성선,0170,E,1
r17-7,11750.0,12.9,0170VDE00013,평택화성선,0170,E,1
r17-7,12850.0,14.0,0170VDE00014,평택화성선,0170,E,1
r17-7,13850.0,15.0,0170VDE00015,평택화성선,0170,E,1
r17-7,14850.0,16.0,0170VDE00016,평택화성선,0170,E,1
r17-7,15950.0,17.1,0170VDE00017,평택화성선,0170,E,1
r17-7,16850.0,18.0,0170VDE00018,평택화성선,0170,E,1
r20-0,57030.0,24.5,0201VDE02400,익산장수선,0201,E,1
r20-0,58330.0,25.8,0201VDE02402,익산장수선,0201,E,1
r20-0,60530.0,28.04,0201VDE02406,익산장수선,0201,E,1
r20-0,62530.0,29.96,0201VDE02410,익산장수선,0201,E,1
r20-0,65120.0,32.6,0201VDE02600,익산장수선,0201,E,1
r20-0,67620.0,35.1,0201VDE02800,익산장수선,0201,E,1
r20-0,70020.0,37.5,0201VDE03000,익산장수선,0201,E,1
r20-0,72020.0,39.5,0201VDE03200,익산장수선,0201,E,1
r20-0,73020.0,40.5,0201VDE03300,익산장수선,0201,E,1
r20-0,75200.0,42.7,0201VDE03500,익산장수선,0201,E,1
r20-0,77110.0,44.6,0201VDE03700,익산장수선,0201,E,1
r20-0,78700.0,46.2,0201VDE03900,익산장수선,0201,E,1
r20-0,80100.0,47.6,0201VDE04000,익산장수선,0201,E,1
r20-0,82000.0,49.5,0201VDE04200,익산장수선,0201,E,1
r20-0,83000.0,50.5,0201VDE04300,익산장수선,0201,E,1
r20-0,85210.0,52.7,0201VDE04500,익산장수선,0201,E,1
r20-0,87500.0,55.03,0201VDE04504,익산장수선,0201,E,1
r20-0,89800.0,57.3,0201VDE04509,익산장수선,0201,E,1
r20-0,92110.0,59.6,0201VDE04700,익산장수선,0201,E,1
r20-1,1350.0,59.6,0201VDS04700,익산장수선,0201,S,-1
r20-1,3640.0,57.3,0201VDS04509,익산장수선,0201,S,-1
r20-1,5140.0,55.77,0201VDS04504,익산장수선,0201,S,-1
r20-1,8250.0,52.7,0201VDS04500,익산장수선,0201,S,-1
r20-1,10430.0,50.5,0201VDS04300,익산장수선,0201,S,-1
r20-1,11430.0,49.5,0201VDS04200,익산장수선,0201,S,-1
r20-1,13350.0,47.6,0201VDS04000,익산장수선,0201,S,-1
r20-1,14750.0,46.2,0201VDS03900,익산장수선,0201,S,-1
r20-1,16360.0,44.6,0201VDS03700,익산장수선,0201,S,-1
r20-1,18250.0,42.7,0201VDS03500,익산장수선,0201,S,-1
r20-1,20440.0,40.5,0201VDS03300,익산장수선,0201,S,-1
r20-1,21460.0,39.5,0201VDS03200,익산장수선,0201,S,-1
r20-1,23460.0,37.5,0201VDS03000,익산장수선,0201,S,-1
r20-1,25850.0,35.1,0201VDS02800,익산장수선,0201,S,-1
r20-1,28350.0,32.6,0201VDS02600,익산장수선,0201,S,-1
r20-1,31250.0,29.7,0201VDS02410,익산장수선,0201,S,-1
r20-1,32150.0,28.8,0201VDS02408,익산장수선,0201,S,-1
r20-1,34740.0,26.19,0201VDS02403,익산장수선,0201,S,-1
r20-1,36450.0,24.5,0201VDS02400,익산장수선,0201,S,-1
r20-2,3230.0,66.23,0200VDS05104,대구포항선,0200,S,-1
r20-2,5230.0,64.2,0200VDS05100,대구포항선,0200,S,-1
r20-2,7330.0,62.1,0200VDS04900,대구포항선,0200,S,-1
r20-2,9330.0,60.1,0200VDS04700,대구포항선,0200,S,-1
r20-2,11630.0,57.8,0200VDS04500,대구포항선,0200,S,-1
r20-2,13530.0,55.9,0200VDS04300,대구포항선,0200,S,-1
r20-2,15540.0,53.9,0200VDS04100,대구포항선,0200,S,-1
r20-2,17640.0,51.8,0200VDS03900,대구포항선,0200,S,-1
r20-2,19810.0,49.63,0200VDS03803,대구포항선,0200,S,-1
r20-2,21800.0,47.6,0200VDS03800,대구포항선,0200,S,-1
r20-2,23110.0,46.3,0200VDS03700,대구포항선,0200,S,-1
r20-2,25100.0,44.3,0200VDS03500,대구포항선,0200,S,-1
r20-2,27080.0,42.3,0200VDS03300,대구포항선,0200,S,-1
r20-2,28380.0,41.0,0200VDS03200,대구포항선,0200,S,-1
r20-2,29990.0,39.37,0200VDS03105,대구포항선,0200,S,-1
r20-2,30790.0,38.64,0200VDS03103,대구포항선,0200,S,-1
r20-2,32990.0,36.4,0200VDS03100,대구포항선,0200,S,-1
r20-2,35190.0,34.2,0200VDS02900,대구포항선,0200,S,-1
r20-2,37390.0,32.0,0200VDS02700,대구포항선,0200,S,-1
r20-2,39590.0,29.8,0200VDS02500,대구포항선,0200,S,-1
r20-2,41490.0,27.9,0200VDS02300,대구포항선,0200,S,-1
r20-2,43280.0,26.1,0200VDS02100,대구포항선,0200,S,-1
r20-2,45180.0,24.2,0200VDS01900,대구포항선,0200,S,-1
r20-2,47080.0,22.3,0200VDS01700,대구포항선,0200,S,-1
r20-2,48780.0,20.6,0200VDS01500,대구포항선,0200,S,-1
r20-2,50680.0,18.7,0200VDS01300,대구포항선,0200,S,-1
r20-2,52280.0,17.1,0200VDS01200,대구포항선,0200,S,-1
r20-2,53980.0,15.4,0200VDS01000,대구포항선,0200,S,-1
r20-2,55980.0,13.4,0200VDS00800,대구포항선,0200,S,-1
r20-2,57780.0,11.6,0200VDS00600,대구포항선,0200,S,-1
r20-2,58980.0,10.4,0200VDS00507,대구포항선,0200,S,-1
r20-2,61770.0,7.64,0200VDS00501,대구포항선,0200,S,-1
r20-2,63370.0,6.0,0200VDS00500,대구포항선,0200,S,-1
r20-2,65670.0,3.7,0200VDS00300,대구포항선,0200,S,-1
r20-2,68190.0,1.2,0200VDS00100,대구포항선,0200,S,-1
r20-3,2250.0,1.2,0200VDE00100,대구포항선,0200,E,1
r20-3,4740.0,3.7,0200VDE00300,대구포항선,0200,E,1
r20-3,7040.0,6.0,0200VDE00500,대구포항선,0200,E,1
r20-3,9430.0,8.35,0200VDE00504,대구포항선,0200,E,1
r20-3,11410.0,10.4,0200VDE00507,대구포항선,0200,E,1
r20-3,12610.0,11.6,0200VDE00600,대구포항선,0200,E,1
r20-3,14410.0,13.4,0200VDE00800,대구포항선,0200,E,1
r20-3,16410.0,15.4,0200VDE01000,대구포항선,0200,E,1
r20-3,18110.0,17.1,0200VDE01200,대구포항선,0200,E,1
r20-3,19710.0,18.7,0200VDE01300,대구포항선,0200,E,1
r20-3,21610.0,20.6,0200VDE01500,대구포항선,0200,E,1
r20-3,23310.0,22.3,0200VDE01700,대구포항선,0200,E,1
r20-3,25210.0,24.2,0200VDE01900,대구포항선,0200,E,1
r20-3,27110.0,26.1,0200VDE02100,대구포항선,0200,E,1
r20-3,28900.0,27.9,0200VDE02300,대구포항선,0200,E,1
r20-3,30800.0,29.8,0200VDE02500,대구포항선,0200,E,1
r20-3,33010.0,32.0,0200VDE02700,대구포항선,0200,E,1
r20-3,35200.0,34.2,0200VDE02900,대구포항선,0200,E,1
r20-3,37400.0,36.4,0200VDE03100,대구포항선,0200,E,1
r20-3,39590.0,38.6,0200VDE03102,대구포항선,0200,E,1
r20-3,40590.0,39.62,0200VDE03105,대구포항선,0200,E,1
r20-3,41990.0,41.0,0200VDE03200,대구포항선,0200,E,1
r20-3,43290.0,42.3,0200VDE03300,대구포항선,0200,E,1
r20-3,45300.0,44.3,0200VDE03500,대구포항선,0200,E,1
r20-3,47310.0,46.3,0200VDE03700,대구포항선,0200,E,1
r20-3,48600.0,47.6,0200VDE03800,대구포항선,0200,E,1
r20-3,50700.0,49.71,0200VDE03853,대구포항선,0200,E,1
r20-3,52800.0,51.8,0200VDE03900,대구포항선,0200,E,1
r20-3,54900.0,53.9,0200VDE04100,대구포항선,0200,E,1
r20-3,56890.0,55.9,0200VDE04300,대구포항선,0200,E,1
r20-3,58790.0,57.8,0200VDE04500,대구포항선,0200,E,1
r20-3,61090.0,60.1,0200VDE04700,대구포항선,0200,E,1
r20-3,63080.0,62.1,0200VDE04900,대구포항선,0200,E,1
r20-3,65190.0,64.2,0200VDE05100,대구포항선,0200,E,1
r20-3,66590.0,65.6,0200VDE05103,대구포항선,0200,E,1
r25-0,81940.0,193.4,0251VDS18100,호남선,0251,S,-1
r25-0,82740.0,192.6,0251VDS18000,호남선,0251,S,-1
r25-0,83640.0,191.7,0251VDS17900,호남선,0251,S,-1
r25-0,84640.0,190.7,0251VDS17800,호남선,0251,S,-1
r25-0,85540.0,189.8,0251VDS17700,호남선,0251,S,-1
r25-0,86440.0,188.9,0251VDS17600,호남선,0251,S,-1
r25-0,87440.0,187.9,0251VDS17550,호남선,0251,S,-1
r25-0,88240.0,187.1,0251VDS18711,호남선,0251,S,-1
r25-0,88540.0,186.8,0251VDS17500,호남선,0251,S,-1
r25-0,89540.0,185.8,0251VDS17400,호남선,0251,S,-1
r25-0,90340.0,185.0,0251VDS17300,호남선,0251,S,-1
r25-0,91440.0,183.9,0251VDS17010,호남선,0251,S,-1
r25-0,91440.0,183.9,0251VDS17015,호남선,0251,S,-1
r25-0,91840.0,183.5,0251VDS16910,호남선,0251,S,-1
r25-0,92730.0,182.6,0251VDS16810,호남선,0251,S,-1
r25-0,93530.0,181.8,0251VDS16710,호남선,0251,S,-1
r25-0,94230.0,181.1,0251VDS16720,호남선,0251,S,-1
r25-0,95520.0,179.8,0251VDS16610,호남선,0251,S,-1
r25-0,96520.0,178.8,0251VDS16230,호남선,0251,S,-1
r25-0,97420.0,177.9,0251VDS16215,호남선,0251,S,-1
r25-0,97420.0,177.9,0251VDS16210,호남선,0251,S,-1
r25-0,98730.0,176.6,0251VDS16240,호남선,0251,S,-1
r25-0,99720.0,175.6,0251VDS16121,호남선,0251,S,-1
r25-0,99720.0,175.6,0251VDS16122,호남선,0251,S,-1
r25-0,99920.0,175.4,0251VDS16110,호남선,0251,S,-1
r25-0,103510.0,171.8,0251VDS16000,호남선,0251,S,-1
r25-0,105410.0,169.9,0251VDS15700,호남선,0251,S,-1
r25-0,106810.0,168.5,0251VDS15600,호남선,0251,S,-1
r25-0,107610.0,167.7,0251VDS15500,호남선,0251,S,-1
r25-0,109610.0,165.7,0251VDS15300,호남선,0251,S,-1
r25-0,111410.0,163.9,0251VDS15100,호남선,0251,S,-1
r25-0,113520.0,161.8,0251VDS14900,호남선,0251,S,-1
r25-0,115420.0,159.9,0251VDS14700,호남선,0251,S,-1
r25-0,117420.0,157.9,0251VDS14500,호남선,0251,S,-1
r25-0,120720.0,154.6,0251VDS14200,호남선,0251,S,-1
r25-0,125220.0,150.1,0251VDS13700,호남선,0251,S,-1
r25-0,126320.0,149.0,0251VDS13600,호남선,0251,S,-1
r25-0,128320.0,147.0,0251VDS13400,호남선,0251,S,-1
r25-0,131230.0,144.1,0251VDS13100,호남선,0251,S,-1
r25-0,134220.0,141.1,0251VDS12800,호남선,0251,S,-1
r25-0,136030.0,139.3,0251VDS12600,호남선,0251,S,-1
r25-0,143230.0,132.1,0251VDS12200,호남선,0251,S,-1
r25-0,145130.0,130.2,0251VDS12000,호남선,0251,S,-1
r25-0,146030.0,129.3,0251VDS11900,호남선,0251,S,-1
r25-0,148030.0,127.3,0251VDS11700,호남선,0251,S,-1
r25-0,149040.0,126.3,0251VDS11600,호남선,0251,S,-1
r25-0,149940.0,125.4,0251VDS11500,호남선,0251,S,-1
r25-0,150940.0,124.4,0251VDS11400,호남선,0251,S,-1
r25-0,152950.0,122.4,0251VDS11200,호남선,0251,S,-1
r25-0,157240.0,118.1,0251VDS10900,호남선,0251,S,-1
r25-0,158250.0,117.1,0251VDS10800,호남선,0251,S,-1
r25-0,160740.0,114.6,0251VDS10700,호남선,0251,S,-1
r25-0,164590.0,110.7,0251VDS10400,호남선,0251,S,-1
r25-0,167200.0,108.1,0251VDS10200,호남선,0251,S,-1
r25-0,169580.0,105.7,0251VDS10000,호남선,0251,S,-1
r25-0,171180.0,104.1,0251VDS09800,호남선,0251,S,-1
r25-0,172190.0,103.1,0251VDS09700,호남선,0251,S,-1
r25-0,173880.0,101.3,0251VDS09500,호남선,0251,S,-1
r25-0,175880.0,99.3,0251VDS09300,호남선,0251,S,-1
r25-0,176780.0,98.4,0251VDS09200,호남선,0251,S,-1
r25-0,177480.0,97.71,0251VDS09100,호남선,0251,S,-1
r25-0,180210.0,95.43,0251VDS09000,호남선,0251,S,-1
r25-0,182620.0,92.99,0251VDS08706,호남선,0251,S,-1
r25-0,183610.0,92.0,0251VDS08703,호남선,0251,S,-1
r25-0,185020.0,90.61,0251VDS08701,호남선,0251,S,-1
r25-0,186660.0,88.6,0251VDS08500,호남선,0251,S,-1
r25-0,186860.0,88.36,0251VDS08501,호남선,0251,S,-1
r25-0,188770.0,86.51,0251VDS08400,호남선,0251,S,-1
r25-0,190370.0,84.9,0251VDS08300,호남선,0251,S,-1
r25-0,191480.0,83.8,0251VDS08200,호남선,0251,S,-1
r25-0,193590.0,81.7,0251VDS08000,호남선,0251,S,-1
r25-0,195700.0,79.6,0251VDS07800,호남선,0251,S,-1
r25-0,197820.0,77.5,0251VDS07600,호남선,0251,S,-1
r25-0,199920.0,75.4,0251VDS07400,호남선,0251,S,-1
r25-0,200630.0,74.74,0251VDS07300,호남선,0251,S,-1
r25-0,202200.0,73.1,0251VDS07100,호남선,0251,S,-1
r25-0,203200.0,72.06,0251VDS07000,호남선,0251,S,-1
r25-0,206480.0,68.8,0251VDS06700,호남선,0251,S,-1
r25-0,209080.0,66.21,0251VDS06500,호남선,0251,S,-1
r25-0,210080.0,65.2,0251VDS06400,호남선,0251,S,-1
r25-0,212400.0,62.87,0251VDS06200,호남선,0251,S,-1
r25-0,214400.0,60.9,0251VDS06000,호남선,0251,S,-1
r25-0,216520.0,58.8,0251VDS05800,호남선,0251,S,-1
r25-0,217330.0,57.95,0251VDS05700,호남선,0251,S,-1
r25-0,218530.0,56.75,0251VDS05600,호남선,0251,S,-1
r25-0,220430.0,54.9,0251VDS05400,호남선,0251,S,-1
r25-0,221540.0,53.8,0251VDS05300,호남선,0251,S,-1
r25-0,223440.0,51.94,0251VDS05100,호남선,0251,S,-1
r25-0,225850.0,49.5,0251VDS04900,호남선,0251,S,-1
r25-0,227160.0,48.23,0251VDS04800,호남선,0251,S,-1
r25-0,229660.0,45.7,0251VDS04600,호남선,0251,S,-1
r25-0,230660.0,44.7,0251VDS04500,호남선,0251,S,-1
r25-0,232570.0,42.82,0251VDS04300,호남선,0251,S,-1
r25-0,234770.0,40.6,0251VDS04100,호남선,0251,S,-1
r25-0,236680.0,38.7,0251VDS03900,호남선,0251,S,-1
r25-0,238480.0,36.9,0251VDS03700,호남선,0251,S,-1
r25-0,240890.0,34.5,0251VDS03500,호남선,0251,S,-1
r25-0,243500.0,31.86,0251VDS03300,호남선,0251,S,-1
r25-0,245100.0,30.3,0251VDS03100,호남선,0251,S,-1
r25-0,247010.0,28.44,0251VDS02900,호남선,0251,S,-1
r25-0,249830.0,25.6,0251VDS02700,호남선,0251,S,-1
r25-0,251730.0,23.69,0251VDS02500,호남선,0251,S,-1
r25-0,253640.0,21.8,0251VDS02300,호남선,0251,S,-1
r25-0,254440.0,21.02,0251VDS02200,호남선,0251,S,-1
r25-0,256350.0,19.1,0251VDS02000,호남선,0251,S,-1
r25-0,258360.0,17.1,0251VDS01800,호남선,0251,S,-1
r25-0,260270.0,15.2,0251VDS01600,호남선,0251,S,-1
r25-0,262470.0,13.0,0251VDS01400,호남선,0251,S,-1
r25-0,264080.0,11.39,0251VDS01300,호남선,0251,S,-1
r25-0,265490.0,9.99,0251VDS01200,호남선,0251,S,-1
r25-0,266390.0,9.1,0251VDS01000,호남선,0251,S,-1
r25-0,267200.0,8.3,0251VDS00900,호남선,0251,S,-1
r25-0,269000.0,6.5,0251VDS00700,호남선,0251,S,-1
r25-0,270110.0,5.4,0251VDS00600,호남선,0251,S,-1
r25-0,272210.0,3.3,0251VDS00400,호남선,0251,S,-1
r25-0,274720.0,0.8,0251VDS00200,호남선,0251,S,-1
r25-1,990.0,0.8,0251VDE00200,호남선,0251,E,1
r25-1,3500.0,3.3,0251VDE00400,호남선,0251,E,1
r25-1,5610.0,5.4,0251VDE00600,호남선,0251,E,1
r25-1,6720.0,6.5,0251VDE00700,호남선,0251,E,1
r25-1,8520.0,8.3,0251VDE00900,호남선,0251,E,1
r25-1,9330.0,9.1,0251VDE01000,호남선,0251,E,1
r25-1,10230.0,9.99,0251VDE01200,호남선,0251,E,1
r25-1,11630.0,11.39,0251VDE01300,호남선,0251,E,1
r25-1,13240.0,13.0,0251VDE01400,호남선,0251,E,1
r25-1,15450.0,15.2,0251VDE01600,호남선,0251,E,1
r25-1,17350.0,17.1,0251VDE01800,호남선,0251,E,1
r25-1,19360.0,19.1,0251VDE02000,호남선,0251,E,1
r25-1,21260.0,21.02,0251VDE02200,호남선,0251,E,1
r25-1,22070.0,21.8,0251VDE02300,호남선,0251,E,1
r25-1,23970.0,23.69,0251VDE02500,호남선,0251,E,1
r25-1,25880.0,25.6,0251VDE02700,호남선,0251,E,1
r25-1,28690.0,28.44,0251VDE02900,호남선,0251,E,1
r25-1,30590.0,30.3,0251VDE03100,호남선,0251,E,1
r25-1,32200.0,31.86,0251VDE03300,호남선,0251,E,1
r25-1,34810.0,34.5,0251VDE03500,호남선,0251,E,1
r25-1,37220.0,36.9,0251VDE03700,호남선,0251,E,1
r25-1,39020.0,38.7,0251VDE03900,호남선,0251,E,1
r25-1,40930.0,40.6,0251VDE04100,호남선,0251,E,1
r25-1,43140.0,42.82,0251VDE04300,호남선,0251,E,1
r25-1,45050.0,44.7,0251VDE04500,호남선,0251,E,1
r25-1,46050.0,45.7,0251VDE04600,호남선,0251,E,1
r25-1,48560.0,48.23,0251VDE04800,호남선,0251,E,1
r25-1,49860.0,49.5,0251VDE04900,호남선,0251,E,1
r25-1,52270.0,51.94,0251VDE05100,호남선,0251,E,1
r25-1,54180.0,53.8,0251VDE05300,호남선,0251,E,1
r25-1,55280.0,54.9,0251VDE05400,호남선,0251,E,1
r25-1,57190.0,56.75,0251VDE05600,호남선,0251,E,1
r25-1,58400.0,57.95,0251VDE05700,호남선,0251,E,1
r25-1,59200.0,58.8,0251VDE05800,호남선,0251,E,1
r25-1,61300.0,60.9,0251VDE06000,호남선,0251,E,1
r25-1,63320.0,62.87,0251VDE06200,호남선,0251,E,1
r25-1,65630.0,65.2,0251VDE06400,호남선,0251,E,1
r25-1,66630.0,66.21,0251VDE06500,호남선,0251,E,1
r25-1,69240.0,68.8,0251VDE06700,호남선,0251,E,1
r25-1,72530.0,72.06,0251VDE07000,호남선,0251,E,1
r25-1,73530.0,73.1,0251VDE07100,호남선,0251,E,1
r25-1,75090.0,74.74,0251VDE07300,호남선,0251,E,1
r25-1,75790.0,75.4,0251VDE07400,호남선,0251,E,1
r25-1,77900.0,77.5,0251VDE07600,호남선,0251,E,1
r25-1,80010.0,79.6,0251VDE07800,호남선,0251,E,1
r25-1,82110.0,81.7,0251VDE08000,호남선,0251,E,1
r25-1,84220.0,83.8,0251VDE08200,호남선,0251,E,1
r25-1,85320.0,84.9,0251VDE08300,호남선,0251,E,1
r25-1,86930.0,86.51,0251VDE08400,호남선,0251,E,1
r25-1,89040.0,88.6,0251VDE08500,호남선,0251,E,1
r25-1,89140.0,88.67,0251VDE08601,호남선,0251,E,1
r25-1,90680.0,90.61,0251VDE08701,호남선,0251,E,1
r25-1,92560.0,92.5,0251VDE08704,호남선,0251,E,1
r25-1,93060.0,92.99,0251VDE08706,호남선,0251,E,1
r25-1,95470.0,95.43,0251VDE09000,호남선,0251,E,1
r25-1,98190.0,97.71,0251VDE09100,호남선,0251,E,1
r25-1,98890.0,98.4,0251VDE09200,호남선,0251,E,1
r25-1,99790.0,99.3,0251VDE09300,호남선,0251,E,1
r25-1,101790.0,101.3,0251VDE09500,호남선,0251,E,1
r25-1,103490.0,103.1,0251VDE09700,호남선,0251,E,1
r25-1,104490.0,104.1,0251VDE09800,호남선,0251,E,1
r25-1,106100.0,105.7,0251VDE10000,호남선,0251,E,1
r25-1,108490.0,108.1,0251VDE10200,호남선,0251,E,1
r25-1,111080.0,110.7,0251VDE10400,호남선,0251,E,1
r25-1,114930.0,114.6,0251VDE10700,호남선,0251,E,1
r25-1,117440.0,117.1,0251VDE10800,호남선,0251,E,1
r25-1,118440.0,118.1,0251VDE10900,호남선,0251,E,1
r25-1,122720.0,122.4,0251VDE11200,호남선,0251,E,1
r25-1,124740.0,124.4,0251VDE11400,호남선,0251,E,1
r25-1,125740.0,125.4,0251VDE11500,호남선,0251,E,1
r25-1,126640.0,126.3,0251VDE11600,호남선,0251,E,1
r25-1,127640.0,127.3,0251VDE11700,호남선,0251,E,1
r25-1,129640.0,129.3,0251VDE11900,호남선,0251,E,1
r25-1,130540.0,130.2,0251VDE12000,호남선,0251,E,1
r25-1,132440.0,132.1,0251VDE12200,호남선,0251,E,1
r25-1,139650.0,139.3,0251VDE12600,호남선,0251,E,1
r25-1,141450.0,141.1,0251VDE12800,호남선,0251,E,1
r25-1,144460.0,144.1,0251VDE13100,호남선,0251,E,1
r25-1,147350.0,147.0,0251VDE13400,호남선,0251,E,1
r25-1,149360.0,149.0,0251VDE13600,호남선,0251,E,1
r25-1,150460.0,150.1,0251VDE13700,호남선,0251,E,1
r25-1,154960.0,154.6,0251VDE14200,호남선,0251,E,1
r25-1,158260.0,157.9,0251VDE14500,호남선,0251,E,1
r25-1,160260.0,159.9,0251VDE14700,호남선,0251,E,1
r25-1,162170.0,161.8,0251VDE14900,호남선,0251,E,1
r25-1,164270.0,163.9,0251VDE15100,호남선,0251,E,1
r25-1,166070.0,165.7,0251VDE15300,호남선,0251,E,1
r25-1,168070.0,167.7,0251VDE15500,호남선,0251,E,1
r25-1,168870.0,168.5,0251VDE15600,호남선,0251,E,1
r25-1,170270.0,169.9,0251VDE15700,호남선,0251,E,1
r25-1,172180.0,171.8,0251VDE16000,호남선,0251,E,1
r25-1,175740.0,175.4,0251VDE16110,호남선,0251,E,1
r25-1,175740.0,175.4,0251VDE16115,호남선,0251,E,1
r25-1,175940.0,175.6,0251VDE16121,호남선,0251,E,1
r25-1,176940.0,176.6,0251VDE16240,호남선,0251,E,1
r25-1,177440.0,177.1,0251VDE16130,호남선,0251,E,1
r25-1,178240.0,177.9,0251VDE16210,호남선,0251,E,1
r25-1,178640.0,178.3,0251VDE16220,호남선,0251,E,1
r25-1,179840.0,179.5,0251VDE17951,호남선,0251,E,1
r25-1,180140.0,179.8,0251VDE16610,호남선,0251,E,1
r25-1,181440.0,181.1,0251VDE16720,호남선,0251,E,1
r25-1,182140.0,181.8,0251VDE16710,호남선,0251,E,1
r25-1,182930.0,182.6,0251VDE16810,호남선,0251,E,1
r25-1,184240.0,183.9,0251VDE17010,호남선,0251,E,1
r25-1,184240.0,183.9,0251VDE17015,호남선,0251,E,1
r25-1,184440.0,184.1,0251VDE17020,호남선,0251,E,1
r25-1,185340.0,185.0,0251VDE17300,호남선,0251,E,1
r25-1,186150.0,185.8,0251VDE17400,호남선,0251,E,1
r25-1,187140.0,186.8,0251VDE17500,호남선,0251,E,1
r25-1,188240.0,187.9,0251VDE17550,호남선,0251,E,1
r25-1,189240.0,188.9,0251VDE17600,호남선,0251,E,1
r25-1,190140.0,189.8,0251VDE17700,호남선,0251,E,1
r25-1,191040.0,190.7,0251VDE17800,호남선,0251,E,1
r25-1,192040.0,191.7,0251VDE17900,호남선,0251,E,1
r25-1,192940.0,192.6,0251VDE18000,호남선,0251,E,1
r25-1,193740.0,193.4,0251VDE18100,호남선,0251,E,1
r27-0,0.0,117.4,0270VDS06760,순천완주선,0270,S,-1
r27-0,0.0,117.4,0270VDS06730,순천완주선,0270,S,-1
r27-0,1810.0,115.6,0270VDS06550,순천완주선,0270,S,-1
r27-0,3110.0,114.3,0270VDS06500,순천완주선,0270,S,-1
r27-0,4010.0,113.4,0270VDS06450,순천완주선,0270,S,-1
r27-0,4010.0,113.4,0270VDS06400,순천완주선,0270,S,-1
r27-0,4200.0,113.2,0270VDS06300,순천완주선,0270,S,-1
r27-0,5900.0,111.5,0270VDS05743,순천완주선,0270,S,-1
r27-0,7290.0,110.1,0270VDS05741,순천완주선,0270,S,-1
r27-0,8200.0,109.18,0270VDS05739,순천완주선,0270,S,-1
r27-0,10200.0,107.2,0270VDS06150,순천완주선,0270,S,-1
r27-0,13600.0,103.8,0270VDS06000,순천완주선,0270,S,-1
r27-0,14290.0,103.1,0270VDS05900,순천완주선,0270,S,-1
r27-0,14700.0,102.7,0270VDS05800,순천완주선,0270,S,-1
r27-0,14700.0,102.7,0270VDS05850,순천완주선,0270,S,-1
r27-0,17310.0,100.1,0270VDS05731,순천완주선,0270,S,-1
r27-0,19390.0,98.0,0270VDS05727,순천완주선,0270,S,-1
r27-0,22290.0,95.1,0270VDS05720,순천완주선,0270,S,-1
r27-0,25300.0,92.1,0270VDS05500,순천완주선,0270,S,-1
r27-0,27000.0,90.4,0270VDS05400,순천완주선,0270,S,-1
r27-0,27790.0,89.6,0270VDS05300,순천완주선,0270,S,-1
r27-0,29880.0,87.5,0270VDS05150,순천완주선,0270,S,-1
r27-0,30880.0,86.5,0270VDS05100,순천완주선,0270,S,-1
r27-0,31680.0,85.7,0270VDS05000,순천완주선,0270,S,-1
r27-0,31680.0,85.7,0270VDS05050,순천완주선,0270,S,-1
r27-0,32080.0,85.3,0270VDS04900,순천완주선,0270,S,-1
r27-0,33380.0,84.0,0270VDS04700,순천완주선,0270,S,-1
r27-0,34380.0,83.0,0270VDS04670,순천완주선,0270,S,-1
r27-0,35480.0,81.9,0270VDS04600,순천완주선,0270,S,-1
r27-0,37280.0,80.1,0270VDS04400,순천완주선,0270,S,-1
r27-0,38980.0,78.4,0270VDS04200,순천완주선,0270,S,-1
r27-0,41280.0,76.1,0270VDS04000,순천완주선,0270,S,-1
r27-0,41580.0,75.8,0270VDS03900,순천완주선,0270,S,-1
r27-0,41580.0,75.8,0270VDS03950,순천완주선,0270,S,-1
r27-0,43180.0,74.2,0270VDS03700,순천완주선,0270,S,-1
r27-0,45390.0,72.0,0270VDS03600,순천완주선,0270,S,-1
r27-0,46980.0,70.39,0270VDS03514,순천완주선,0270,S,-1
r27-0,48280.0,69.11,0270VDS03511,순천완주선,0270,S,-1
r27-0,50590.0,66.8,0270VDS03508,순천완주선,0270,S,-1
r27-0,51880.0,65.53,0270VDS03505,순천완주선,0270,S,-1
r27-0,53160.0,64.18,0270VDS03501,순천완주선,0270,S,-1
r27-0,54960.0,62.4,0270VDS03400,순천완주선,0270,S,-1
r27-0,55460.0,61.9,0270VDS03350,순천완주선,0270,S,-1
r27-0,55460.0,61.9,0270VDS03300,순천완주선,0270,S,-1
r27-0,56460.0,60.9,0270VDS03240,순천완주선,0270,S,-1
r27-0,57360.0,60.0,0270VDS03200,순천완주선,0270,S,-1
r27-0,58760.0,58.6,0270VDS03000,순천완주선,0270,S,-1
r27-0,59260.0,58.1,0270VDS02900,순천완주선,0270,S,-1
r27-0,59260.0,58.1,0270VDS02950,순천완주선,0270,S,-1
r27-0,60960.0,56.4,0270VDS02800,순천완주선,0270,S,-1
r27-0,61860.0,55.5,0270VDS02750,순천완주선,0270,S,-1
r27-0,63060.0,54.3,0270VDS02700,순천완주선,0270,S,-1
r27-0,64960.0,52.4,0270VDS02500,순천완주선,0270,S,-1
r27-0,64960.0,52.4,0270VDS02550,순천완주선,0270,S,-1
r27-0,64960.0,52.4,0270VDS02580,순천완주선,0270,S,-1
r27-0,66960.0,50.4,0270VDS02200,순천완주선,0270,S,-1
r27-0,68560.0,48.8,0270VDS02000,순천완주선,0270,S,-1
r27-0,69660.0,47.7,0270VDS01980,순천완주선,0270,S,-1
r27-0,70560.0,46.76,0270VDS01917,순천완주선,0270,S,-1
r27-0,72950.0,44.36,0270VDS01911,순천완주선,0270,S,-1
r27-0,74550.0,42.8,0270VDS01908,순천완주선,0270,S,-1
r27-0,77340.0,40.0,0270VDS01901,순천완주선,0270,S,-1
r27-0,79440.0,37.9,0270VDS01860,순천완주선,0270,S,-1
r27-0,79440.0,37.9,0270VDS01800,순천완주선,0270,S,-1
r27-0,79440.0,37.9,0270VDS01830,순천완주선,0270,S,-1
r27-0,81440.0,35.9,0270VDS01500,순천완주선,0270,S,-1
r27-0,83740.0,33.56,0270VDS01461,순천완주선,0270,S,-1
r27-0,85430.0,31.9,0270VDS01450,순천완주선,0270,S,-1
r27-0,87230.0,30.06,0270VDS01458,순천완주선,0270,S,-1
r27-0,88120.0,29.16,0270VDS01455,순천완주선,0270,S,-1
r27-0,89220.0,28.07,0270VDS01451,순천완주선,0270,S,-1
r27-0,91840.0,25.5,0270VDS01200,순천완주선,0270,S,-1
r27-0,92340.0,25.0,0270VDS01150,순천완주선,0270,S,-1
r27-0,92340.0,25.0,0270VDS01100,순천완주선,0270,S,-1
r27-0,94140.0,23.2,0270VDS00800,순천완주선,0270,S,-1
r27-0,96140.0,21.2,0270VDS00700,순천완주선,0270,S,-1
r27-0,98150.0,19.19,0270VDS00629,순천완주선,0270,S,-1
r27-0,99650.0,17.69,0270VDS00625,순천완주선,0270,S,-1
r27-0,101260.0,16.07,0270VDS00622,순천완주선,0270,S,-1
r27-0,102950.0,14.36,0270VDS00618,순천완주선,0270,S,-1
r27-0,103640.0,13.7,0270VDS00615,순천완주선,0270,S,-1
r27-0,105930.0,11.4,0270VDS00609,순천완주선,0270,S,-1
r27-0,108040.0,9.3,0270VDS00604,순천완주선,0270,S,-1
r27-0,109340.0,8.0,0270VDS00601,순천완주선,0270,S,-1
r27-0,111240.0,6.1,0270VDS00500,순천완주선,0270,S,-1
r27-0,111240.0,6.1,0270VDS00550,순천완주선,0270,S,-1
r27-0,111640.0,5.7,0270VDS00400,순천완주선,0270,S,-1
r27-0,112230.0,5.1,0270VDS00350,순천완주선,0270,S,-1
r27-0,112230.0,5.1,0270VDS00300,순천완주선,0270,S,-1
r27-0,113030.0,4.3,0270VDS00270,순천완주선,0270,S,-1
r27-0,114820.0,2.5,0270VDS00200,순천완주선,0270,S,-1
r27-0,116220.0,1.1,0270VDS00100,순천완주선,0270,S,-1
r27-1,510.0,1.1,0270VDE00100,순천완주선,0270,E,1
r27-1,1920.0,2.5,0270VDE00200,순천완주선,0270,E,1
r27-1,3720.0,4.3,0270VDE00270,순천완주선,0270,E,1
r27-1,5120.0,5.7,0270VDE00400,순천완주선,0270,E,1
r27-1,7410.0,8.0,0270VDE00601,순천완주선,0270,E,1
r27-1,8910.0,9.5,0270VDE00605,순천완주선,0270,E,1
r27-1,10610.0,11.2,0270VDE00608,순천완주선,0270,E,1
r27-1,12610.0,13.2,0270VDE00614,순천완주선,0270,E,1
r27-1,13310.0,13.86,0270VDE00616,순천완주선,0270,E,1
r27-1,15020.0,15.57,0270VDE00621,순천완주선,0270,E,1
r27-1,17110.0,17.69,0270VDE00625,순천완주선,0270,E,1
r27-1,18610.0,19.19,0270VDE00630,순천완주선,0270,E,1
r27-1,20610.0,21.2,0270VDE00700,순천완주선,0270,E,1
r27-1,22610.0,23.2,0270VDE00800,순천완주선,0270,E,1
r27-1,24210.0,24.8,0270VDE01000,순천완주선,0270,E,1
r27-1,24410.0,25.0,0270VDE01100,순천완주선,0270,E,1
r27-1,24510.0,25.1,0270VDE01300,순천완주선,0270,E,1
r27-1,27500.0,28.07,0270VDE01451,순천완주선,0270,E,1
r27-1,28400.0,28.95,0270VDE01456,순천완주선,0270,E,1
r27-1,29500.0,30.06,0270VDE01458,순천완주선,0270,E,1
r27-1,31300.0,31.9,0270VDE01450,순천완주선,0270,E,1
r27-1,33500.0,34.06,0270VDE01462,순천완주선,0270,E,1
r27-1,35300.0,35.9,0270VDE01500,순천완주선,0270,E,1
r27-1,36800.0,37.4,0270VDE01700,순천완주선,0270,E,1
r27-1,37300.0,37.9,0270VDE01800,순천완주선,0270,E,1
r27-1,37300.0,37.9,0270VDE01830,순천완주선,0270,E,1
r27-1,39390.0,40.0,0270VDE01901,순천완주선,0270,E,1
r27-1,42200.0,42.8,0270VDE01908,순천완주선,0270,E,1
r27-1,43790.0,44.36,0270VDE01912,순천완주선,0270,E,1
r27-1,46190.0,46.76,0270VDE01917,순천완주선,0270,E,1
r27-1,47090.0,47.7,0270VDE01980,순천완주선,0270,E,1
r27-1,48190.0,48.8,0270VDE02000,순천완주선,0270,E,1
r27-1,49790.0,50.4,0270VDE02200,순천완주선,0270,E,1
r27-1,51490.0,52.1,0270VDE02400,순천완주선,0270,E,1
r27-1,51790.0,52.4,0270VDE02550,순천완주선,0270,E,1
r27-1,51790.0,52.4,0270VDE02500,순천완주선,0270,E,1
r27-1,53690.0,54.3,0270VDE02700,순천완주선,0270,E,1
r27-1,54890.0,55.5,0270VDE02750,순천완주선,0270,E,1
r27-1,55790.0,56.4,0270VDE02800,순천완주선,0270,E,1
r27-1,57490.0,58.1,0270VDE02900,순천완주선,0270,E,1
r27-1,57490.0,58.1,0270VDE02950,순천완주선,0270,E,1
r27-1,57990.0,58.6,0270VDE03000,순천완주선,0270,E,1
r27-1,59390.0,60.0,0270VDE03200,순천완주선,0270,E,1
r27-1,60280.0,60.9,0270VDE03240,순천완주선,0270,E,1
r27-1,61280.0,61.9,0270VDE03300,순천완주선,0270,E,1
r27-1,61280.0,61.9,0270VDE03350,순천완주선,0270,E,1
r27-1,61780.0,62.4,0270VDE03400,순천완주선,0270,E,1
r27-1,63580.0,64.18,0270VDE03501,순천완주선,0270,E,1
r27-1,64780.0,65.43,0270VDE03504,순천완주선,0270,E,1
r27-1,66180.0,66.8,0270VDE03508,순천완주선,0270,E,1
r27-1,68080.0,68.72,0270VDE03510,순천완주선,0270,E,1
r27-1,70180.0,70.82,0270VDE03515,순천완주선,0270,E,1
r27-1,71380.0,72.0,0270VDE03600,순천완주선,0270,E,1
r27-1,73570.0,74.2,0270VDE03700,순천완주선,0270,E,1
r27-1,75170.0,75.8,0270VDE03950,순천완주선,0270,E,1
r27-1,75170.0,75.8,0270VDE03900,순천완주선,0270,E,1
r27-1,75470.0,76.1,0270VDE04000,순천완주선,0270,E,1
r27-1,77780.0,78.4,0270VDE04200,순천완주선,0270,E,1
r27-1,79470.0,80.1,0270VDE04400,순천완주선,0270,E,1
r27-1,81270.0,81.9,0270VDE04600,순천완주선,0270,E,1
r27-1,82370.0,83.0,0270VDE04670,순천완주선,0270,E,1
r27-1,83380.0,84.0,0270VDE04700,순천완주선,0270,E,1
r27-1,85080.0,85.7,0270VDE05000,순천완주선,0270,E,1
r27-1,85080.0,85.7,0270VDE05070,순천완주선,0270,E,1
r27-1,85080.0,85.7,0270VDE05050,순천완주선,0270,E,1
r27-1,85870.0,86.5,0270VDE05100,순천완주선,0270,E,1
r27-1,86870.0,87.5,0270VDE05150,순천완주선,0270,E,1
r27-1,88970.0,89.6,0270VDE05300,순천완주선,0270,E,1
r27-1,89780.0,90.4,0270VDE05400,순천완주선,0270,E,1
r27-1,91470.0,92.1,0270VDE05500,순천완주선,0270,E,1
r27-1,94470.0,95.1,0270VDE05721,순천완주선,0270,E,1
r27-1,97070.0,97.7,0270VDE05726,순천완주선,0270,E,1
r27-1,99470.0,100.1,0270VDE05732,순천완주선,0270,E,1
r27-1,102060.0,102.7,0270VDE05800,순천완주선,0270,E,1
r27-1,102060.0,102.7,0270VDE05850,순천완주선,0270,E,1
r27-1,102460.0,103.1,0270VDE05900,순천완주선,0270,E,1
r27-1,103160.0,103.8,0270VDE06000,순천완주선,0270,E,1
r27-1,106550.0,107.2,0270VDE06150,순천완주선,0270,E,1
r27-1,108260.0,108.9,0270VDE05738,순천완주선,0270,E,1
r27-1,110850.0,111.5,0270VDE05743,순천완주선,0270,E,1
r27-1,112550.0,113.2,0270VDE06300,순천완주선,0270,E,1
r27-1,112750.0,113.4,0270VDE06450,순천완주선,0270,E,1
r27-1,112750.0,113.4,0270VDE06400,순천완주선,0270,E,1
r27-1,113650.0,114.3,0270VDE06500,순천완주선,0270,E,1
r27-1,114950.0,115.6,0270VDE06550,순천완주선,0270,E,1
r27-1,116670.0,117.4,0270VDE06730,순천완주선,0270,E,1
r27-1,116670.0,117.4,0270VDE06760,순천완주선,0270,E,1
r30-0,2580.0,188.8,0300VDS13900,청주영덕선,0300,S,-1
r30-0,4250.0,187.2,0300VDS13500,청주영덕선,0300,S,-1
r30-0,5580.0,185.8,0300VDS13700,청주영덕선,0300,S,-1
r30-0,7560.0,183.8,0300VDS13300,청주영덕선,0300,S,-1
r30-0,9260.0,182.1,0300VDS13200,청주영덕선,0300,S,-1
r30-0,10970.0,180.4,0300VDS13000,청주영덕선,0300,S,-1
r30-0,12880.0,178.5,0300VDS12800,청주영덕선,0300,S,-1
r30-0,14870.0,176.5,0300VDS12700,청주영덕선,0300,S,-1
r30-0,16850.0,174.5,0300VDS12600,청주영덕선,0300,S,-1
r30-0,19060.0,172.3,0300VDS12900,청주영덕선,0300,S,-1
r30-0,21070.0,170.3,0300VDS12500,청주영덕선,0300,S,-1
r30-0,22880.0,168.5,0300VDS12400,청주영덕선,0300,S,-1
r30-0,25270.0,166.1,0300VDS12300,청주영덕선,0300,S,-1
r30-0,26870.0,164.5,0300VDS12200,청주영덕선,0300,S,-1
r30-0,29240.0,162.2,0300VDS12100,청주영덕선,0300,S,-1
r30-0,31240.0,160.2,0300VDS11900,청주영덕선,0300,S,-1
r30-0,33070.0,158.3,0300VDS11600,청주영덕선,0300,S,-1
r30-0,34980.0,156.4,0300VDS11500,청주영덕선,0300,S,-1
r30-0,36580.0,154.8,0300VDS11400,청주영덕선,0300,S,-1
r30-0,38370.0,153.0,0300VDS11300,청주영덕선,0300,S,-1
r30-0,39880.0,151.5,0300VDS10900,청주영덕선,0300,S,-1
r30-0,41380.0,150.0,0300VDS11000,청주영덕선,0300,S,-1
r30-0,43370.0,148.0,0300VDS10700,청주영덕선,0300,S,-1
r30-0,45070.0,146.3,0300VDS10600,청주영덕선,0300,S,-1
r30-0,46370.0,145.0,0300VDS11200,청주영덕선,0300,S,-1
r30-0,48480.0,142.9,0300VDS10500,청주영덕선,0300,S,-1
r30-0,50080.0,141.3,0300VDS10400,청주영덕선,0300,S,-1
r30-0,51980.0,139.4,0300VDS10300,청주영덕선,0300,S,-1
r30-0,53880.0,137.5,0300VDS10200,청주영덕선,0300,S,-1
r30-0,56090.0,135.3,0300VDS10100,청주영덕선,0300,S,-1
r30-0,58490.0,132.9,0300VDS10000,청주영덕선,0300,S,-1
r30-0,60090.0,131.3,0300VDS09900,청주영덕선,0300,S,-1
r30-0,62390.0,129.0,0300VDS09800,청주영덕선,0300,S,-1
r30-0,64480.0,126.9,0300VDS09700,청주영덕선,0300,S,-1
r30-0,66390.0,125.0,0300VDS09400,청주영덕선,0300,S,-1
r30-0,68490.0,122.9,0300VDS09300,청주영덕선,0300,S,-1
r30-0,70590.0,120.8,0300VDS09500,청주영덕선,0300,S,-1
r30-0,72370.0,119.0,0300VDS09200,청주영덕선,0300,S,-1
r30-0,73670.0,117.7,0300VDS09100,청주영덕선,0300,S,-1
r30-0,75480.0,115.9,0300VDS09000,청주영덕선,0300,S,-1
r30-0,77300.0,114.1,0300VDS08900,청주영덕선,0300,S,-1
r30-0,79300.0,112.1,0300VDS08700,청주영덕선,0300,S,-1
r30-0,81180.0,110.2,0300VDS08600,청주영덕선,0300,S,-1
r30-0,82790.0,108.6,0300VDS08400,청주영덕선,0300,S,-1
r30-0,84790.0,106.6,0300VDS08200,청주영덕선,0300,S,-1
r30-0,86490.0,104.9,0300VDS08000,청주영덕선,0300,S,-1
r30-0,89070.0,102.3,0300VDS07900,청주영덕선,0300,S,-1
r30-0,91170.0,100.2,0300VDS08300,청주영덕선,0300,S,-1
r30-0,93290.0,98.1,0300VDS07700,청주영덕선,0300,S,-1
r30-0,95290.0,96.1,0300VDS07600,청주영덕선,0300,S,-1
r30-0,97070.0,94.3,0300VDS07500,청주영덕선,0300,S,-1
r30-0,99970.0,91.4,0300VDS07800,청주영덕선,0300,S,-1
r30-0,102290.0,89.1,0300VDS07400,청주영덕선,0300,S,-1
r30-0,104150.0,87.2,0300VDS07300,청주영덕선,0300,S,-1
r30-0,106280.0,85.1,0300VDS07200,청주영덕선,0300,S,-1
r30-0,109390.0,82.0,0300VDS07150,청주영덕선,0300,S,-1
r30-0,112180.0,79.2,0300VDS07100,청주영덕선,0300,S,-1
r30-0,114080.0,77.3,0300VDS06900,청주영덕선,0300,S,-1
r30-0,115080.0,76.3,0300VDS06800,청주영덕선,0300,S,-1
r30-0,117080.0,74.3,0300VDS06600,청주영덕선,0300,S,-1
r30-0,119290.0,72.1,0300VDS06400,청주영덕선,0300,S,-1
r30-0,121480.0,69.9,0300VDS06200,청주영덕선,0300,S,-1
r30-0,123880.0,67.52,0300VDS06007,청주영덕선,0300,S,-1
r30-0,124680.0,66.72,0300VDS06005,청주영덕선,0300,S,-1
r30-0,126380.0,65.0,0300VDS06001,청주영덕선,0300,S,-1
r30-0,127380.0,64.0,0300VDS06000,청주영덕선,0300,S,-1
r30-0,129870.0,61.5,0300VDS05800,청주영덕선,0300,S,-1
r30-0,131670.0,59.7,0300VDS05600,청주영덕선,0300,S,-1
r30-0,133770.0,57.6,0300VDS05400,청주영덕선,0300,S,-1
r30-0,135870.0,55.5,0300VDS05200,청주영덕선,0300,S,-1
r30-0,137770.0,53.6,0300VDS05000,청주영덕선,0300,S,-1
r30-0,139770.0,51.6,0300VDS04800,청주영덕선,0300,S,-1
r30-0,141650.0,49.7,0300VDS04600,청주영덕선,0300,S,-1
r30-0,143750.0,47.6,0300VDS04400,청주영덕선,0300,S,-1
r30-0,145650.0,45.7,0300VDS04200,청주영덕선,0300,S,-1
r30-0,146850.0,44.5,0300VDS04100,청주영덕선,0300,S,-1
r30-0,148650.0,42.7,0300VDS03900,청주영덕선,0300,S,-1
r30-0,150550.0,40.8,0300VDS03700,청주영덕선,0300,S,-1
r30-0,152550.0,38.8,0300VDS03500,청주영덕선,0300,S,-1
r30-0,154350.0,37.0,0300VDS03300,청주영덕선,0300,S,-1
r30-0,156450.0,34.9,0300VDS03100,청주영덕선,0300,S,-1
r30-0,158550.0,32.8,0300VDS02900,청주영덕선,0300,S,-1
r30-0,160550.0,30.8,0300VDS02700,청주영덕선,0300,S,-1
r30-0,162340.0,29.0,0300VDS02500,청주영덕선,0300,S,-1
r30-0,164240.0,27.1,0300VDS02300,청주영덕선,0300,S,-1
r30-0,166850.0,24.5,0300VDS02100,청주영덕선,0300,S,-1
r30-0,168440.0,22.9,0300VDS01900,청주영덕선,0300,S,-1
r30-0,169440.0,21.9,0300VDS01800,청주영덕선,0300,S,-1
r30-0,171430.0,19.9,0300VDS01600,청주영덕선,0300,S,-1
r30-0,173430.0,17.9,0300VDS01400,청주영덕선,0300,S,-1
r30-0,175630.0,15.7,0300VDS01210,청주영덕선,0300,S,-1
r30-0,177860.0,13.5,0300VDS01204,청주영덕선,0300,S,-1
r30-0,180050.0,11.3,0300VDS01200,청주영덕선,0300,S,-1
r30-0,182060.0,9.3,0300VDS01000,청주영덕선,0300,S,-1
r30-0,184050.0,7.3,0300VDS00800,청주영덕선,0300,S,-1
r30-0,186150.0,5.2,0300VDS00600,청주영덕선,0300,S,-1
r30-0,187350.0,4.0,0300VDS00500,청주영덕선,0300,S,-1
r30-0,189150.0,2.2,0300VDS00300,청주영덕선,0300,S,-1
r30-0,190860.0,0.5,0300VDS00100,청주영덕선,0300,S,-1
r30-0,190860.0,0.5,0300VDS23010,청주영덕선,0300,S,-1
r30-0,190860.0,0.5,0300VDS23020,청주영덕선,0300,S,-1
r30-1,0.0,0.5,0300VDE00100,청주영덕선,0300,E,1
r30-1,0.0,0.5,0300VDE23010,청주영덕선,0300,E,1
r30-1,0.0,0.5,0300VDE23020,청주영덕선,0300,E,1
r30-1,1630.0,2.2,0300VDE00300,청주영덕선,0300,E,1
r30-1,3430.0,4.0,0300VDE00500,청주영덕선,0300,E,1
r30-1,4630.0,5.2,0300VDE00600,청주영덕선,0300,E,1
r30-1,6720.0,7.3,0300VDE00800,청주영덕선,0300,E,1
r30-1,8730.0,9.3,0300VDE01000,청주영덕선,0300,E,1
r30-1,10730.0,11.3,0300VDE01200,청주영덕선,0300,E,1
r30-1,12930.0,13.5,0300VDE01204,청주영덕선,0300,E,1
r30-1,15140.0,15.7,0300VDE01210,청주영덕선,0300,E,1
r30-1,17330.0,17.9,0300VDE01400,청주영덕선,0300,E,1
r30-1,19330.0,19.9,0300VDE01600,청주영덕선,0300,E,1
r30-1,21340.0,21.9,0300VDE01800,청주영덕선,0300,E,1
r30-1,22340.0,22.9,0300VDE01900,청주영덕선,0300,E,1
r30-1,23930.0,24.5,0300VDE02100,청주영덕선,0300,E,1
r30-1,26530.0,27.1,0300VDE02300,청주영덕선,0300,E,1
r30-1,28430.0,29.0,0300VDE02500,청주영덕선,0300,E,1
r30-1,30230.0,30.8,0300VDE02700,청주영덕선,0300,E,1
r30-1,32230.0,32.8,0300VDE02900,청주영덕선,0300,E,1
r30-1,34330.0,34.9,0300VDE03100,청주영덕선,0300,E,1
r30-1,36430.0,37.0,0300VDE03300,청주영덕선,0300,E,1
r30-1,38230.0,38.8,0300VDE03500,청주영덕선,0300,E,1
r30-1,40230.0,40.8,0300VDE03700,청주영덕선,0300,E,1
r30-1,42130.0,42.7,0300VDE03900,청주영덕선,0300,E,1
r30-1,43930.0,44.5,0300VDE04100,청주영덕선,0300,E,1
r30-1,45130.0,45.7,0300VDE04200,청주영덕선,0300,E,1
r30-1,47020.0,47.6,0300VDE04400,청주영덕선,0300,E,1
r30-1,49120.0,49.7,0300VDE04600,청주영덕선,0300,E,1
r30-1,51010.0,51.6,0300VDE04800,청주영덕선,0300,E,1
r30-1,53010.0,53.6,0300VDE05000,청주영덕선,0300,E,1
r30-1,54910.0,55.5,0300VDE05200,청주영덕선,0300,E,1
r30-1,57000.0,57.6,0300VDE05400,청주영덕선,0300,E,1
r30-1,59100.0,59.7,0300VDE05600,청주영덕선,0300,E,1
r30-1,60900.0,61.5,0300VDE05800,청주영덕선,0300,E,1
r30-1,63390.0,64.0,0300VDE06000,청주영덕선,0300,E,1
r30-1,64390.0,65.0,0300VDE06001,청주영덕선,0300,E,1
r30-1,65990.0,66.6,0300VDE06005,청주영덕선,0300,E,1
r30-1,66790.0,67.4,0300VDE06007,청주영덕선,0300,E,1
r30-1,69290.0,69.9,0300VDE06200,청주영덕선,0300,E,1
r30-1,71500.0,72.1,0300VDE06400,청주영덕선,0300,E,1
r30-1,73700.0,74.3,0300VDE06600,청주영덕선,0300,E,1
r30-1,75690.0,76.3,0300VDE06800,청주영덕선,0300,E,1
r30-1,76690.0,77.3,0300VDE06900,청주영덕선,0300,E,1
r30-1,78590.0,79.2,0300VDE07100,청주영덕선,0300,E,1
r30-1,81400.0,82.0,0300VDE07150,청주영덕선,0300,E,1
r30-1,84520.0,85.1,0300VDE07200,청주영덕선,0300,E,1
r30-1,86650.0,87.2,0300VDE07300,청주영덕선,0300,E,1
r30-1,88530.0,89.1,0300VDE07400,청주영덕선,0300,E,1
r30-1,90850.0,91.4,0300VDE07800,청주영덕선,0300,E,1
r30-1,93750.0,94.3,0300VDE07500,청주영덕선,0300,E,1
r30-1,95520.0,96.1,0300VDE07600,청주영덕선,0300,E,1
r30-1,97520.0,98.1,0300VDE07700,청주영덕선,0300,E,1
r30-1,99640.0,100.2,0300VDE08300,청주영덕선,0300,E,1
r30-1,101740.0,102.3,0300VDE07900,청주영덕선,0300,E,1
r30-1,104340.0,104.9,0300VDE08000,청주영덕선,0300,E,1
r30-1,105840.0,106.4,0300VDE08100,청주영덕선,0300,E,1
r30-1,108020.0,108.6,0300VDE08500,청주영덕선,0300,E,1
r30-1,109640.0,110.2,0300VDE08600,청주영덕선,0300,E,1
r30-1,111520.0,112.1,0300VDE08700,청주영덕선,0300,E,1
r30-1,113520.0,114.1,0300VDE08800,청주영덕선,0300,E,1
r30-1,115320.0,115.9,0300VDE09000,청주영덕선,0300,E,1
r30-1,117120.0,117.7,0300VDE09100,청주영덕선,0300,E,1
r30-1,118420.0,119.0,0300VDE09200,청주영덕선,0300,E,1
r30-1,120220.0,120.8,0300VDE09500,청주영덕선,0300,E,1
r30-1,122320.0,122.9,0300VDE09300,청주영덕선,0300,E,1
r30-1,124420.0,125.0,0300VDE09400,청주영덕선,0300,E,1
r30-1,126220.0,126.8,0300VDE09600,청주영덕선,0300,E,1
r30-1,128420.0,129.0,0300VDE09800,청주영덕선,0300,E,1
r30-1,130710.0,131.3,0300VDE09900,청주영덕선,0300,E,1
r30-1,132320.0,132.9,0300VDE10000,청주영덕선,0300,E,1
r30-1,134720.0,135.3,0300VDE10100,청주영덕선,0300,E,1
r30-1,136910.0,137.5,0300VDE10200,청주영덕선,0300,E,1
r30-1,138810.0,139.4,0300VDE10300,청주영덕선,0300,E,1
r30-1,140710.0,141.3,0300VDE10400,청주영덕선,0300,E,1
r30-1,142320.0,142.9,0300VDE10500,청주영덕선,0300,E,1
r30-1,144410.0,145.0,0300VDE11200,청주영덕선,0300,E,1
r30-1,145710.0,146.3,0300VDE10600,청주영덕선,0300,E,1
r30-1,147410.0,148.0,0300VDE10700,청주영덕선,0300,E,1
r30-1,149060.0,149.7,0300VDE10800,청주영덕선,0300,E,1
r30-1,151060.0,151.7,0300VDE11100,청주영덕선,0300,E,1
r30-1,152410.0,153.0,0300VDE11300,청주영덕선,0300,E,1
r30-1,154210.0,154.8,0300VDE11400,청주영덕선,0300,E,1
r30-1,155810.0,156.4,0300VDE11500,청주영덕선,0300,E,1
r30-1,157710.0,158.3,0300VDE11700,청주영덕선,0300,E,1
r30-1,159540.0,160.2,0300VDE11800,청주영덕선,0300,E,1
r30-1,161550.0,162.2,0300VDE12000,청주영덕선,0300,E,1
r30-1,163910.0,164.5,0300VDE12200,청주영덕선,0300,E,1
r30-1,165510.0,166.1,0300VDE12300,청주영덕선,0300,E,1
r30-1,167910.0,168.5,0300VDE12400,청주영덕선,0300,E,1
r30-1,169710.0,170.3,0300VDE12500,청주영덕선,0300,E,1
r30-1,171700.0,172.3,0300VDE12900,청주영덕선,0300,E,1
r30-1,173900.0,174.5,0300VDE12600,청주영덕선,0300,E,1
r30-1,175900.0,176.5,0300VDE12700,청주영덕선,0300,E,1
r30-1,177900.0,178.5,0300VDE12800,청주영덕선,0300,E,1
r30-1,179800.0,180.4,0300VDE13000,청주영덕선,0300,E,1
r30-1,181300.0,181.9,0300VDE13100,청주영덕선,0300,E,1
r30-1,183200.0,183.8,0300VDE13400,청주영덕선,0300,E,1
r30-1,185200.0,185.8,0300VDE13600,청주영덕선,0300,E,1
r30-1,186530.0,187.2,0300VDE13800,청주영덕선,0300,E,1
r30-1,188200.0,188.8,0300VDE13900,청주영덕선,0300,E,1
r30-2,750.0,0.95,0301VDE00100,당진대전선,0301,E,1
r30-2,1950.0,2.2,0301VDE00200,당진대전선,0301,E,1
r30-2,3950.0,4.2,0301VDE00400,당진대전선,0301,E,1
r30-2,4950.0,5.2,0301VDE00500,당진대전선,0301,E,1
r30-2,6950.0,7.2,0301VDE00700,당진대전선,0301,E,1
r30-2,8450.0,8.7,0301VDE00900,당진대전선,0301,E,1
r30-2,10650.0,10.9,0301VDE01100,당진대전선,0301,E,1
r30-2,11650.0,11.9,0301VDE01200,당진대전선,0301,E,1
r30-2,13850.0,14.1,0301VDE01400,당진대전선,0301,E,1
r30-2,14850.0,15.1,0301VDE01500,당진대전선,0301,E,1
r30-2,16850.0,17.1,0301VDE01700,당진대전선,0301,E,1
r30-2,18850.0,19.1,0301VDE01900,당진대전선,0301,E,1
r30-2,20840.0,21.1,0301VDE02100,당진대전선,0301,E,1
r30-2,21740.0,22.0,0301VDE02200,당진대전선,0301,E,1
r30-2,24140.0,24.4,0301VDE02400,당진대전선,0301,E,1
r30-2,26340.0,26.6,0301VDE02600,당진대전선,0301,E,1
r30-2,28940.0,29.2,0301VDE02800,당진대전선,0301,E,1
r30-2,29930.0,30.2,0301VDE02900,당진대전선,0301,E,1
r30-2,31630.0,31.9,0301VDE03100,당진대전선,0301,E,1
r30-2,32630.0,32.9,0301VDE03200,당진대전선,0301,E,1
r30-2,34430.0,34.7,0301VDE03400,당진대전선,0301,E,1
r30-2,35630.0,35.9,0301VDE03500,당진대전선,0301,E,1
r30-2,37830.0,38.1,0301VDE03700,당진대전선,0301,E,1
r30-2,38930.0,39.2,0301VDE03800,당진대전선,0301,E,1
r30-2,42130.0,42.4,0301VDE04100,당진대전선,0301,E,1
r30-2,42930.0,43.2,0301VDE04200,당진대전선,0301,E,1
r30-2,44620.0,44.9,0301VDE04400,당진대전선,0301,E,1
r30-2,45720.0,46.0,0301VDE04500,당진대전선,0301,E,1
r30-2,48510.0,48.8,0301VDE04700,당진대전선,0301,E,1
r30-2,49510.0,49.8,0301VDE04800,당진대전선,0301,E,1
r30-2,51510.0,51.8,0301VDE05000,당진대전선,0301,E,1
r30-2,52410.0,52.7,0301VDE05100,당진대전선,0301,E,1
r30-2,55720.0,56.0,0301VDE05400,당진대전선,0301,E,1
r30-2,58020.0,58.3,0301VDE05500,당진대전선,0301,E,1
r30-2,59120.0,59.4,0301VDE05700,당진대전선,0301,E,1
r30-2,61220.0,61.5,0301VDE05900,당진대전선,0301,E,1
r30-2,62420.0,62.7,0301VDE06000,당진대전선,0301,E,1
r30-2,65420.0,65.7,0301VDE06300,당진대전선,0301,E,1
r30-2,66520.0,66.8,0301VDE06400,당진대전선,0301,E,1
r30-2,69610.0,69.9,0301VDE06700,당진대전선,0301,E,1
r30-2,70610.0,70.9,0301VDE06800,당진대전선,0301,E,1
r30-3,550.0,70.9,0301VDS06800,당진대전선,0301,S,-1
r30-3,1550.0,69.9,0301VDS06700,당진대전선,0301,S,-1
r30-3,4640.0,66.8,0301VDS06400,당진대전선,0301,S,-1
r30-3,5740.0,65.7,0301VDS06300,당진대전선,0301,S,-1
r30-3,8740.0,62.7,0301VDS06000,당진대전선,0301,S,-1
r30-3,9940.0,61.5,0301VDS05900,당진대전선,0301,S,-1
r30-3,12040.0,59.4,0301VDS05700,당진대전선,0301,S,-1
r30-3,13140.0,58.3,0301VDS05500,당진대전선,0301,S,-1
r30-3,15430.0,56.0,0301VDS05400,당진대전선,0301,S,-1
r30-3,18730.0,52.7,0301VDS05100,당진대전선,0301,S,-1
r30-3,19630.0,51.8,0301VDS05000,당진대전선,0301,S,-1
r30-3,21630.0,49.8,0301VDS04800,당진대전선,0301,S,-1
r30-3,22630.0,48.8,0301VDS04700,당진대전선,0301,S,-1
r30-3,25430.0,46.0,0301VDS04500,당진대전선,0301,S,-1
r30-3,26530.0,44.9,0301VDS04400,당진대전선,0301,S,-1
r30-3,28220.0,43.2,0301VDS04200,당진대전선,0301,S,-1
r30-3,29020.0,42.4,0301VDS04100,당진대전선,0301,S,-1
r30-3,32230.0,39.2,0301VDS03800,당진대전선,0301,S,-1
r30-3,33330.0,38.1,0301VDS03700,당진대전선,0301,S,-1
r30-3,35520.0,35.9,0301VDS03500,당진대전선,0301,S,-1
r30-3,36730.0,34.7,0301VDS03400,당진대전선,0301,S,-1
r30-3,38520.0,32.9,0301VDS03200,당진대전선,0301,S,-1
r30-3,39520.0,31.9,0301VDS03100,당진대전선,0301,S,-1
r30-3,41230.0,30.2,0301VDS02900,당진대전선,0301,S,-1
r30-3,42220.0,29.2,0301VDS02800,당진대전선,0301,S,-1
r30-3,44820.0,26.6,0301VDS02600,당진대전선,0301,S,-1
r30-3,47020.0,24.4,0301VDS02400,당진대전선,0301,S,-1
r30-3,49420.0,22.0,0301VDS02200,당진대전선,0301,S,-1
r30-3,50320.0,21.1,0301VDS02100,당진대전선,0301,S,-1
r30-3,52320.0,19.1,0301VDS01900,당진대전선,0301,S,-1
r30-3,54320.0,17.1,0301VDS01700,당진대전선,0301,S,-1
r30-3,56320.0,15.1,0301VDS01500,당진대전선,0301,S,-1
r30-3,57320.0,14.1,0301VDS01400,당진대전선,0301,S,-1
r30-3,59510.0,11.9,0301VDS01200,당진대전선,0301,S,-1
r30-3,60510.0,10.9,0301VDS01100,당진대전선,0301,S,-1
r30-3,62720.0,8.7,0301VDS00900,당진대전선,0301,S,-1
r30-3,64220.0,7.2,0301VDS00700,당진대전선,0301,S,-1
r30-3,66210.0,5.2,0301VDS00500,당진대전선,0301,S,-1
r30-3,67210.0,4.2,0301VDS00400,당진대전선,0301,S,-1
r30-3,69210.0,2.2,0301VDS00200,당진대전선,0301,S,-1
r30-3,70410.0,0.95,0301VDS00100,당진대전선,0301,S,-1
r32-0,20340.0,333.3,0010VDS25900,경부선,0010,S,-1
r32-0,21030.0,332.6,0010VDS25610,경부선,0010,S,-1
r32-0,21030.0,332.6,0010VDS25800,경부선,0010,S,-1
r32-0,21930.0,331.7,0010VDS25700,경부선,0010,S,-1
r32-0,22030.0,331.6,0010VDS25680,경부선,0010,S,-1
r32-0,23720.0,329.9,0010VDS25310,경부선,0010,S,-1
r32-0,23720.0,329.9,0010VDS25320,경부선,0010,S,-1
r32-0,23720.0,329.9,0010VDS25600,경부선,0010,S,-1
r32-0,24720.0,328.9,0010VDS25500,경부선,0010,S,-1
r32-0,25520.0,328.05,0010VDS25450,경부선,0010,S,-1
r32-0,28220.0,325.4,0010VDS25300,경부선,0010,S,-1
r32-0,32510.0,321.1,0010VDS25000,경부선,0010,S,-1
r32-0,33610.0,320.0,0010VDS24900,경부선,0010,S,-1
r32-0,35710.0,317.9,0010VDS24800,경부선,0010,S,-1
r32-0,37100.0,316.5,0010VDS24700,경부선,0010,S,-1
r32-1,10.0,316.5,0010VDE24700,경부선,0010,E,1
r32-1,1410.0,317.9,0010VDE24800,경부선,0010,E,1
r32-1,3510.0,320.0,0010VDE24900,경부선,0010,E,1
r32-1,4610.0,321.1,0010VDE25000,경부선,0010,E,1
r32-1,8900.0,325.4,0010VDE25300,경부선,0010,E,1
r32-1,11500.0,328.0,0010VDE25440,경부선,0010,E,1
r32-1,11600.0,328.05,0010VDE25450,경부선,0010,E,1
r32-1,12390.0,328.9,0010VDE25500,경부선,0010,E,1
r32-1,13390.0,329.9,0010VDE25310,경부선,0010,E,1
r32-1,13390.0,329.9,0010VDE25320,경부선,0010,E,1
r32-1,13390.0,329.9,0010VDE25600,경부선,0010,E,1
r32-1,15200.0,331.7,0010VDE25700,경부선,0010,E,1
r32-1,16090.0,332.6,0010VDE25800,경부선,0010,E,1
r32-1,16090.0,332.6,0010VDE25610,경부선,0010,E,1
r32-1,16770.0,333.3,0010VDE25900,경부선,0010,E,1
r35-0,70.0,0.4,0351VDE00100,통영대전선,0351,E,1
r35-0,2570.0,2.9,0351VDE00300,통영대전선,0351,E,1
r35-0,4170.0,4.5,0351VDE00410,통영대전선,0351,E,1
r35-0,6260.0,6.6,0351VDE00600,통영대전선,0351,E,1
r35-0,8160.0,8.5,0351VDE00701,통영대전선,0351,E,1
r35-0,9550.0,9.9,0351VDE00704,통영대전선,0351,E,1
r35-0,10860.0,11.2,0351VDE00707,통영대전선,0351,E,1
r35-0,12180.0,12.5,0351VDE00900,통영대전선,0351,E,1
r35-0,13880.0,14.2,0351VDE01100,통영대전선,0351,E,1
r35-0,16180.0,16.5,0351VDE01300,통영대전선,0351,E,1
r35-0,18180.0,18.5,0351VDE01500,통영대전선,0351,E,1
r35-0,20180.0,20.5,0351VDE01700,통영대전선,0351,E,1
r35-0,22380.0,22.7,0351VDE01900,통영대전선,0351,E,1
r35-0,24490.0,24.8,0351VDE02100,통영대전선,0351,E,1
r35-0,26490.0,26.8,0351VDE02300,통영대전선,0351,E,1
r35-0,28390.0,28.7,0351VDE02500,통영대전선,0351,E,1
r35-0,30680.0,31.0,0351VDE02601,통영대전선,0351,E,1
r35-0,32490.0,32.8,0351VDE02605,통영대전선,0351,E,1
r35-0,34420.0,34.7,0351VDE02611,통영대전선,0351,E,1
r35-0,36810.0,37.1,0351VDE02900,통영대전선,0351,E,1
r35-0,38720.0,39.0,0351VDE03100,통영대전선,0351,E,1
r35-0,40720.0,41.0,0351VDE03300,통영대전선,0351,E,1
r35-0,42010.0,42.3,0351VDE03400,통영대전선,0351,E,1
r35-0,43800.0,44.1,0351VDE03600,통영대전선,0351,E,1
r35-0,45600.0,45.9,0351VDE03800,통영대전선,0351,E,1
r35-0,47710.0,48.0,0351VDE04100,통영대전선,0351,E,1
r35-0,50000.0,50.3,0351VDE04300,통영대전선,0351,E,1
r35-0,52100.0,52.4,0351VDE04500,통영대전선,0351,E,1
r35-0,54100.0,54.4,0351VDE04700,통영대전선,0351,E,1
r35-0,56600.0,56.9,0351VDE05000,통영대전선,0351,E,1
r35-0,58500.0,58.8,0351VDE05200,통영대전선,0351,E,1
r35-0,60300.0,60.6,0351VDE05400,통영대전선,0351,E,1
r35-0,61990.0,62.3,0351VDE05600,통영대전선,0351,E,1
r35-0,63900.0,64.2,0351VDE05800,통영대전선,0351,E,1
r35-0,65200.0,65.5,0351VDE06000,통영대전선,0351,E,1
r35-0,66990.0,67.3,0351VDE06100,통영대전선,0351,E,1
r35-0,68090.0,68.4,0351VDE06200,통영대전선,0351,E,1
r35-0,69900.0,70.2,0351VDE06400,통영대전선,0351,E,1
r35-0,71790.0,72.1,0351VDE06600,통영대전선,0351,E,1
r35-0,74190.0,74.5,0351VDE06800,통영대전선,0351,E,1
r35-0,76390.0,76.7,0351VDE07000,통영대전선,0351,E,1
r35-0,78790.0,79.1,0351VDE07200,통영대전선,0351,E,1
r35-0,81290.0,81.6,0351VDE07400,통영대전선,0351,E,1
r35-0,83190.0,83.5,0351VDE07600,통영대전선,0351,E,1
r35-0,85190.0,85.5,0351VDE07800,통영대전선,0351,E,1
r35-0,87090.0,87.4,0351VDE08000,통영대전선,0351,E,1
r35-0,89180.0,89.5,0351VDE08200,통영대전선,0351,E,1
r35-0,91480.0,91.8,0351VDE08400,통영대전선,0351,E,1
r35-0,93480.0,93.8,0351VDE08600,통영대전선,0351,E,1
r35-0,95490.0,95.8,0351VDE08800,통영대전선,0351,E,1
r35-0,97980.0,98.3,0351VDE09000,통영대전선,0351,E,1
r35-0,100480.0,100.8,0351VDE09200,통영대전선,0351,E,1
r35-0,102880.0,103.2,0351VDE09400,통영대전선,0351,E,1
r35-0,105280.0,105.6,0351VDE09600,통영대전선,0351,E,1
r35-0,107470.0,107.8,0351VDE09800,통영대전선,0351,E,1
r35-0,109870.0,110.2,0351VDE10000,통영대전선,0351,E,1
r35-0,112070.0,112.4,0351VDE10200,통영대전선,0351,E,1
r35-0,113870.0,114.2,0351VDE10203,통영대전선,0351,E,1
r35-0,115870.0,116.2,0351VDE10300,통영대전선,0351,E,1
r35-0,118170.0,118.5,0351VDE10500,통영대전선,0351,E,1
r35-0,120370.0,120.7,0351VDE10700,통영대전선,0351,E,1
r35-0,122860.0,123.2,0351VDE10900,통영대전선,0351,E,1
r35-0,126360.0,126.7,0351VDE11200,통영대전선,0351,E,1
r35-0,127860.0,128.18,0351VDE11221,통영대전선,0351,E,1
r35-0,129760.0,130.1,0351VDE11224,통영대전선,0351,E,1
r35-0,131460.0,131.82,0351VDE11228,통영대전선,0351,E,1
r35-0,132760.0,133.1,0351VDE11300,통영대전선,0351,E,1
r35-0,134060.0,134.4,0351VDE11400,통영대전선,0351,E,1
r35-0,136850.0,137.2,0351VDE11600,통영대전선,0351,E,1
r35-0,138050.0,138.4,0351VDE11700,통영대전선,0351,E,1
r35-0,140350.0,140.7,0351VDE11900,통영대전선,0351,E,1
r35-0,141350.0,141.7,0351VDE12000,통영대전선,0351,E,1
r35-0,143650.0,144.0,0351VDE12200,통영대전선,0351,E,1
r35-0,145250.0,145.6,0351VDE12300,통영대전선,0351,E,1
r35-0,147450.0,147.8,0351VDE12500,통영대전선,0351,E,1
r35-0,149650.0,150.0,0351VDE12700,통영대전선,0351,E,1
r35-0,151950.0,152.3,0351VDE12900,통영대전선,0351,E,1
r35-0,153040.0,153.4,0351VDE12910,통영대전선,0351,E,1
r35-0,156840.0,157.2,0351VDE13100,통영대전선,0351,E,1
r35-0,159740.0,160.1,0351VDE13300,통영대전선,0351,E,1
r35-0,160740.0,161.1,0351VDE13400,통영대전선,0351,E,1
r35-0,162350.0,162.7,0351VDE13500,통영대전선,0351,E,1
r35-0,164550.0,164.9,0351VDE13700,통영대전선,0351,E,1
r35-0,166650.0,167.0,0351VDE13900,통영대전선,0351,E,1
r35-0,169050.0,169.4,0351VDE14100,통영대전선,0351,E,1
r35-0,171340.0,171.7,0351VDE14300,통영대전선,0351,E,1
r35-0,173540.0,173.9,0351VDE14500,통영대전선,0351,E,1
r35-0,175940.0,176.3,0351VDE14700,통영대전선,0351,E,1
r35-0,178040.0,178.4,0351VDE14900,통영대전선,0351,E,1
r35-0,179840.0,180.2,0351VDE15100,통영대전선,0351,E,1
r35-0,181740.0,182.1,0351VDE15300,통영대전선,0351,E,1
r35-0,183940.0,184.3,0351VDE15500,통영대전선,0351,E,1
r35-0,186030.0,186.4,0351VDE15700,통영대전선,0351,E,1
r35-0,188430.0,188.8,0351VDE15900,통영대전선,0351,E,1
r35-0,190240.0,190.6,0351VDE16100,통영대전선,0351,E,1
r35-0,192630.0,193.0,0351VDE16300,통영대전선,0351,E,1
r35-0,195230.0,195.6,0351VDE16500,통영대전선,0351,E,1
r35-0,197530.0,197.9,0351VDE16700,통영대전선,0351,E,1
r35-0,200930.0,201.3,0351VDE16900,통영대전선,0351,E,1
r35-0,203530.0,203.9,0351VDE17000,통영대전선,0351,E,1
r35-0,204740.0,205.1,0351VDE17200,통영대전선,0351,E,1
r35-0,205640.0,206.0,0351VDE17300,통영대전선,0351,E,1
r35-0,206930.0,207.3,0351VDE17400,통영대전선,0351,E,1
r35-0,208530.0,208.9,0351VDE17500,통영대전선,0351,E,1
r35-0,210320.0,210.7,0351VDE17700,통영대전선,0351,E,1
r35-0,212420.0,212.8,0351VDE17900,통영대전선,0351,E,1
r35-0,213430.0,213.8,0351VDE18201,통영대전선,0351,E,1
r35-0,213730.0,214.1,0351VDE18100,통영대전선,0351,E,1
r35-1,350.0,214.1,0351VDS18100,통영대전선,0351,S,-1
r35-1,1650.0,212.8,0351VDS17900,통영대전선,0351,S,-1
r35-1,3750.0,210.7,0351VDS17700,통영대전선,0351,S,-1
r35-1,5550.0,208.9,0351VDS17500,통영대전선,0351,S,-1
r35-1,7150.0,207.3,0351VDS17400,통영대전선,0351,S,-1
r35-1,8450.0,206.0,0351VDS17300,통영대전선,0351,S,-1
r35-1,9350.0,205.1,0351VDS17200,통영대전선,0351,S,-1
r35-1,10550.0,203.9,0351VDS17000,통영대전선,0351,S,-1
r35-1,13150.0,201.3,0351VDS16900,통영대전선,0351,S,-1
r35-1,16550.0,197.9,0351VDS16700,통영대전선,0351,S,-1
r35-1,18850.0,195.6,0351VDS16500,통영대전선,0351,S,-1
r35-1,21450.0,193.0,0351VDS16300,통영대전선,0351,S,-1
r35-1,23850.0,190.6,0351VDS16100,통영대전선,0351,S,-1
r35-1,25640.0,188.8,0351VDS15900,통영대전선,0351,S,-1
r35-1,28040.0,186.4,0351VDS15700,통영대전선,0351,S,-1
r35-1,30140.0,184.3,0351VDS15500,통영대전선,0351,S,-1
r35-1,32340.0,182.1,0351VDS15300,통영대전선,0351,S,-1
r35-1,34240.0,180.2,0351VDS15100,통영대전선,0351,S,-1
r35-1,36040.0,178.4,0351VDS14900,통영대전선,0351,S,-1
r35-1,38140.0,176.3,0351VDS14700,통영대전선,0351,S,-1
r35-1,40540.0,173.9,0351VDS14500,통영대전선,0351,S,-1
r35-1,42740.0,171.7,0351VDS14300,통영대전선,0351,S,-1
r35-1,45050.0,169.4,0351VDS14100,통영대전선,0351,S,-1
r35-1,47450.0,167.0,0351VDS13900,통영대전선,0351,S,-1
r35-1,49540.0,164.9,0351VDS13700,통영대전선,0351,S,-1
r35-1,51730.0,162.7,0351VDS13500,통영대전선,0351,S,-1
r35-1,53330.0,161.1,0351VDS13400,통영대전선,0351,S,-1
r35-1,54330.0,160.1,0351VDS13300,통영대전선,0351,S,-1
r35-1,57220.0,157.2,0351VDS13100,통영대전선,0351,S,-1
r35-1,60920.0,153.5,0351VDS12911,통영대전선,0351,S,-1
r35-1,62120.0,152.3,0351VDS12900,통영대전선,0351,S,-1
r35-1,64420.0,150.0,0351VDS12700,통영대전선,0351,S,-1
r35-1,66620.0,147.8,0351VDS12500,통영대전선,0351,S,-1
r35-1,68810.0,145.6,0351VDS12300,통영대전선,0351,S,-1
r35-1,70410.0,144.0,0351VDS12200,통영대전선,0351,S,-1
r35-1,72710.0,141.7,0351VDS12000,통영대전선,0351,S,-1
r35-1,73710.0,140.7,0351VDS11900,통영대전선,0351,S,-1
r35-1,76030.0,138.4,0351VDS11700,통영대전선,0351,S,-1
r35-1,77230.0,137.2,0351VDS11600,통영대전선,0351,S,-1
r35-1,80030.0,134.4,0351VDS11400,통영대전선,0351,S,-1
r35-1,81340.0,133.1,0351VDS11300,통영대전선,0351,S,-1
r35-1,82640.0,131.82,0351VDS11228,통영대전선,0351,S,-1
r35-1,85140.0,129.33,0351VDS11223,통영대전선,0351,S,-1
r35-1,87730.0,126.7,0351VDS11200,통영대전선,0351,S,-1
r35-1,91230.0,123.2,0351VDS10900,통영대전선,0351,S,-1
r35-1,93730.0,120.7,0351VDS10700,통영대전선,0351,S,-1
r35-1,95930.0,118.5,0351VDS10500,통영대전선,0351,S,-1
r35-1,98230.0,116.2,0351VDS10300,통영대전선,0351,S,-1
r35-1,100210.0,114.2,0351VDS10204,통영대전선,0351,S,-1
r35-1,101990.0,112.4,0351VDS10200,통영대전선,0351,S,-1
r35-1,104180.0,110.2,0351VDS10000,통영대전선,0351,S,-1
r35-1,106590.0,107.8,0351VDS09800,통영대전선,0351,S,-1
r35-1,108790.0,105.6,0351VDS09600,통영대전선,0351,S,-1
r35-1,111190.0,103.2,0351VDS09400,통영대전선,0351,S,-1
r35-1,113590.0,100.8,0351VDS09200,통영대전선,0351,S,-1
r35-1,116090.0,98.3,0351VDS09000,통영대전선,0351,S,-1
r35-1,118590.0,95.8,0351VDS08800,통영대전선,0351,S,-1
r35-1,120580.0,93.8,0351VDS08600,통영대전선,0351,S,-1
r35-1,122580.0,91.8,0351VDS08400,통영대전선,0351,S,-1
r35-1,124880.0,89.5,0351VDS08200,통영대전선,0351,S,-1
r35-1,126980.0,87.4,0351VDS08000,통영대전선,0351,S,-1
r35-1,128880.0,85.5,0351VDS07800,통영대전선,0351,S,-1
r35-1,130880.0,83.5,0351VDS07600,통영대전선,0351,S,-1
r35-1,132780.0,81.6,0351VDS07400,통영대전선,0351,S,-1
r35-1,135280.0,79.1,0351VDS07200,통영대전선,0351,S,-1
r35-1,137680.0,76.7,0351VDS07000,통영대전선,0351,S,-1
r35-1,139880.0,74.5,0351VDS06800,통영대전선,0351,S,-1
r35-1,142280.0,72.1,0351VDS06600,통영대전선,0351,S,-1
r35-1,144190.0,70.2,0351VDS06400,통영대전선,0351,S,-1
r35-1,145980.0,68.4,0351VDS06200,통영대전선,0351,S,-1
r35-1,147070.0,67.3,0351VDS06100,통영대전선,0351,S,-1
r35-1,148870.0,65.5,0351VDS06000,통영대전선,0351,S,-1
r35-1,150170.0,64.2,0351VDS05800,통영대전선,0351,S,-1
r35-1,152070.0,62.3,0351VDS05600,통영대전선,0351,S,-1
r35-1,153770.0,60.6,0351VDS05400,통영대전선,0351,S,-1
r35-1,155570.0,58.8,0351VDS05200,통영대전선,0351,S,-1
r35-1,157470.0,56.9,0351VDS05000,통영대전선,0351,S,-1
r35-1,159970.0,54.4,0351VDS04700,통영대전선,0351,S,-1
r35-1,161970.0,52.4,0351VDS04500,통영대전선,0351,S,-1
r35-1,164070.0,50.3,0351VDS04300,통영대전선,0351,S,-1
r35-1,166380.0,48.0,0351VDS04100,통영대전선,0351,S,-1
r35-1,168480.0,45.9,0351VDS03800,통영대전선,0351,S,-1
r35-1,170280.0,44.1,0351VDS03600,통영대전선,0351,S,-1
r35-1,172070.0,42.3,0351VDS03400,통영대전선,0351,S,-1
r35-1,173370.0,41.0,0351VDS03300,통영대전선,0351,S,-1
r35-1,175380.0,39.0,0351VDS03100,통영대전선,0351,S,-1
r35-1,177280.0,37.1,0351VDS02900,통영대전선,0351,S,-1
r35-1,179680.0,34.7,0351VDS02611,통영대전선,0351,S,-1
r35-1,181500.0,32.9,0351VDS02606,통영대전선,0351,S,-1
r35-1,183390.0,31.0,0351VDS02601,통영대전선,0351,S,-1
r35-1,185700.0,28.7,0351VDS02500,통영대전선,0351,S,-1
r35-1,187600.0,26.8,0351VDS02300,통영대전선,0351,S,-1
r35-1,189590.0,24.8,0351VDS02100,통영대전선,0351,S,-1
r35-1,191710.0,22.7,0351VDS01900,통영대전선,0351,S,-1
r35-1,193900.0,20.5,0351VDS01700,통영대전선,0351,S,-1
r35-1,195900.0,18.5,0351VDS01500,통영대전선,0351,S,-1
r35-1,197900.0,16.5,0351VDS01300,통영대전선,0351,S,-1
r35-1,200200.0,14.2,0351VDS01100,통영대전선,0351,S,-1
r35-1,201900.0,12.5,0351VDS00900,통영대전선,0351,S,-1
r35-1,203200.0,11.2,0351VDS00707,통영대전선,0351,S,-1
r35-1,204500.0,9.9,0351VDS00704,통영대전선,0351,S,-1
r35-1,205900.0,8.5,0351VDS00701,통영대전선,0351,S,-1
r35-1,207800.0,6.6,0351VDS00600,통영대전선,0351,S,-1
r35-1,209900.0,4.5,0351VDS00410,통영대전선,0351,S,-1
r35-1,211500.0,2.9,0351VDS00300,통영대전선,0351,S,-1
r35-1,212410.0,1.97,0351VDS00751,통영대전선,0351,S,-1
r35-1,214010.0,0.4,0351VDS00100,통영대전선,0351,S,-1
r35-2,60.0,248.1,0352VDE00100,중부선,0352,E,1
r35-2,760.0,248.8,0352VDE00200,중부선,0352,E,1
r35-2,2860.0,250.9,0352VDE00400,중부선,0352,E,1
r35-2,3760.0,251.8,0352VDE00500,중부선,0352,E,1
r35-2,4760.0,252.8,0352VDE00600,중부선,0352,E,1
r35-2,5960.0,254.0,0352VDE00700,중부선,0352,E,1
r35-2,6860.0,254.9,0352VDE00800,중부선,0352,E,1
r35-2,7860.0,255.9,0352VDE00900,중부선,0352,E,1
r35-2,8860.0,256.9,0352VDE01000,중부선,0352,E,1
r35-2,9460.0,257.5,0352VDE04110,중부선,0352,E,1
r35-2,9460.0,257.5,0352VDE04120,중부선,0352,E,1
r35-2,10150.0,258.2,0352VDE01100,중부선,0352,E,1
r35-2,11150.0,259.2,0352VDE01200,중부선,0352,E,1
r35-2,12250.0,260.3,0352VDE01300,중부선,0352,E,1
r35-2,13250.0,261.3,0352VDE01400,중부선,0352,E,1
r35-2,14150.0,262.2,0352VDE01500,중부선,0352,E,1
r35-2,15050.0,263.1,0352VDE01600,중부선,0352,E,1
r35-2,16250.0,264.3,0352VDE01700,중부선,0352,E,1
r35-2,17250.0,265.3,0352VDE01800,중부선,0352,E,1
r35-2,18250.0,266.3,0352VDE01900,중부선,0352,E,1
r35-2,19250.0,267.3,0352VDE02000,중부선,0352,E,1
r35-2,20250.0,268.3,0352VDE02100,중부선,0352,E,1
r35-2,21250.0,269.3,0352VDE02200,중부선,0352,E,1
r35-2,22150.0,270.2,0352VDE02300,중부선,0352,E,1
r35-2,23250.0,271.3,0352VDE02400,중부선,0352,E,1
r35-2,24250.0,272.3,0352VDE02500,중부선,0352,E,1
r35-2,25260.0,273.3,0352VDE02600,중부선,0352,E,1
r35-2,26250.0,274.3,0352VDE02700,중부선,0352,E,1
r35-2,27250.0,275.3,0352VDE02800,중부선,0352,E,1
r35-2,28240.0,276.3,0352VDE02900,중부선,0352,E,1
r35-2,29150.0,277.2,0352VDE03000,중부선,0352,E,1
r35-2,30350.0,278.4,0352VDE03100,중부선,0352,E,1
r35-2,31450.0,279.5,0352VDE03200,중부선,0352,E,1
r35-2,31950.0,280.0,0352VDE03260,중부선,0352,E,1
r35-2,31950.0,280.0,0352VDE03250,중부선,0352,E,1
r35-2,32250.0,280.3,0352VDE03300,중부선,0352,E,1
r35-2,32940.0,281.0,0352VDE03400,중부선,0352,E,1
r35-2,33940.0,282.0,0352VDE03500,중부선,0352,E,1
r35-2,35240.0,283.3,0352VDE03600,중부선,0352,E,1
r35-2,36140.0,284.2,0352VDE03700,중부선,0352,E,1
r35-2,38040.0,286.1,0352VDE04000,중부선,0352,E,1
r35-2,39240.0,287.3,0352VDE04100,중부선,0352,E,1
r35-2,40240.0,288.3,0352VDE04200,중부선,0352,E,1
r35-2,41440.0,289.5,0352VDE04300,중부선,0352,E,1
r35-2,42740.0,290.8,0352VDE04400,중부선,0352,E,1
r35-2,43640.0,291.7,0352VDE04500,중부선,0352,E,1
r35-2,44640.0,292.7,0352VDE04700,중부선,0352,E,1
r35-2,45640.0,293.7,0352VDE04800,중부선,0352,E,1
r35-2,46840.0,294.9,0352VDE04900,중부선,0352,E,1
r35-2,48140.0,296.2,0352VDE05000,중부선,0352,E,1
r35-2,49240.0,297.3,0352VDE05100,중부선,0352,E,1
r35-2,50240.0,298.3,0352VDE05200,중부선,0352,E,1
r35-2,51140.0,299.2,0352VDE05300,중부선,0352,E,1
r35-2,52140.0,300.2,0352VDE05400,중부선,0352,E,1
r35-2,53140.0,301.2,0352VDE05500,중부선,0352,E,1
r35-2,54240.0,302.3,0352VDE05600,중부선,0352,E,1
r35-2,55340.0,303.4,0352VDE05700,중부선,0352,E,1
r35-2,56440.0,304.5,0352VDE05800,중부선,0352,E,1
r35-2,56840.0,304.9,0352VDE05850,중부선,0352,E,1
r35-2,56840.0,304.9,0352VDE05860,중부선,0352,E,1
r35-2,57440.0,305.5,0352VDE05900,중부선,0352,E,1
r35-2,58540.0,306.6,0352VDE06000,중부선,0352,E,1
r35-2,59740.0,307.8,0352VDE06100,중부선,0352,E,1
r35-2,60930.0,309.0,0352VDE06200,중부선,0352,E,1
r35-2,62230.0,310.3,0352VDE06300,중부선,0352,E,1
r35-2,65330.0,313.4,0352VDE06400,중부선,0352,E,1
r35-2,66730.0,314.8,0352VDE06500,중부선,0352,E,1
r35-2,67630.0,315.7,0352VDE06550,중부선,0352,E,1
r35-2,69530.0,317.6,0352VDE06600,중부선,0352,E,1
r35-2,70830.0,318.9,0352VDE06700,중부선,0352,E,1
r35-2,72530.0,320.6,0352VDE06800,중부선,0352,E,1
r35-2,73530.0,321.6,0352VDE06900,중부선,0352,E,1
r35-2,74430.0,322.5,0352VDE07000,중부선,0352,E,1
r35-2,76130.0,324.2,0352VDE07100,중부선,0352,E,1
r35-2,76730.0,324.75,0352VDE07150,중부선,0352,E,1
r35-2,77140.0,325.2,0352VDE07200,중부선,0352,E,1
r35-2,78030.0,326.1,0352VDE00050,중부선,0352,E,1
r35-2,78330.0,326.4,0352VDE07300,중부선,0352,E,1
r35-2,79130.0,327.2,0352VDE07400,중부선,0352,E,1
r35-2,80130.0,328.2,0352VDE07450,중부선,0352,E,1
r35-2,81030.0,329.1,0352VDE07500,중부선,0352,E,1
r35-2,81130.0,329.2,0352VDE07550,중부선,0352,E,1
r35-2,81130.0,329.2,0352VDE07551,중부선,0352,E,1
r35-2,81830.0,329.9,0352VDE07570,중부선,0352,E,1
r35-2,83430.0,331.5,0352VDE07600,중부선,0352,E,1
r35-2,84830.0,332.9,0352VDE07750,중부선,0352,E,1
r35-2,85130.0,333.2,0352VDE07700,중부선,0352,E,1
r35-2,86930.0,335.0,0352VDE07800,중부선,0352,E,1
r35-2,87430.0,335.5,0352VDE07900,중부선,0352,E,1
r35-2,89430.0,337.5,0352VDE08000,중부선,0352,E,1
r35-2,90530.0,338.6,0352VDE08100,중부선,0352,E,1
r35-2,91130.0,339.2,0352VDE08200,중부선,0352,E,1
r35-2,91830.0,339.9,0352VDE08251,중부선,0352,E,1
r35-2,91830.0,339.9,0352VDE08250,중부선,0352,E,1
r35-2,92230.0,340.3,0352VDE08300,중부선,0352,E,1
r35-2,93330.0,341.4,0352VDE08350,중부선,0352,E,1
r35-2,95620.0,343.7,0352VDE08600,중부선,0352,E,1
r35-2,96530.0,344.6,0352VDE08700,중부선,0352,E,1
r35-2,98730.0,346.82,0352VDE08810,중부선,0352,E,1
r35-2,98730.0,346.8,0352VDE08800,중부선,0352,E,1
r35-2,100520.0,348.6,0352VDE08900,중부선,0352,E,1
r35-2,100620.0,348.7,0352VDE08920,중부선,0352,E,1
r35-2,101430.0,349.5,0352VDE09000,중부선,0352,E,1
r35-2,102330.0,350.4,0352VDE09100,중부선,0352,E,1
r35-2,103030.0,351.1,0352VDE09200,중부선,0352,E,1
r35-2,103930.0,352.0,0352VDE09250,중부선,0352,E,1
r35-2,103930.0,352.0,0352VDE09251,중부선,0352,E,1
r35-2,104630.0,352.7,0352VDE09300,중부선,0352,E,1
r35-2,106320.0,354.4,0352VDE09400,중부선,0352,E,1
r35-2,106720.0,354.8,0352VDE09500,중부선,0352,E,1
r35-2,107320.0,355.4,0352VDE09600,중부선,0352,E,1
r35-2,108020.0,356.05,0352VDE09650,중부선,0352,E,1
r35-2,109020.0,357.1,0352VDE09700,중부선,0352,E,1
r35-2,109620.0,357.7,0352VDE09800,중부선,0352,E,1
r35-2,110420.0,358.5,0352VDE09900,중부선,0352,E,1
r35-2,111520.0,359.6,0352VDE10000,중부선,0352,E,1
r35-2,113820.0,361.9,0352VDE10100,중부선,0352,E,1
r35-2,114830.0,362.9,0352VDE10150,중부선,0352,E,1
r35-2,115240.0,363.3,0352VDE10200,중부선,0352,E,1
r35-2,115940.0,364.0,0352VDE10300,중부선,0352,E,1
r35-2,79590.0,327.7,0370VDE00100,제2중부선,0370,E,1
r35-2,80380.0,328.5,0370VDE00200,제2중부선,0370,E,1
r35-2,81380.0,329.5,0370VDE00300,제2중부선,0370,E,1
r35-2,82490.0,330.6,0370VDE00400,제2중부선,0370,E,1
r35-2,83660.0,331.8,0370VDE00500,제2중부선,0370,E,1
r35-2,85760.0,333.8,0370VDE00700,제2중부선,0370,E,1
r35-2,86950.0,335.0,0370VDE00800,제2중부선,0370,E,1
r35-2,87970.0,336.0,0370VDE00900,제2중부선,0370,E,1
r35-2,89460.0,337.5,0370VDE01000,제2중부선,0370,E,1
r35-2,90570.0,338.6,0370VDE01100,제2중부선,0370,E,1
r35-2,91170.0,339.2,0370VDE01200,제2중부선,0370,E,1
r35-2,92270.0,340.3,0370VDE01300,제2중부선,0370,E,1
r35-2,93380.0,341.4,0370VDE01350,제2중부선,0370,E,1
r35-2,95680.0,343.7,0370VDE01600,제2중부선,0370,E,1
r35-2,96270.0,344.33,0370VDE01650,제2중부선,0370,E,1
r35-2,96570.0,344.6,0370VDE01700,제2중부선,0370,E,1
r35-2,98570.0,346.6,0370VDE01800,제2중부선,0370,E,1
r35-2,100580.0,348.6,0370VDE01900,제2중부선,0370,E,1
r35-2,101650.0,349.7,0370VDE02000,제2중부선,0370,E,1
r35-2,102740.0,350.8,0370VDE02100,제2중부선,0370,E,1
r35-3,830.0,364.0,0352VDS10300,중부선,0352,S,-1
r35-3,1530.0,363.3,0352VDS10200,중부선,0352,S,-1
r35-3,2920.0,361.9,0352VDS10100,중부선,0352,S,-1
r35-3,5230.0,359.6,0352VDS10000,중부선,0352,S,-1
r35-3,6330.0,358.5,0352VDS09900,중부선,0352,S,-1
r35-3,6430.0,358.35,0352VDS09850,중부선,0352,S,-1
r35-3,7130.0,357.7,0352VDS09800,중부선,0352,S,-1
r35-3,7730.0,357.1,0352VDS09700,중부선,0352,S,-1
r35-3,8740.0,356.05,0352VDS09650,중부선,0352,S,-1
r35-3,9430.0,355.4,0352VDS09600,중부선,0352,S,-1
r35-3,10030.0,354.8,0352VDS09500,중부선,0352,S,-1
r35-3,10430.0,354.4,0352VDS09400,중부선,0352,S,-1
r35-3,12150.0,352.7,0352VDS09300,중부선,0352,S,-1
r35-3,12850.0,352.0,0352VDS09250,중부선,0352,S,-1
r35-3,12850.0,352.0,0352VDS09251,중부선,0352,S,-1
r35-3,13740.0,351.1,0352VDS09200,중부선,0352,S,-1
r35-3,14440.0,350.4,0352VDS09100,중부선,0352,S,-1
r35-3,15330.0,349.5,0352VDS09000,중부선,0352,S,-1
r35-3,16220.0,348.6,0352VDS08900,중부선,0352,S,-1
r35-3,18020.0,346.8,0352VDS08800,중부선,0352,S,-1
r35-3,18020.0,346.82,0352VDS08810,중부선,0352,S,-1
r35-3,19620.0,345.2,0352VDS08730,중부선,0352,S,-1
r35-3,20220.0,344.6,0352VDS08700,중부선,0352,S,-1
r35-3,21120.0,343.7,0352VDS08600,중부선,0352,S,-1
r35-3,23420.0,341.4,0352VDS08350,중부선,0352,S,-1
r35-3,24520.0,340.3,0352VDS08300,중부선,0352,S,-1
r35-3,24920.0,339.9,0352VDS08251,중부선,0352,S,-1
r35-3,24920.0,339.9,0352VDS08250,중부선,0352,S,-1
r35-3,25620.0,339.2,0352VDS08200,중부선,0352,S,-1
r35-3,26220.0,338.6,0352VDS08100,중부선,0352,S,-1
r35-3,27320.0,337.5,0352VDS08000,중부선,0352,S,-1
r35-3,29320.0,335.5,0352VDS07900,중부선,0352,S,-1
r35-3,29820.0,335.0,0352VDS07800,중부선,0352,S,-1
r35-3,31620.0,333.2,0352VDS07700,중부선,0352,S,-1
r35-3,32520.0,332.3,0352VDS07650,중부선,0352,S,-1
r35-3,33320.0,331.5,0352VDS07600,중부선,0352,S,-1
r35-3,34320.0,330.5,0352VDS07570,중부선,0352,S,-1
r35-3,35620.0,329.2,0352VDS07550,중부선,0352,S,-1
r35-3,35620.0,329.2,0352VDS07551,중부선,0352,S,-1
r35-3,35720.0,329.1,0352VDS07500,중부선,0352,S,-1
r35-3,36620.0,328.2,0352VDS07450,중부선,0352,S,-1
r35-3,37620.0,327.2,0352VDS07400,중부선,0352,S,-1
r35-3,38420.0,326.4,0352VDS07300,중부선,0352,S,-1
r35-3,39420.0,325.4,0352VDS07250,중부선,0352,S,-1
r35-3,39620.0,325.2,0352VDS07200,중부선,0352,S,-1
r35-3,40610.0,324.2,0352VDS07100,중부선,0352,S,-1
r35-3,42310.0,322.5,0352VDS07000,중부선,0352,S,-1
r35-3,43210.0,321.6,0352VDS06900,중부선,0352,S,-1
r35-3,44210.0,320.6,0352VDS06800,중부선,0352,S,-1
r35-3,45910.0,318.9,0352VDS06700,중부선,0352,S,-1
r35-3,47210.0,317.6,0352VDS06600,중부선,0352,S,-1
r35-3,49110.0,315.7,0352VDS06550,중부선,0352,S,-1
r35-3,50010.0,314.8,0352VDS06500,중부선,0352,S,-1
r35-3,51410.0,313.4,0352VDS06400,중부선,0352,S,-1
r35-3,54510.0,310.3,0352VDS06300,중부선,0352,S,-1
r35-3,55810.0,309.0,0352VDS06200,중부선,0352,S,-1
r35-3,57010.0,307.8,0352VDS06100,중부선,0352,S,-1
r35-3,58210.0,306.6,0352VDS06000,중부선,0352,S,-1
r35-3,59310.0,305.5,0352VDS05900,중부선,0352,S,-1
r35-3,60310.0,304.5,0352VDS05800,중부선,0352,S,-1
r35-3,61410.0,303.4,0352VDS05700,중부선,0352,S,-1
r35-3,62510.0,302.3,0352VDS05600,중부선,0352,S,-1
r35-3,63610.0,301.2,0352VDS05500,중부선,0352,S,-1
r35-3,64610.0,300.2,0352VDS05400,중부선,0352,S,-1
r35-3,64910.0,299.9,0352VDS05350,중부선,0352,S,-1
r35-3,64910.0,299.9,0352VDS05360,중부선,0352,S,-1
r35-3,65610.0,299.2,0352VDS05300,중부선,0352,S,-1
r35-3,66500.0,298.3,0352VDS05200,중부선,0352,S,-1
r35-3,67500.0,297.3,0352VDS05100,중부선,0352,S,-1
r35-3,68600.0,296.2,0352VDS05000,중부선,0352,S,-1
r35-3,69900.0,294.9,0352VDS04900,중부선,0352,S,-1
r35-3,71100.0,293.7,0352VDS04800,중부선,0352,S,-1
r35-3,72100.0,292.7,0352VDS04700,중부선,0352,S,-1
r35-3,73100.0,291.7,0352VDS04500,중부선,0352,S,-1
r35-3,74000.0,290.8,0352VDS04400,중부선,0352,S,-1
r35-3,75300.0,289.5,0352VDS04300,중부선,0352,S,-1
r35-3,76500.0,288.3,0352VDS04200,중부선,0352,S,-1
r35-3,77500.0,287.3,0352VDS04100,중부선,0352,S,-1
r35-3,78700.0,286.1,0352VDS04000,중부선,0352,S,-1
r35-3,80600.0,284.2,0352VDS03700,중부선,0352,S,-1
r35-3,81500.0,283.3,0352VDS03600,중부선,0352,S,-1
r35-3,81600.0,283.2,0352VDS03650,중부선,0352,S,-1
r35-3,81600.0,283.2,0352VDS03660,중부선,0352,S,-1
r35-3,82800.0,282.0,0352VDS03500,중부선,0352,S,-1
r35-3,83800.0,281.0,0352VDS03400,중부선,0352,S,-1
r35-3,84500.0,280.3,0352VDS03300,중부선,0352,S,-1
r35-3,85300.0,279.5,0352VDS03200,중부선,0352,S,-1
r35-3,86400.0,278.4,0352VDS03100,중부선,0352,S,-1
r35-3,87600.0,277.2,0352VDS03000,중부선,0352,S,-1
r35-3,88500.0,276.3,0352VDS02900,중부선,0352,S,-1
r35-3,89500.0,275.3,0352VDS02800,중부선,0352,S,-1
r35-3,90500.0,274.3,0352VDS02700,중부선,0352,S,-1
r35-3,91500.0,273.3,0352VDS02600,중부선,0352,S,-1
r35-3,92480.0,272.3,0352VDS02500,중부선,0352,S,-1
r35-3,93480.0,271.3,0352VDS02400,중부선,0352,S,-1
r35-3,94570.0,270.2,0352VDS02300,중부선,0352,S,-1
r35-3,95470.0,269.3,0352VDS02200,중부선,0352,S,-1
r35-3,96470.0,268.3,0352VDS02100,중부선,0352,S,-1
r35-3,97470.0,267.3,0352VDS02000,중부선,0352,S,-1
r35-3,98470.0,266.3,0352VDS01900,중부선,0352,S,-1
r35-3,99470.0,265.3,0352VDS01800,중부선,0352,S,-1
r35-3,100470.0,264.3,0352VDS01700,중부선,0352,S,-1
r35-3,101670.0,263.1,0352VDS01600,중부선,0352,S,-1
r35-3,102570.0,262.2,0352VDS01500,중부선,0352,S,-1
r35-3,103470.0,261.3,0352VDS01400,중부선,0352,S,-1
r35-3,104470.0,260.3,0352VDS01300,중부선,0352,S,-1
r35-3,105570.0,259.2,0352VDS01200,중부선,0352,S,-1
r35-3,106570.0,258.2,0352VDS01100,중부선,0352,S,-1
r35-3,107870.0,256.9,0352VDS01000,중부선,0352,S,-1
r35-3,108870.0,255.9,0352VDS00900,중부선,0352,S,-1
r35-3,109570.0,255.2,0352VDS00850,중부선,0352,S,-1
r35-3,109570.0,255.2,0352VDS00860,중부선,0352,S,-1
r35-3,109870.0,254.9,0352VDS00800,중부선,0352,S,-1
r35-3,110770.0,254.0,0352VDS00700,중부선,0352,S,-1
r35-3,111970.0,252.8,0352VDS00600,중부선,0352,S,-1
r35-3,112970.0,251.8,0352VDS00500,중부선,0352,S,-1
r35-3,113870.0,250.9,0352VDS00400,중부선,0352,S,-1
r35-3,115970.0,248.8,0352VDS00200,중부선,0352,S,-1
r35-3,116670.0,248.1,0352VDS00100,중부선,0352,S,-1
r35-3,14030.0,350.8,0370VDS02100,제2중부선,0370,S,-1
r35-3,15110.0,349.7,0370VDS02000,제2중부선,0370,S,-1
r35-3,16170.0,348.6,0370VDS01900,제2중부선,0370,S,-1
r35-3,18180.0,346.6,0370VDS01800,제2중부선,0370,S,-1
r35-3,19570.0,345.2,0370VDS01750,제2중부선,0370,S,-1
r35-3,20180.0,344.6,0370VDS01700,제2중부선,0370,S,-1
r35-3,20480.0,344.33,0370VDS01650,제2중부선,0370,S,-1
r35-3,21070.0,343.7,0370VDS01600,제2중부선,0370,S,-1
r35-3,23370.0,341.4,0370VDS01350,제2중부선,0370,S,-1
r35-3,24470.0,340.3,0370VDS01300,제2중부선,0370,S,-1
r35-3,25570.0,339.2,0370VDS01200,제2중부선,0370,S,-1
r35-3,26180.0,338.6,0370VDS01100,제2중부선,0370,S,-1
r35-3,27290.0,337.5,0370VDS01000,제2중부선,0370,S,-1
r35-3,28780.0,336.0,0370VDS00900,제2중부선,0370,S,-1
r35-3,29800.0,335.0,0370VDS00800,제2중부선,0370,S,-1
r35-3,30990.0,333.8,0370VDS00700,제2중부선,0370,S,-1
r35-3,33100.0,331.8,0370VDS00500,제2중부선,0370,S,-1
r35-3,34270.0,330.6,0370VDS00400,제2중부선,0370,S,-1
r35-3,35370.0,329.5,0370VDS00300,제2중부선,0370,S,-1
r35-3,36370.0,328.5,0370VDS00200,제2중부선,0370,S,-1
r35-3,37170.0,327.7,0370VDS00100,제2중부선,0370,S,-1
r35-3,38330.0,326.5,0370VDS00050,제2중부선,0370,S,-1
r37-0,90.0,357.1,0352VDS09700,중부선,0352,S,-1
r37-0,1090.0,356.05,0352VDS09650,중부선,0352,S,-1
r37-0,6000.0,351.1,0352VDS09200,중부선,0352,S,-1
r37-0,6700.0,350.4,0352VDS09100,중부선,0352,S,-1
r37-0,7610.0,349.5,0352VDS09000,중부선,0352,S,-1
r37-0,8520.0,348.6,0352VDS08900,중부선,0352,S,-1
r37-0,10310.0,346.82,0352VDS08810,중부선,0352,S,-1
r37-0,10310.0,346.8,0352VDS08800,중부선,0352,S,-1
r37-0,11910.0,345.2,0352VDS08730,중부선,0352,S,-1
r37-0,12510.0,344.6,0352VDS08700,중부선,0352,S,-1
r37-0,13420.0,343.7,0352VDS08600,중부선,0352,S,-1
r37-0,15720.0,341.4,0352VDS08350,중부선,0352,S,-1
r37-0,16810.0,340.3,0352VDS08300,중부선,0352,S,-1
r37-0,17210.0,339.9,0352VDS08250,중부선,0352,S,-1
r37-0,17210.0,339.9,0352VDS08251,중부선,0352,S,-1
r37-0,17910.0,339.2,0352VDS08200,중부선,0352,S,-1
r37-0,18510.0,338.6,0352VDS08100,중부선,0352,S,-1
r37-0,19600.0,337.5,0352VDS08000,중부선,0352,S,-1
r37-0,21590.0,335.5,0352VDS07900,중부선,0352,S,-1
r37-0,22090.0,335.0,0352VDS07800,중부선,0352,S,-1
r37-0,23900.0,333.2,0352VDS07700,중부선,0352,S,-1
r37-0,25500.0,331.5,0352VDS07600,중부선,0352,S,-1
r37-0,26520.0,330.5,0352VDS07570,중부선,0352,S,-1
r37-0,27820.0,329.2,0352VDS07551,중부선,0352,S,-1
r37-0,27820.0,329.2,0352VDS07550,중부선,0352,S,-1
r37-0,27910.0,329.1,0352VDS07500,중부선,0352,S,-1
r37-0,28810.0,328.2,0352VDS07450,중부선,0352,S,-1
r37-0,30670.0,326.4,0352VDS07300,중부선,0352,S,-1
r37-0,1600.0,355.5,0370VDS02500,제2중부선,0370,S,-1
r37-0,2690.0,354.4,0370VDS02400,제2중부선,0370,S,-1
r37-0,3980.0,353.1,0370VDS02300,제2중부선,0370,S,-1
r37-0,5280.0,351.8,0370VDS02200,제2중부선,0370,S,-1
r37-0,6280.0,350.8,0370VDS02100,제2중부선,0370,S,-1
r37-0,7380.0,349.7,0370VDS02000,제2중부선,0370,S,-1
r37-0,8460.0,348.6,0370VDS01900,제2중부선,0370,S,-1
r37-0,10460.0,346.6,0370VDS01800,제2중부선,0370,S,-1
r37-0,11860.0,345.2,0370VDS01750,제2중부선,0370,S,-1
r37-0,12460.0,344.6,0370VDS01700,제2중부선,0370,S,-1
r37-0,12760.0,344.33,0370VDS01650,제2중부선,0370,S,-1
r37-0,13360.0,343.7,0370VDS01600,제2중부선,0370,S,-1
r37-0,15660.0,341.4,0370VDS01350,제2중부선,0370,S,-1
r37-0,16760.0,340.3,0370VDS01300,제2중부선,0370,S,-1
r37-0,17860.0,339.2,0370VDS01200,제2중부선,0370,S,-1
r37-0,18460.0,338.6,0370VDS01100,제2중부선,0370,S,-1
r37-0,19570.0,337.5,0370VDS01000,제2중부선,0370,S,-1
r37-0,21060.0,336.0,0370VDS00900,제2중부선,0370,S,-1
r37-0,22070.0,335.0,0370VDS00800,제2중부선,0370,S,-1
r37-0,23270.0,333.8,0370VDS00700,제2중부선,0370,S,-1
r37-0,24270.0,332.8,0370VDS00600,제2중부선,0370,S,-1
r37-0,25270.0,331.8,0370VDS00500,제2중부선,0370,S,-1
r37-0,26460.0,330.6,0370VDS00400,제2중부선,0370,S,-1
r37-0,27570.0,329.5,0370VDS00300,제2중부선,0370,S,-1
r37-0,28570.0,328.5,0370VDS00200,제2중부선,0370,S,-1
r37-0,29370.0,327.7,0370VDS00100,제2중부선,0370,S,-1
r37-0,30570.0,326.5,0370VDS00050,제2중부선,0370,S,-1
r37-1,160.0,326.4,0352VDE07300,중부선,0352,E,1
r37-1,2000.0,328.2,0352VDE07450,중부선,0352,E,1
r37-1,2900.0,329.1,0352VDE07500,중부선,0352,E,1
r37-1,3000.0,329.2,0352VDE07551,중부선,0352,E,1
r37-1,3000.0,329.2,0352VDE07550,중부선,0352,E,1
r37-1,3700.0,329.9,0352VDE07570,중부선,0352,E,1
r37-1,5320.0,331.5,0352VDE07600,중부선,0352,E,1
r37-1,6910.0,333.2,0352VDE07700,중부선,0352,E,1
r37-1,8730.0,335.0,0352VDE07800,중부선,0352,E,1
r37-1,9220.0,335.5,0352VDE07900,중부선,0352,E,1
r37-1,11220.0,337.5,0352VDE08000,중부선,0352,E,1
r37-1,12300.0,338.6,0352VDE08100,중부선,0352,E,1
r37-1,12900.0,339.2,0352VDE08200,중부선,0352,E,1
r37-1,13600.0,339.9,0352VDE08250,중부선,0352,E,1
r37-1,13600.0,339.9,0352VDE08251,중부선,0352,E,1
r37-1,14000.0,340.3,0352VDE08300,중부선,0352,E,1
r37-1,15090.0,341.4,0352VDE08350,중부선,0352,E,1
r37-1,17390.0,343.7,0352VDE08600,중부선,0352,E,1
r37-1,18300.0,344.6,0352VDE08700,중부선,0352,E,1
r37-1,20510.0,346.8,0352VDE08800,중부선,0352,E,1
r37-1,20510.0,346.82,0352VDE08810,중부선,0352,E,1
r37-1,22290.0,348.6,0352VDE08900,중부선,0352,E,1
r37-1,22390.0,348.7,0352VDE08920,중부선,0352,E,1
r37-1,23210.0,349.5,0352VDE09000,중부선,0352,E,1
r37-1,24140.0,350.4,0352VDE09100,중부선,0352,E,1
r37-1,24830.0,351.1,0352VDE09200,중부선,0352,E,1
r37-1,29740.0,356.05,0352VDE09650,중부선,0352,E,1
r37-1,1450.0,327.7,0370VDE00100,제2중부선,0370,E,1
r37-1,2250.0,328.5,0370VDE00200,제2중부선,0370,E,1
r37-1,3250.0,329.5,0370VDE00300,제2중부선,0370,E,1
r37-1,4350.0,330.6,0370VDE00400,제2중부선,0370,E,1
r37-1,5550.0,331.8,0370VDE00500,제2중부선,0370,E,1
r37-1,6550.0,332.8,0370VDE00600,제2중부선,0370,E,1
r37-1,7550.0,333.8,0370VDE00700,제2중부선,0370,E,1
r37-1,8750.0,335.0,0370VDE00800,제2중부선,0370,E,1
r37-1,9750.0,336.0,0370VDE00900,제2중부선,0370,E,1
r37-1,11250.0,337.5,0370VDE01000,제2중부선,0370,E,1
r37-1,12350.0,338.6,0370VDE01100,제2중부선,0370,E,1
r37-1,12950.0,339.2,0370VDE01200,제2중부선,0370,E,1
r37-1,14050.0,340.3,0370VDE01300,제2중부선,0370,E,1
r37-1,15150.0,341.4,0370VDE01350,제2중부선,0370,E,1
r37-1,17450.0,343.7,0370VDE01600,제2중부선,0370,E,1
r37-1,18050.0,344.33,0370VDE01650,제2중부선,0370,E,1
r37-1,18350.0,344.6,0370VDE01700,제2중부선,0370,E,1
r37-1,20350.0,346.6,0370VDE01800,제2중부선,0370,E,1
r37-1,22350.0,348.6,0370VDE01900,제2중부선,0370,E,1
r37-1,23450.0,349.7,0370VDE02000,제2중부선,0370,E,1
r37-1,24550.0,350.8,0370VDE02100,제2중부선,0370,E,1
r37-1,25550.0,351.8,0370VDE02200,제2중부선,0370,E,1
r37-1,26850.0,353.1,0370VDE02300,제2중부선,0370,E,1
r37-1,27940.0,354.2,0370VDE02350,제2중부선,0370,E,1
r37-1,28140.0,354.4,0370VDE02400,제2중부선,0370,E,1
r37-1,29240.0,355.5,0370VDE02500,제2중부선,0370,E,1
r40-0,0.0,126.91,0400VDS09610,평택제천선,0400,S,-1
r40-0,2230.0,124.58,0400VDS09500,평택제천선,0400,S,-1
r40-0,3330.0,123.46,0400VDS09409,평택제천선,0400,S,-1
r40-0,4520.0,122.26,0400VDS09407,평택제천선,0400,S,-1
r40-0,5520.0,121.26,0400VDS09405,평택제천선,0400,S,-1
r40-0,6820.0,120.03,0400VDS09403,평택제천선,0400,S,-1
r40-0,7710.0,119.05,0400VDS09401,평택제천선,0400,S,-1
r40-0,8710.0,118.13,0400VDS09301,평택제천선,0400,S,-1
r40-0,9610.0,117.16,0400VDS09204,평택제천선,0400,S,-1
r40-0,10920.0,115.93,0400VDS09202,평택제천선,0400,S,-1
r40-0,11720.0,115.08,0400VDS09105,평택제천선,0400,S,-1
r40-0,13200.0,113.64,0400VDS09104,평택제천선,0400,S,-1
r40-0,14290.0,112.5,0400VDS09101,평택제천선,0400,S,-1
r40-0,16500.0,110.25,0400VDS09000,평택제천선,0400,S,-1
r40-0,18610.0,108.24,0400VDS08950,평택제천선,0400,S,-1
r40-0,20010.0,106.75,0400VDS08903,평택제천선,0400,S,-1
r40-0,21100.0,105.72,0400VDS08901,평택제천선,0400,S,-1
r40-0,22900.0,103.88,0400VDS08800,평택제천선,0400,S,-1
r40-0,24300.0,102.54,0400VDS08700,평택제천선,0400,S,-1
r40-0,25800.0,100.97,0400VDS08600,평택제천선,0400,S,-1
r40-0,27500.0,99.26,0400VDS08500,평택제천선,0400,S,-1
r40-0,29800.0,97.02,0400VDS08400,평택제천선,0400,S,-1
r40-0,31600.0,95.21,0400VDS08300,평택제천선,0400,S,-1
r40-0,33490.0,93.29,0400VDS08200,평택제천선,0400,S,-1
r40-0,35580.0,91.16,0400VDS08100,평택제천선,0400,S,-1
r40-0,38370.0,88.35,0400VDS08000,평택제천선,0400,S,-1
r40-0,40480.0,86.28,0400VDS07950,평택제천선,0400,S,-1
r40-0,42180.0,84.62,0400VDS07900,평택제천선,0400,S,-1
r40-0,42180.0,84.62,0400VDS07910,평택제천선,0400,S,-1
r40-0,42580.0,84.2,0400VDS07800,평택제천선,0400,S,-1
r40-0,43380.0,83.4,0400VDS07700,평택제천선,0400,S,-1
r40-0,44580.0,82.2,0400VDS07600,평택제천선,0400,S,-1
r40-0,45680.0,81.1,0400VDS07500,평택제천선,0400,S,-1
r40-0,48180.0,78.6,0400VDS07300,평택제천선,0400,S,-1
r40-0,49980.0,76.8,0400VDS07100,평택제천선,0400,S,-1
r40-0,52280.0,74.5,0400VDS06900,평택제천선,0400,S,-1
r40-0,54680.0,72.1,0400VDS06701,평택제천선,0400,S,-1
r40-0,54680.0,72.1,0400VDS06700,평택제천선,0400,S,-1
r40-0,55980.0,70.8,0400VDS06600,평택제천선,0400,S,-1
r40-0,57180.0,69.6,0400VDS06500,평택제천선,0400,S,-1
r40-0,59070.0,67.7,0400VDS06300,평택제천선,0400,S,-1
r40-0,61270.0,65.5,0400VDS06100,평택제천선,0400,S,-1
r40-0,61270.0,65.5,0400VDS06101,평택제천선,0400,S,-1
r40-0,63570.0,63.2,0400VDS05900,평택제천선,0400,S,-1
r40-0,65570.0,61.2,0400VDS05700,평택제천선,0400,S,-1
r40-0,66570.0,60.2,0400VDS05600,평택제천선,0400,S,-1
r40-0,67470.0,59.3,0400VDS05500,평택제천선,0400,S,-1
r40-0,69180.0,57.6,0400VDS05300,평택제천선,0400,S,-1
r40-0,69980.0,56.8,0400VDS05200,평택제천선,0400,S,-1
r40-0,70880.0,55.9,0400VDS05100,평택제천선,0400,S,-1
r40-0,73070.0,53.7,0400VDS04900,평택제천선,0400,S,-1
r40-0,74970.0,51.8,0400VDS04801,평택제천선,0400,S,-1
r40-0,76770.0,50.0,0400VDS04752,평택제천선,0400,S,-1
r40-0,78870.0,47.9,0400VDS04700,평택제천선,0400,S,-1
r40-0,81370.0,45.4,0400VDS04500,평택제천선,0400,S,-1
r40-0,82490.0,44.3,0400VDS04400,평택제천선,0400,S,-1
r40-0,83990.0,42.8,0400VDS04300,평택제천선,0400,S,-1
r40-0,85280.0,41.5,0400VDS04200,평택제천선,0400,S,-1
r40-0,86790.0,40.0,0400VDS04100,평택제천선,0400,S,-1
r40-0,87990.0,38.8,0400VDS04000,평택제천선,0400,S,-1
r40-0,90080.0,36.7,0400VDS03800,평택제천선,0400,S,-1
r40-0,92180.0,34.6,0400VDS03600,평택제천선,0400,S,-1
r40-0,94080.0,32.7,0400VDS03400,평택제천선,0400,S,-1
r40-0,96080.0,30.7,0400VDS03200,평택제천선,0400,S,-1
r40-0,96980.0,29.8,0400VDS03100,평택제천선,0400,S,-1
r40-0,97980.0,28.8,0400VDS03000,평택제천선,0400,S,-1
r40-0,98980.0,27.8,0400VDS02900,평택제천선,0400,S,-1
r40-0,100970.0,25.8,0400VDS02700,평택제천선,0400,S,-1
r40-0,102080.0,24.74,0400VDS02500,평택제천선,0400,S,-1
r40-0,103380.0,23.4,0400VDS02400,평택제천선,0400,S,-1
r40-0,104380.0,22.4,0400VDS02300,평택제천선,0400,S,-1
r40-0,105270.0,21.5,0400VDS02100,평택제천선,0400,S,-1
r40-0,106170.0,20.6,0400VDS02000,평택제천선,0400,S,-1
r40-0,107180.0,19.6,0400VDS01900,평택제천선,0400,S,-1
r40-0,108080.0,18.7,0400VDS01800,평택제천선,0400,S,-1
r40-0,109080.0,17.7,0400VDS01700,평택제천선,0400,S,-1
r40-0,109870.0,16.85,0400VDS01630,평택제천선,0400,S,-1
r40-0,109970.0,16.8,0400VDS01600,평택제천선,0400,S,-1
r40-0,111670.0,15.1,0400VDS01500,평택제천선,0400,S,-1
r40-0,113770.0,13.0,0400VDS01300,평택제천선,0400,S,-1
r40-0,114570.0,12.2,0400VDS01200,평택제천선,0400,S,-1
r40-0,116070.0,10.7,0400VDS01100,평택제천선,0400,S,-1
r40-0,117070.0,9.7,0400VDS01000,평택제천선,0400,S,-1
r40-0,117970.0,8.8,0400VDS00900,평택제천선,0400,S,-1
r40-0,118770.0,8.0,0400VDS00800,평택제천선,0400,S,-1
r40-0,120170.0,6.6,0400VDS00700,평택제천선,0400,S,-1
r40-0,120470.0,6.3,0400VDS00650,평택제천선,0400,S,-1
r40-0,120570.0,6.2,0400VDS00630,평택제천선,0400,S,-1
r40-0,122470.0,4.3,0400VDS00500,평택제천선,0400,S,-1
r40-0,123370.0,3.4,0400VDS00400,평택제천선,0400,S,-1
r40-0,124370.0,2.4,0400VDS00300,평택제천선,0400,S,-1
r40-0,125370.0,1.4,0400VDS00200,평택제천선,0400,S,-1
r40-0,126260.0,0.4,0400VDS00100,평택제천선,0400,S,-1
r40-1,0.0,0.4,0400VDE00100,평택제천선,0400,E,1
r40-1,910.0,1.4,0400VDE00200,평택제천선,0400,E,1
r40-1,1910.0,2.4,0400VDE00300,평택제천선,0400,E,1
r40-1,2910.0,3.4,0400VDE00400,평택제천선,0400,E,1
r40-1,3410.0,3.89,0400VDE00450,평택제천선,0400,E,1
r40-1,3800.0,4.3,0400VDE00500,평택제천선,0400,E,1
r40-1,5800.0,6.3,0400VDE00650,평택제천선,0400,E,1
r40-1,6100.0,6.6,0400VDE00700,평택제천선,0400,E,1
r40-1,7500.0,8.0,0400VDE00800,평택제천선,0400,E,1
r40-1,8300.0,8.8,0400VDE00900,평택제천선,0400,E,1
r40-1,9200.0,9.7,0400VDE01000,평택제천선,0400,E,1
r40-1,10200.0,10.7,0400VDE01100,평택제천선,0400,E,1
r40-1,10400.0,10.9,0400VDE01130,평택제천선,0400,E,1
r40-1,11700.0,12.2,0400VDE01200,평택제천선,0400,E,1
r40-1,12500.0,13.0,0400VDE01300,평택제천선,0400,E,1
r40-1,14600.0,15.1,0400VDE01500,평택제천선,0400,E,1
r40-1,16300.0,16.8,0400VDE01600,평택제천선,0400,E,1
r40-1,17200.0,17.7,0400VDE01700,평택제천선,0400,E,1
r40-1,18200.0,18.7,0400VDE01800,평택제천선,0400,E,1
r40-1,19100.0,19.6,0400VDE01900,평택제천선,0400,E,1
r40-1,20090.0,20.6,0400VDE02000,평택제천선,0400,E,1
r40-1,20990.0,21.5,0400VDE02100,평택제천선,0400,E,1
r40-1,21900.0,22.4,0400VDE02300,평택제천선,0400,E,1
r40-1,22900.0,23.4,0400VDE02400,평택제천선,0400,E,1
r40-1,24190.0,24.74,0400VDE02500,평택제천선,0400,E,1
r40-1,25290.0,25.8,0400VDE02700,평택제천선,0400,E,1
r40-1,27280.0,27.8,0400VDE02900,평택제천선,0400,E,1
r40-1,28280.0,28.8,0400VDE03000,평택제천선,0400,E,1
r40-1,30190.0,30.7,0400VDE03200,평택제천선,0400,E,1
r40-1,32190.0,32.7,0400VDE03400,평택제천선,0400,E,1
r40-1,32290.0,32.8,0400VDE03410,평택제천선,0400,E,1
r40-1,34080.0,34.6,0400VDE03600,평택제천선,0400,E,1
r40-1,36190.0,36.7,0400VDE03800,평택제천선,0400,E,1
r40-1,38280.0,38.8,0400VDE04000,평택제천선,0400,E,1
r40-1,39480.0,40.0,0400VDE04100,평택제천선,0400,E,1
r40-1,40980.0,41.5,0400VDE04200,평택제천선,0400,E,1
r40-1,42280.0,42.8,0400VDE04300,평택제천선,0400,E,1
r40-1,43780.0,44.3,0400VDE04400,평택제천선,0400,E,1
r40-1,44880.0,45.4,0400VDE04500,평택제천선,0400,E,1
r40-1,47380.0,47.9,0400VDE04700,평택제천선,0400,E,1
r40-1,49270.0,49.8,0400VDE04751,평택제천선,0400,E,1
r40-1,51270.0,51.8,0400VDE04801,평택제천선,0400,E,1
r40-1,53170.0,53.7,0400VDE04900,평택제천선,0400,E,1
r40-1,55370.0,55.9,0400VDE05100,평택제천선,0400,E,1
r40-1,56270.0,56.8,0400VDE05200,평택제천선,0400,E,1
r40-1,57070.0,57.6,0400VDE05300,평택제천선,0400,E,1
r40-1,58780.0,59.3,0400VDE05500,평택제천선,0400,E,1
r40-1,59680.0,60.2,0400VDE05600,평택제천선,0400,E,1
r40-1,60680.0,61.2,0400VDE05700,평택제천선,0400,E,1
r40-1,62680.0,63.2,0400VDE05900,평택제천선,0400,E,1
r40-1,64980.0,65.5,0400VDE06100,평택제천선,0400,E,1
r40-1,67180.0,67.7,0400VDE06300,평택제천선,0400,E,1
r40-1,69080.0,69.6,0400VDE06500,평택제천선,0400,E,1
r40-1,70280.0,70.8,0400VDE06600,평택제천선,0400,E,1
r40-1,71580.0,72.1,0400VDE06700,평택제천선,0400,E,1
r40-1,73970.0,74.5,0400VDE06900,평택제천선,0400,E,1
r40-1,76270.0,76.8,0400VDE07100,평택제천선,0400,E,1
r40-1,78070.0,78.6,0400VDE07300,평택제천선,0400,E,1
r40-1,80570.0,81.1,0400VDE07500,평택제천선,0400,E,1
r40-1,81670.0,82.2,0400VDE07600,평택제천선,0400,E,1
r40-1,82870.0,83.4,0400VDE07700,평택제천선,0400,E,1
r40-1,83670.0,84.2,0400VDE07800,평택제천선,0400,E,1
r40-1,84070.0,84.62,0400VDE07900,평택제천선,0400,E,1
r40-1,85770.0,86.28,0400VDE07950,평택제천선,0400,E,1
r40-1,87870.0,88.35,0400VDE08000,평택제천선,0400,E,1
r40-1,90670.0,91.16,0400VDE08100,평택제천선,0400,E,1
r40-1,92760.0,93.29,0400VDE08200,평택제천선,0400,E,1
r40-1,94660.0,95.21,0400VDE08300,평택제천선,0400,E,1
r40-1,96460.0,97.02,0400VDE08400,평택제천선,0400,E,1
r40-1,98760.0,99.26,0400VDE08500,평택제천선,0400,E,1
r40-1,100460.0,100.97,0400VDE08600,평택제천선,0400,E,1
r40-1,101960.0,102.54,0400VDE08700,평택제천선,0400,E,1
r40-1,103360.0,103.88,0400VDE08800,평택제천선,0400,E,1
r40-1,105160.0,105.74,0400VDE08902,평택제천선,0400,E,1
r40-1,106270.0,106.76,0400VDE08904,평택제천선,0400,E,1
r40-1,107670.0,108.24,0400VDE08950,평택제천선,0400,E,1
r40-1,109760.0,110.25,0400VDE09000,평택제천선,0400,E,1
r40-1,111960.0,112.5,0400VDE09102,평택제천선,0400,E,1
r40-1,113060.0,113.6,0400VDE09103,평택제천선,0400,E,1
r40-1,114560.0,115.09,0400VDE09106,평택제천선,0400,E,1
r40-1,115360.0,115.92,0400VDE09201,평택제천선,0400,E,1
r40-1,116560.0,117.13,0400VDE09203,평택제천선,0400,E,1
r40-1,117560.0,118.14,0400VDE09302,평택제천선,0400,E,1
r40-1,118560.0,119.09,0400VDE09402,평택제천선,0400,E,1
r40-1,119460.0,120.04,0400VDE09404,평택제천선,0400,E,1
r40-1,120760.0,121.28,0400VDE09406,평택제천선,0400,E,1
r40-1,121760.0,122.28,0400VDE09408,평택제천선,0400,E,1
r40-1,122960.0,123.47,0400VDE09410,평택제천선,0400,E,1
r40-1,124060.0,124.58,0400VDE09500,평택제천선,0400,E,1
r45-0,1540.0,1.1,0450VDE00100,중부내륙선,0450,E,1
r45-0,2640.0,2.2,0450VDE00200,중부내륙선,0450,E,1
r45-0,4040.0,3.6,0450VDE00300,중부내륙선,0450,E,1
r45-0,5040.0,4.6,0450VDE00400,중부내륙선,0450,E,1
r45-0,5930.0,5.5,0450VDE00500,중부내륙선,0450,E,1
r45-0,6940.0,6.5,0450VDE00600,중부내륙선,0450,E,1
r45-0,7930.0,7.5,0450VDE00700,중부내륙선,0450,E,1
r45-0,10530.0,10.1,0450VDE00800,중부내륙선,0450,E,1
r45-0,11530.0,11.1,0450VDE00900,중부내륙선,0450,E,1
r45-0,12530.0,12.1,0450VDE01000,중부내륙선,0450,E,1
r45-0,13430.0,13.0,0450VDE01100,중부내륙선,0450,E,1
r45-0,14530.0,14.1,0450VDE01200,중부내륙선,0450,E,1
r45-0,15320.0,14.9,0450VDE01300,중부내륙선,0450,E,1
r45-0,16430.0,16.0,0450VDE01400,중부내륙선,0450,E,1
r45-0,18520.0,18.1,0450VDE01500,중부내륙선,0450,E,1
r45-0,19510.0,19.1,0450VDE01600,중부내륙선,0450,E,1
r45-0,20510.0,20.1,0450VDE01700,중부내륙선,0450,E,1
r45-0,21410.0,21.0,0450VDE01800,중부내륙선,0450,E,1
r45-0,22410.0,22.0,0450VDE01900,중부내륙선,0450,E,1
r45-0,23720.0,23.3,0450VDE02000,중부내륙선,0450,E,1
r45-0,24520.0,24.1,0450VDE02100,중부내륙선,0450,E,1
r45-0,27310.0,26.9,0450VDE02200,중부내륙선,0450,E,1
r45-0,27430.0,27.3,0450VDE02400,중부내륙선,0450,E,1
r45-0,28940.0,28.8,0450VDE02500,중부내륙선,0450,E,1
r45-0,29840.0,29.7,0450VDE02600,중부내륙선,0450,E,1
r45-0,30840.0,30.7,0450VDE02700,중부내륙선,0450,E,1
r45-0,31940.0,31.8,0450VDE02800,중부내륙선,0450,E,1
r45-0,34130.0,34.0,0450VDE02900,중부내륙선,0450,E,1
r45-0,35250.0,35.1,0450VDE03000,중부내륙선,0450,E,1
r45-0,36240.0,36.1,0450VDE03100,중부내륙선,0450,E,1
r45-0,37640.0,37.5,0450VDE03200,중부내륙선,0450,E,1
r45-0,39340.0,39.2,0450VDE03300,중부내륙선,0450,E,1
r45-0,40340.0,40.2,0450VDE03400,중부내륙선,0450,E,1
r45-0,41240.0,41.1,0450VDE03500,중부내륙선,0450,E,1
r45-0,43140.0,43.0,0450VDE03600,중부내륙선,0450,E,1
r45-0,44140.0,44.0,0450VDE03700,중부내륙선,0450,E,1
r45-0,45040.0,44.9,0450VDE03800,중부내륙선,0450,E,1
r45-0,45840.0,45.7,0450VDE03900,중부내륙선,0450,E,1
r45-0,47140.0,47.0,0450VDE04000,중부내륙선,0450,E,1
r45-0,48140.0,48.0,0450VDE04100,중부내륙선,0450,E,1
r45-0,49630.0,49.5,0450VDE04200,중부내륙선,0450,E,1
r45-0,50540.0,50.4,0450VDE04300,중부내륙선,0450,E,1
r45-0,53530.0,53.2,0450VDE04600,중부내륙선,0450,E,1
r45-0,54630.0,54.3,0450VDE04700,중부내륙선,0450,E,1
r45-0,55630.0,55.3,0450VDE04800,중부내륙선,0450,E,1
r45-0,56030.0,55.7,0450VDE04850,중부내륙선,0450,E,1
r45-0,56530.0,56.2,0450VDE04900,중부내륙선,0450,E,1
r45-0,57630.0,57.3,0450VDE05000,중부내륙선,0450,E,1
r45-0,58630.0,58.3,0450VDE05100,중부내륙선,0450,E,1
r45-0,59530.0,59.2,0450VDE05200,중부내륙선,0450,E,1
r45-0,60730.0,60.4,0450VDE05300,중부내륙선,0450,E,1
r45-0,62030.0,61.7,0450VDE05400,중부내륙선,0450,E,1
r45-0,62920.0,62.6,0450VDE05500,중부내륙선,0450,E,1
r45-0,64020.0,63.7,0450VDE05600,중부내륙선,0450,E,1
r45-0,64820.0,64.5,0450VDE05700,중부내륙선,0450,E,1
r45-0,65830.0,65.5,0450VDE05800,중부내륙선,0450,E,1
r45-0,66720.0,66.4,0450VDE05900,중부내륙선,0450,E,1
r45-0,68010.0,67.7,0450VDE06000,중부내륙선,0450,E,1
r45-0,69110.0,68.8,0450VDE06100,중부내륙선,0450,E,1
r45-0,70110.0,69.8,0450VDE06200,중부내륙선,0450,E,1
r45-0,70610.0,70.3,0450VDE06250,중부내륙선,0450,E,1
r45-0,71220.0,70.9,0450VDE06300,중부내륙선,0450,E,1
r45-0,72120.0,71.8,0450VDE06400,중부내륙선,0450,E,1
r45-0,73120.0,72.8,0450VDE06500,중부내륙선,0450,E,1
r45-0,74120.0,73.8,0450VDE06600,중부내륙선,0450,E,1
r45-0,75320.0,75.0,0450VDE06700,중부내륙선,0450,E,1
r45-0,76320.0,76.0,0450VDE06800,중부내륙선,0450,E,1
r45-0,77210.0,76.9,0450VDE06900,중부내륙선,0450,E,1
r45-0,78220.0,77.9,0450VDE07000,중부내륙선,0450,E,1
r45-0,79330.0,79.0,0450VDE07100,중부내륙선,0450,E,1
r45-0,80430.0,80.1,0450VDE07200,중부내륙선,0450,E,1
r45-0,81330.0,81.0,0450VDE07300,중부내륙선,0450,E,1
r45-0,82330.0,82.0,0450VDE07400,중부내륙선,0450,E,1
r45-0,83320.0,83.0,0450VDE07500,중부내륙선,0450,E,1
r45-0,84330.0,84.0,0450VDE07600,중부내륙선,0450,E,1
r45-0,85220.0,84.9,0450VDE07700,중부내륙선,0450,E,1
r45-0,86320.0,86.0,0450VDE07800,중부내륙선,0450,E,1
r45-0,87320.0,87.0,0450VDE07900,중부내륙선,0450,E,1
r45-0,88510.0,88.2,0450VDE08000,중부내륙선,0450,E,1
r45-0,89720.0,89.4,0450VDE08100,중부내륙선,0450,E,1
r45-0,90820.0,90.5,0450VDE08200,중부내륙선,0450,E,1
r45-0,91810.0,91.5,0450VDE08300,중부내륙선,0450,E,1
r45-0,92810.0,92.5,0450VDE08400,중부내륙선,0450,E,1
r45-0,93810.0,93.5,0450VDE08500,중부내륙선,0450,E,1
r45-0,94810.0,94.5,0450VDE08600,중부내륙선,0450,E,1
r45-0,95710.0,95.4,0450VDE08700,중부내륙선,0450,E,1
r45-0,96710.0,96.4,0450VDE08800,중부내륙선,0450,E,1
r45-0,97710.0,97.4,0450VDE08900,중부내륙선,0450,E,1
r45-0,98710.0,98.4,0450VDE09000,중부내륙선,0450,E,1
r45-0,99810.0,99.5,0450VDE09100,중부내륙선,0450,E,1
r45-0,100710.0,100.4,0450VDE09200,중부내륙선,0450,E,1
r45-0,101610.0,101.3,0450VDE09300,중부내륙선,0450,E,1
r45-0,102510.0,102.2,0450VDE09400,중부내륙선,0450,E,1
r45-0,103800.0,103.5,0450VDE09500,중부내륙선,0450,E,1
r45-0,104900.0,104.6,0450VDE09600,중부내륙선,0450,E,1
r45-0,105900.0,105.6,0450VDE09700,중부내륙선,0450,E,1
r45-0,106590.0,106.26,0450VDE09701,중부내륙선,0450,E,1
r45-0,107590.0,107.31,0450VDE09703,중부내륙선,0450,E,1
r45-0,108390.0,108.12,0450VDE09705,중부내륙선,0450,E,1
r45-0,109690.0,109.4,0450VDE09706,중부내륙선,0450,E,1
r45-0,111000.0,110.7,0450VDE09709,중부내륙선,0450,E,1
r45-0,111790.0,111.48,0450VDE09711,중부내륙선,0450,E,1
r45-0,113200.0,112.9,0450VDE09750,중부내륙선,0450,E,1
r45-0,114090.0,113.8,0450VDE09900,중부내륙선,0450,E,1
r45-0,115090.0,114.8,0450VDE10000,중부내륙선,0450,E,1
r45-0,116470.0,115.9,0450VDE10100,중부내륙선,0450,E,1
r45-0,117670.0,117.1,0450VDE10200,중부내륙선,0450,E,1
r45-0,118870.0,118.3,0450VDE10300,중부내륙선,0450,E,1
r45-0,119860.0,119.3,0450VDE10400,중부내륙선,0450,E,1
r45-0,121160.0,120.6,0450VDE10500,중부내륙선,0450,E,1
r45-0,122060.0,121.5,0450VDE10600,중부내륙선,0450,E,1
r45-0,122160.0,121.55,0450VDE25401,중부내륙선,0450,E,1
r45-0,122960.0,122.4,0450VDE10700,중부내륙선,0450,E,1
r45-0,125350.0,124.8,0450VDE10900,중부내륙선,0450,E,1
r45-0,126550.0,126.0,0450VDE11100,중부내륙선,0450,E,1
r45-0,127750.0,127.2,0450VDE11200,중부내륙선,0450,E,1
r45-0,128840.0,128.3,0450VDE11300,중부내륙선,0450,E,1
r45-0,130140.0,129.6,0450VDE11400,중부내륙선,0450,E,1
r45-0,131140.0,130.6,0450VDE11301,중부내륙선,0450,E,1
r45-0,131540.0,131.0,0450VDE11302,중부내륙선,0450,E,1
r45-0,132340.0,131.8,0450VDE11303,중부내륙선,0450,E,1
r45-0,133530.0,133.0,0450VDE11306,중부내륙선,0450,E,1
r45-0,134330.0,133.8,0450VDE11500,중부내륙선,0450,E,1
r45-0,135530.0,135.0,0450VDE11600,중부내륙선,0450,E,1
r45-0,136420.0,135.9,0450VDE11700,중부내륙선,0450,E,1
r45-0,137220.0,136.7,0450VDE11000,중부내륙선,0450,E,1
r45-0,137320.0,136.79,0450VDE11750,중부내륙선,0450,E,1
r45-0,138120.0,137.6,0450VDE11800,중부내륙선,0450,E,1
r45-0,139120.0,138.6,0450VDE11900,중부내륙선,0450,E,1
r45-0,140320.0,139.8,0450VDE12000,중부내륙선,0450,E,1
r45-0,141310.0,140.8,0450VDE12100,중부내륙선,0450,E,1
r45-0,142110.0,141.6,0450VDE12200,중부내륙선,0450,E,1
r45-0,143210.0,142.7,0450VDE12300,중부내륙선,0450,E,1
r45-0,144110.0,143.6,0450VDE12400,중부내륙선,0450,E,1
r45-0,145100.0,144.6,0450VDE12500,중부내륙선,0450,E,1
r45-0,146300.0,145.8,0450VDE12600,중부내륙선,0450,E,1
r45-0,147390.0,146.9,0450VDE12700,중부내륙선,0450,E,1
r45-0,148490.0,148.0,0450VDE12800,중부내륙선,0450,E,1
r45-0,149390.0,148.9,0450VDE12900,중부내륙선,0450,E,1
r45-0,150590.0,150.1,0450VDE13000,중부내륙선,0450,E,1
r45-0,151480.0,151.0,0450VDE13100,중부내륙선,0450,E,1
r45-0,152480.0,152.0,0450VDE13200,중부내륙선,0450,E,1
r45-0,153480.0,153.0,0450VDE13300,중부내륙선,0450,E,1
r45-0,154480.0,154.0,0450VDE13400,중부내륙선,0450,E,1
r45-0,155680.0,155.2,0450VDE13500,중부내륙선,0450,E,1
r45-0,156570.0,156.1,0450VDE13600,중부내륙선,0450,E,1
r45-0,157570.0,157.1,0450VDE13700,중부내륙선,0450,E,1
r45-0,158470.0,158.0,0450VDE13800,중부내륙선,0450,E,1
r45-0,159470.0,159.0,0450VDE13900,중부내륙선,0450,E,1
r45-0,160570.0,160.1,0450VDE14000,중부내륙선,0450,E,1
r45-0,161660.0,161.2,0450VDE14100,중부내륙선,0450,E,1
r45-0,162560.0,162.1,0450VDE14200,중부내륙선,0450,E,1
r45-0,163560.0,163.1,0450VDE14300,중부내륙선,0450,E,1
r45-0,164550.0,164.1,0450VDE14400,중부내륙선,0450,E,1
r45-0,165350.0,164.9,0450VDE14500,중부내륙선,0450,E,1
r45-0,166350.0,165.9,0450VDE14600,중부내륙선,0450,E,1
r45-0,167340.0,166.9,0450VDE14700,중부내륙선,0450,E,1
r45-0,168350.0,167.9,0450VDE14800,중부내륙선,0450,E,1
r45-0,169250.0,168.8,0450VDE14900,중부내륙선,0450,E,1
r45-0,170350.0,169.9,0450VDE15000,중부내륙선,0450,E,1
r45-0,171740.0,171.3,0450VDE15100,중부내륙선,0450,E,1
r45-0,172340.0,171.9,0450VDE15200,중부내륙선,0450,E,1
r45-0,173340.0,172.9,0450VDE15300,중부내륙선,0450,E,1
r45-0,174540.0,174.1,0450VDE15400,중부내륙선,0450,E,1
r45-0,175430.0,175.0,0450VDE15500,중부내륙선,0450,E,1
r45-0,177030.0,176.6,0450VDE15600,중부내륙선,0450,E,1
r45-0,178220.0,177.8,0450VDE15700,중부내륙선,0450,E,1
r45-0,179120.0,178.7,0450VDE15800,중부내륙선,0450,E,1
r45-0,180320.0,179.9,0450VDE15900,중부내륙선,0450,E,1
r45-0,181120.0,180.7,0450VDE16000,중부내륙선,0450,E,1
r45-0,182120.0,181.7,0450VDE16100,중부내륙선,0450,E,1
r45-0,183010.0,182.6,0450VDE16200,중부내륙선,0450,E,1
r45-0,184110.0,183.72,0450VDE16201,중부내륙선,0450,E,1
r45-0,184510.0,184.14,0450VDE16202,중부내륙선,0450,E,1
r45-0,185310.0,184.94,0450VDE16204,중부내륙선,0450,E,1
r45-0,186410.0,186.0,0450VDE16206,중부내륙선,0450,E,1
r45-0,187700.0,187.3,0450VDE16300,중부내륙선,0450,E,1
r45-0,188400.0,187.95,0450VDE16301,중부내륙선,0450,E,1
r45-0,189100.0,188.7,0450VDE16302,중부내륙선,0450,E,1
r45-0,189900.0,189.49,0450VDE16304,중부내륙선,0450,E,1
r45-0,190700.0,190.3,0450VDE16306,중부내륙선,0450,E,1
r45-0,191490.0,191.09,0450VDE16308,중부내륙선,0450,E,1
r45-0,192390.0,192.0,0450VDE16309,중부내륙선,0450,E,1
r45-0,193190.0,192.8,0450VDE16400,중부내륙선,0450,E,1
r45-0,194190.0,193.8,0450VDE16500,중부내륙선,0450,E,1
r45-0,195390.0,195.0,0450VDE16600,중부내륙선,0450,E,1
r45-0,196280.0,195.9,0450VDE16601,중부내륙선,0450,E,1
r45-0,196780.0,196.4,0450VDE16602,중부내륙선,0450,E,1
r45-0,197580.0,197.2,0450VDE16604,중부내륙선,0450,E,1
r45-0,198880.0,198.5,0450VDE16606,중부내륙선,0450,E,1
r45-0,199180.0,198.8,0450VDE16607,중부내륙선,0450,E,1
r45-0,199770.0,199.4,0450VDE16608,중부내륙선,0450,E,1
r45-0,200470.0,200.1,0450VDE16611,중부내륙선,0450,E,1
r45-0,201270.0,200.9,0450VDE16613,중부내륙선,0450,E,1
r45-0,202070.0,201.7,0450VDE16615,중부내륙선,0450,E,1
r45-0,202870.0,202.5,0450VDE16617,중부내륙선,0450,E,1
r45-0,203470.0,203.1,0450VDE16618,중부내륙선,0450,E,1
r45-0,204560.0,204.2,0450VDE16700,중부내륙선,0450,E,1
r45-0,205160.0,204.8,0450VDE16800,중부내륙선,0450,E,1
r45-0,206160.0,205.8,0450VDE16900,중부내륙선,0450,E,1
r45-0,206760.0,206.4,0450VDE17000,중부내륙선,0450,E,1
r45-0,207860.0,207.5,0450VDE17100,중부내륙선,0450,E,1
r45-0,208860.0,208.5,0450VDE17200,중부내륙선,0450,E,1
r45-0,209960.0,209.6,0450VDE17300,중부내륙선,0450,E,1
r45-0,211050.0,210.73,0450VDE17400,중부내륙선,0450,E,1
r45-0,211950.0,211.6,0450VDE17500,중부내륙선,0450,E,1
r45-0,212550.0,212.2,0450VDE17600,중부내륙선,0450,E,1
r45-0,213940.0,213.6,0450VDE17700,중부내륙선,0450,E,1
r45-0,215340.0,215.0,0450VDE17800,중부내륙선,0450,E,1
r45-0,216740.0,216.4,0450VDE17900,중부내륙선,0450,E,1
r45-0,216940.0,216.6,0450VDE17901,중부내륙선,0450,E,1
r45-0,217840.0,217.5,0450VDE18000,중부내륙선,0450,E,1
r45-0,218640.0,218.3,0450VDE18100,중부내륙선,0450,E,1
r45-0,219630.0,219.3,0450VDE18200,중부내륙선,0450,E,1
r45-0,220730.0,220.4,0450VDE18300,중부내륙선,0450,E,1
r45-0,221920.0,221.6,0450VDE18400,중부내륙선,0450,E,1
r45-0,223220.0,222.9,0450VDE18500,중부내륙선,0450,E,1
r45-0,224220.0,223.9,0450VDE18600,중부내륙선,0450,E,1
r45-0,225720.0,225.4,0450VDE18700,중부내륙선,0450,E,1
r45-0,226710.0,226.4,0450VDE18800,중부내륙선,0450,E,1
r45-0,228310.0,228.0,0450VDE18900,중부내륙선,0450,E,1
r45-0,229410.0,229.1,0450VDE19000,중부내륙선,0450,E,1
r45-0,230810.0,230.5,0450VDE19100,중부내륙선,0450,E,1
r45-0,231910.0,231.6,0450VDE19200,중부내륙선,0450,E,1
r45-0,233910.0,233.6,0450VDE19400,중부내륙선,0450,E,1
r45-0,235400.0,235.1,0450VDE19500,중부내륙선,0450,E,1
r45-0,236300.0,236.0,0450VDE19600,중부내륙선,0450,E,1
r45-0,237200.0,236.9,0450VDE19700,중부내륙선,0450,E,1
r45-0,238100.0,237.8,0450VDE19800,중부내륙선,0450,E,1
r45-0,238900.0,238.6,0450VDE19900,중부내륙선,0450,E,1
r45-0,239890.0,239.6,0450VDE20000,중부내륙선,0450,E,1
r45-0,240680.0,240.4,0450VDE20100,중부내륙선,0450,E,1
r45-0,241580.0,241.3,0450VDE20200,중부내륙선,0450,E,1
r45-0,243080.0,242.8,0450VDE20300,중부내륙선,0450,E,1
r45-0,244270.0,244.0,0450VDE20400,중부내륙선,0450,E,1
r45-0,245270.0,245.0,0450VDE20500,중부내륙선,0450,E,1
r45-0,246270.0,246.0,0450VDE20600,중부내륙선,0450,E,1
r45-0,247570.0,247.3,0450VDE20700,중부내륙선,0450,E,1
r45-0,248470.0,248.2,0450VDE20750,중부내륙선,0450,E,1
r45-0,248470.0,248.2,0450VDE20760,중부내륙선,0450,E,1
r45-0,248570.0,248.33,0450VDE20800,중부내륙선,0450,E,1
r45-0,249570.0,249.3,0450VDE20900,중부내륙선,0450,E,1
r45-0,250370.0,250.1,0450VDE21000,중부내륙선,0450,E,1
r45-0,251470.0,251.2,0450VDE21100,중부내륙선,0450,E,1
r45-0,252460.0,252.2,0450VDE21200,중부내륙선,0450,E,1
r45-0,253750.0,253.5,0450VDE21300,중부내륙선,0450,E,1
r45-0,254650.0,254.4,0450VDE21400,중부내륙선,0450,E,1
r45-0,255450.0,255.2,0450VDE21500,중부내륙선,0450,E,1
r45-0,256350.0,256.1,0450VDE21600,중부내륙선,0450,E,1
r45-0,257750.0,257.5,0450VDE21700,중부내륙선,0450,E,1
r45-0,258550.0,258.3,0450VDE21800,중부내륙선,0450,E,1
r45-0,259440.0,259.2,0450VDE21900,중부내륙선,0450,E,1
r45-0,260340.0,260.1,0450VDE22000,중부내륙선,0450,E,1
r45-0,261340.0,261.13,0450VDE22100,중부내륙선,0450,E,1
r45-0,262240.0,261.99,0450VDE22200,중부내륙선,0450,E,1
r45-0,263240.0,262.99,0450VDE22300,중부내륙선,0450,E,1
r45-0,264140.0,263.9,0450VDE22400,중부내륙선,0450,E,1
r45-0,265030.0,264.8,0450VDE22500,중부내륙선,0450,E,1
r45-0,266230.0,266.0,0450VDE22600,중부내륙선,0450,E,1
r45-0,266230.0,266.0,0450VDE22610,중부내륙선,0450,E,1
r45-0,267520.0,267.3,0450VDE22650,중부내륙선,0450,E,1
r45-0,269520.0,269.3,0450VDE22800,중부내륙선,0450,E,1
r45-0,270820.0,270.6,0450VDE22900,중부내륙선,0450,E,1
r45-0,272920.0,272.7,0450VDE23050,중부내륙선,0450,E,1
r45-0,274020.0,273.8,0450VDE23110,중부내륙선,0450,E,1
r45-0,274020.0,273.8,0450VDE23100,중부내륙선,0450,E,1
r45-0,274020.0,273.8,0450VDE23120,중부내륙선,0450,E,1
r45-0,275830.0,275.6,0450VDE23300,중부내륙선,0450,E,1
r45-0,276530.0,276.3,0450VDE23400,중부내륙선,0450,E,1
r45-0,278730.0,278.5,0450VDE23550,중부내륙선,0450,E,1
r45-0,279730.0,279.5,0450VDE23600,중부내륙선,0450,E,1
r45-0,280730.0,280.5,0450VDE23700,중부내륙선,0450,E,1
r45-0,282720.0,282.5,0450VDE23900,중부내륙선,0450,E,1
r45-0,283440.0,283.2,0450VDE24050,중부내륙선,0450,E,1
r45-0,283440.0,283.2,0450VDE24060,중부내륙선,0450,E,1
r45-0,284840.0,284.6,0450VDE24200,중부내륙선,0450,E,1
r45-0,285840.0,285.6,0450VDE24300,중부내륙선,0450,E,1
r45-0,287840.0,287.6,0450VDE24500,중부내륙선,0450,E,1
r45-0,288440.0,288.2,0450VDE24511,중부내륙선,0450,E,1
r45-0,289440.0,289.2,0450VDE24512,중부내륙선,0450,E,1
r45-0,290440.0,290.2,0450VDE24513,중부내륙선,0450,E,1
r45-0,291540.0,291.3,0450VDE24514,중부내륙선,0450,E,1
r45-0,292640.0,292.4,0450VDE24515,중부내륙선,0450,E,1
r45-0,293630.0,293.4,0450VDE24516,중부내륙선,0450,E,1
r45-0,294440.0,294.2,0450VDE24517,중부내륙선,0450,E,1
r45-0,295740.0,295.5,0450VDE24700,중부내륙선,0450,E,1
r45-0,296640.0,296.4,0450VDE24800,중부내륙선,0450,E,1
r45-0,298440.0,298.2,0450VDE25000,중부내륙선,0450,E,1
r45-0,299340.0,299.1,0450VDE25100,중부내륙선,0450,E,1
r45-0,301340.0,301.1,0450VDE25251,중부내륙선,0450,E,1
r45-0,301440.0,301.2,0450VDE25300,중부내륙선,0450,E,1
r45-1,550.0,301.2,0450VDS25300,중부내륙선,0450,S,-1
r45-1,650.0,301.1,0450VDS25250,중부내륙선,0450,S,-1
r45-1,2650.0,299.1,0450VDS25100,중부내륙선,0450,S,-1
r45-1,3550.0,298.2,0450VDS25000,중부내륙선,0450,S,-1
r45-1,5350.0,296.4,0450VDS24800,중부내륙선,0450,S,-1
r45-1,6250.0,295.5,0450VDS24700,중부내륙선,0450,S,-1
r45-1,7550.0,294.2,0450VDS24507,중부내륙선,0450,S,-1
r45-1,8340.0,293.4,0450VDS24506,중부내륙선,0450,S,-1
r45-1,9360.0,292.4,0450VDS24505,중부내륙선,0450,S,-1
r45-1,10460.0,291.3,0450VDS24504,중부내륙선,0450,S,-1
r45-1,11570.0,290.2,0450VDS24503,중부내륙선,0450,S,-1
r45-1,12550.0,289.2,0450VDS24502,중부내륙선,0450,S,-1
r45-1,13350.0,288.4,0450VDS24501,중부내륙선,0450,S,-1
r45-1,14160.0,287.6,0450VDS24500,중부내륙선,0450,S,-1
r45-1,16150.0,285.6,0450VDS24300,중부내륙선,0450,S,-1
r45-1,17150.0,284.6,0450VDS24200,중부내륙선,0450,S,-1
r45-1,18550.0,283.2,0450VDS24060,중부내륙선,0450,S,-1
r45-1,18550.0,283.2,0450VDS24050,중부내륙선,0450,S,-1
r45-1,19260.0,282.5,0450VDS23900,중부내륙선,0450,S,-1
r45-1,21260.0,280.5,0450VDS23700,중부내륙선,0450,S,-1
r45-1,22260.0,279.5,0450VDS23600,중부내륙선,0450,S,-1
r45-1,23260.0,278.5,0450VDS23550,중부내륙선,0450,S,-1
r45-1,25460.0,276.3,0450VDS23400,중부내륙선,0450,S,-1
r45-1,26160.0,275.6,0450VDS23300,중부내륙선,0450,S,-1
r45-1,27960.0,273.8,0450VDS23110,중부내륙선,0450,S,-1
r45-1,27960.0,273.8,0450VDS23100,중부내륙선,0450,S,-1
r45-1,27960.0,273.8,0450VDS23120,중부내륙선,0450,S,-1
r45-1,29060.0,272.7,0450VDS23050,중부내륙선,0450,S,-1
r45-1,31160.0,270.6,0450VDS22900,중부내륙선,0450,S,-1
r45-1,32460.0,269.3,0450VDS22800,중부내륙선,0450,S,-1
r45-1,34460.0,267.3,0450VDS22650,중부내륙선,0450,S,-1
r45-1,35760.0,266.0,0450VDS22600,중부내륙선,0450,S,-1
r45-1,35760.0,266.0,0450VDS22610,중부내륙선,0450,S,-1
r45-1,35760.0,266.0,0450VDS22620,중부내륙선,0450,S,-1
r45-1,36960.0,264.8,0450VDS22500,중부내륙선,0450,S,-1
r45-1,37860.0,263.9,0450VDS22400,중부내륙선,0450,S,-1
r45-1,38760.0,262.99,0450VDS22300,중부내륙선,0450,S,-1
r45-1,39750.0,261.99,0450VDS22200,중부내륙선,0450,S,-1
r45-1,40650.0,261.13,0450VDS22100,중부내륙선,0450,S,-1
r45-1,41650.0,260.1,0450VDS22000,중부내륙선,0450,S,-1
r45-1,42550.0,259.2,0450VDS21900,중부내륙선,0450,S,-1
r45-1,43460.0,258.3,0450VDS21800,중부내륙선,0450,S,-1
r45-1,44260.0,257.5,0450VDS21700,중부내륙선,0450,S,-1
r45-1,45650.0,256.1,0450VDS21600,중부내륙선,0450,S,-1
r45-1,46550.0,255.2,0450VDS21500,중부내륙선,0450,S,-1
r45-1,47350.0,254.4,0450VDS21400,중부내륙선,0450,S,-1
r45-1,48250.0,253.5,0450VDS21300,중부내륙선,0450,S,-1
r45-1,48350.0,253.4,0450VDS19560,중부내륙선,0450,S,-1
r45-1,48350.0,253.4,0450VDS19550,중부내륙선,0450,S,-1
r45-1,49550.0,252.2,0450VDS21200,중부내륙선,0450,S,-1
r45-1,50550.0,251.2,0450VDS21100,중부내륙선,0450,S,-1
r45-1,51640.0,250.1,0450VDS21000,중부내륙선,0450,S,-1
r45-1,52440.0,249.3,0450VDS20900,중부내륙선,0450,S,-1
r45-1,53440.0,248.33,0450VDS20800,중부내륙선,0450,S,-1
r45-1,54440.0,247.3,0450VDS20700,중부내륙선,0450,S,-1
r45-1,55730.0,246.0,0450VDS20600,중부내륙선,0450,S,-1
r45-1,56730.0,245.0,0450VDS20500,중부내륙선,0450,S,-1
r45-1,57720.0,244.0,0450VDS20400,중부내륙선,0450,S,-1
r45-1,58920.0,242.8,0450VDS20300,중부내륙선,0450,S,-1
r45-1,60420.0,241.3,0450VDS20200,중부내륙선,0450,S,-1
r45-1,61310.0,240.4,0450VDS20100,중부내륙선,0450,S,-1
r45-1,62110.0,239.6,0450VDS20000,중부내륙선,0450,S,-1
r45-1,63110.0,238.6,0450VDS19900,중부내륙선,0450,S,-1
r45-1,63910.0,237.8,0450VDS19800,중부내륙선,0450,S,-1
r45-1,64810.0,236.9,0450VDS19700,중부내륙선,0450,S,-1
r45-1,65710.0,236.0,0450VDS19600,중부내륙선,0450,S,-1
r45-1,66610.0,235.1,0450VDS19500,중부내륙선,0450,S,-1
r45-1,68100.0,233.6,0450VDS19400,중부내륙선,0450,S,-1
r45-1,70100.0,231.6,0450VDS19200,중부내륙선,0450,S,-1
r45-1,71200.0,230.5,0450VDS19100,중부내륙선,0450,S,-1
r45-1,72590.0,229.1,0450VDS19000,중부내륙선,0450,S,-1
r45-1,73690.0,228.0,0450VDS18900,중부내륙선,0450,S,-1
r45-1,75270.0,226.4,0450VDS18800,중부내륙선,0450,S,-1
r45-1,76270.0,225.4,0450VDS18700,중부내륙선,0450,S,-1
r45-1,77760.0,223.9,0450VDS18600,중부내륙선,0450,S,-1
r45-1,78760.0,222.9,0450VDS18500,중부내륙선,0450,S,-1
r45-1,80060.0,221.6,0450VDS18400,중부내륙선,0450,S,-1
r45-1,81270.0,220.4,0450VDS18300,중부내륙선,0450,S,-1
r45-1,82380.0,219.3,0450VDS18200,중부내륙선,0450,S,-1
r45-1,83380.0,218.3,0450VDS18100,중부내륙선,0450,S,-1
r45-1,84170.0,217.5,0450VDS18000,중부내륙선,0450,S,-1
r45-1,84470.0,217.2,0450VDS17951,중부내륙선,0450,S,-1
r45-1,85270.0,216.4,0450VDS17900,중부내륙선,0450,S,-1
r45-1,86660.0,215.0,0450VDS17800,중부내륙선,0450,S,-1
r45-1,88050.0,213.6,0450VDS17700,중부내륙선,0450,S,-1
r45-1,89450.0,212.2,0450VDS17600,중부내륙선,0450,S,-1
r45-1,90060.0,211.6,0450VDS17500,중부내륙선,0450,S,-1
r45-1,90970.0,210.73,0450VDS17400,중부내륙선,0450,S,-1
r45-1,92060.0,209.6,0450VDS17300,중부내륙선,0450,S,-1
r45-1,93160.0,208.5,0450VDS17200,중부내륙선,0450,S,-1
r45-1,94160.0,207.5,0450VDS17100,중부내륙선,0450,S,-1
r45-1,95250.0,206.4,0450VDS17000,중부내륙선,0450,S,-1
r45-1,95850.0,205.8,0450VDS16900,중부내륙선,0450,S,-1
r45-1,96850.0,204.8,0450VDS16800,중부내륙선,0450,S,-1
r45-1,97440.0,204.2,0450VDS16700,중부내륙선,0450,S,-1
r45-1,98540.0,203.1,0450VDS16618,중부내륙선,0450,S,-1
r45-1,99140.0,202.5,0450VDS16616,중부내륙선,0450,S,-1
r45-1,99940.0,201.7,0450VDS16614,중부내륙선,0450,S,-1
r45-1,100740.0,200.9,0450VDS16612,중부내륙선,0450,S,-1
r45-1,101540.0,200.1,0450VDS16610,중부내륙선,0450,S,-1
r45-1,102140.0,199.5,0450VDS16609,중부내륙선,0450,S,-1
r45-1,102830.0,198.8,0450VDS16607,중부내륙선,0450,S,-1
r45-1,103130.0,198.5,0450VDS16606,중부내륙선,0450,S,-1
r45-1,103920.0,197.7,0450VDS16605,중부내륙선,0450,S,-1
r45-1,104710.0,196.9,0450VDS16603,중부내륙선,0450,S,-1
r45-1,105720.0,195.9,0450VDS16601,중부내륙선,0450,S,-1
r45-1,106630.0,195.0,0450VDS16600,중부내륙선,0450,S,-1
r45-1,107830.0,193.8,0450VDS16500,중부내륙선,0450,S,-1
r45-1,108830.0,192.8,0450VDS16400,중부내륙선,0450,S,-1
r45-1,109640.0,192.0,0450VDS16309,중부내륙선,0450,S,-1
r45-1,110340.0,191.28,0450VDS16308,중부내륙선,0450,S,-1
r45-1,111140.0,190.49,0450VDS16306,중부내륙선,0450,S,-1
r45-1,111940.0,189.7,0450VDS16304,중부내륙선,0450,S,-1
r45-1,112740.0,188.88,0450VDS16302,중부내륙선,0450,S,-1
r45-1,113630.0,187.95,0450VDS16301,중부내륙선,0450,S,-1
r45-1,114330.0,187.3,0450VDS16300,중부내륙선,0450,S,-1
r45-1,115620.0,186.0,0450VDS16206,중부내륙선,0450,S,-1
r45-1,116310.0,185.25,0450VDS16205,중부내륙선,0450,S,-1
r45-1,117110.0,184.46,0450VDS16203,중부내륙선,0450,S,-1
r45-1,117910.0,183.72,0450VDS16201,중부내륙선,0450,S,-1
r45-1,119010.0,182.6,0450VDS16200,중부내륙선,0450,S,-1
r45-1,119900.0,181.7,0450VDS16100,중부내륙선,0450,S,-1
r45-1,120900.0,180.7,0450VDS16000,중부내륙선,0450,S,-1
r45-1,121700.0,179.9,0450VDS15900,중부내륙선,0450,S,-1
r45-1,122900.0,178.7,0450VDS15800,중부내륙선,0450,S,-1
r45-1,123800.0,177.8,0450VDS15700,중부내륙선,0450,S,-1
r45-1,125000.0,176.6,0450VDS15600,중부내륙선,0450,S,-1
r45-1,125800.0,175.8,0450VDS15550,중부내륙선,0450,S,-1
r45-1,126590.0,175.0,0450VDS15500,중부내륙선,0450,S,-1
r45-1,127490.0,174.1,0450VDS15400,중부내륙선,0450,S,-1
r45-1,128680.0,172.9,0450VDS15300,중부내륙선,0450,S,-1
r45-1,129680.0,171.9,0450VDS15200,중부내륙선,0450,S,-1
r45-1,130280.0,171.3,0450VDS15100,중부내륙선,0450,S,-1
r45-1,131680.0,169.9,0450VDS15000,중부내륙선,0450,S,-1
r45-1,132770.0,168.8,0450VDS14900,중부내륙선,0450,S,-1
r45-1,133670.0,167.9,0450VDS14800,중부내륙선,0450,S,-1
r45-1,134670.0,166.9,0450VDS14700,중부내륙선,0450,S,-1
r45-1,135670.0,165.9,0450VDS14600,중부내륙선,0450,S,-1
r45-1,136660.0,164.9,0450VDS14500,중부내륙선,0450,S,-1
r45-1,137460.0,164.1,0450VDS14400,중부내륙선,0450,S,-1
r45-1,138460.0,163.1,0450VDS14300,중부내륙선,0450,S,-1
r45-1,139460.0,162.1,0450VDS14200,중부내륙선,0450,S,-1
r45-1,140360.0,161.2,0450VDS14100,중부내륙선,0450,S,-1
r45-1,141460.0,160.1,0450VDS14000,중부내륙선,0450,S,-1
r45-1,142560.0,159.0,0450VDS13900,중부내륙선,0450,S,-1
r45-1,143550.0,158.0,0450VDS13800,중부내륙선,0450,S,-1
r45-1,144450.0,157.1,0450VDS13700,중부내륙선,0450,S,-1
r45-1,145450.0,156.1,0450VDS13600,중부내륙선,0450,S,-1
r45-1,146350.0,155.2,0450VDS13500,중부내륙선,0450,S,-1
r45-1,147550.0,154.0,0450VDS13400,중부내륙선,0450,S,-1
r45-1,148540.0,153.0,0450VDS13300,중부내륙선,0450,S,-1
r45-1,149540.0,152.0,0450VDS13200,중부내륙선,0450,S,-1
r45-1,150540.0,151.0,0450VDS13100,중부내륙선,0450,S,-1
r45-1,151430.0,150.1,0450VDS13000,중부내륙선,0450,S,-1
r45-1,152630.0,148.9,0450VDS12900,중부내륙선,0450,S,-1
r45-1,153530.0,148.0,0450VDS12800,중부내륙선,0450,S,-1
r45-1,154630.0,146.9,0450VDS12700,중부내륙선,0450,S,-1
r45-1,155720.0,145.8,0450VDS12600,중부내륙선,0450,S,-1
r45-1,156920.0,144.6,0450VDS12500,중부내륙선,0450,S,-1
r45-1,157920.0,143.6,0450VDS12400,중부내륙선,0450,S,-1
r45-1,158820.0,142.7,0450VDS12300,중부내륙선,0450,S,-1
r45-1,159890.0,141.6,0450VDS12200,중부내륙선,0450,S,-1
r45-1,160690.0,140.8,0450VDS12100,중부내륙선,0450,S,-1
r45-1,161690.0,139.8,0450VDS12000,중부내륙선,0450,S,-1
r45-1,162890.0,138.6,0450VDS11900,중부내륙선,0450,S,-1
r45-1,163880.0,137.6,0450VDS11800,중부내륙선,0450,S,-1
r45-1,164780.0,136.7,0450VDS11000,중부내륙선,0450,S,-1
r45-1,165580.0,135.9,0450VDS11700,중부내륙선,0450,S,-1
r45-1,166480.0,135.0,0450VDS11600,중부내륙선,0450,S,-1
r45-1,167680.0,133.8,0450VDS11500,중부내륙선,0450,S,-1
r45-1,168470.0,133.0,0450VDS11306,중부내륙선,0450,S,-1
r45-1,168880.0,132.6,0450VDS11305,중부내륙선,0450,S,-1
r45-1,169670.0,131.8,0450VDS11304,중부내륙선,0450,S,-1
r45-1,170880.0,130.6,0450VDS11301,중부내륙선,0450,S,-1
r45-1,171880.0,129.6,0450VDS11400,중부내륙선,0450,S,-1
r45-1,173180.0,128.3,0450VDS11300,중부내륙선,0450,S,-1
r45-1,174280.0,127.2,0450VDS11200,중부내륙선,0450,S,-1
r45-1,175470.0,126.0,0450VDS11100,중부내륙선,0450,S,-1
r45-1,176670.0,124.8,0450VDS10900,중부내륙선,0450,S,-1
r45-1,179060.0,122.4,0450VDS10700,중부내륙선,0450,S,-1
r45-1,179860.0,121.55,0450VDS25401,중부내륙선,0450,S,-1
r45-1,179960.0,121.5,0450VDS10600,중부내륙선,0450,S,-1
r45-1,180850.0,120.6,0450VDS10500,중부내륙선,0450,S,-1
r45-1,182150.0,119.3,0450VDS10400,중부내륙선,0450,S,-1
r45-1,182750.0,118.7,0450VDS10350,중부내륙선,0450,S,-1
r45-1,183150.0,118.3,0450VDS10300,중부내륙선,0450,S,-1
r45-1,184350.0,117.1,0450VDS10200,중부내륙선,0450,S,-1
r45-1,185550.0,115.9,0450VDS10100,중부내륙선,0450,S,-1
r45-1,186930.0,114.8,0450VDS10000,중부내륙선,0450,S,-1
r45-1,187930.0,113.8,0450VDS09900,중부내륙선,0450,S,-1
r45-1,188830.0,112.9,0450VDS09750,중부내륙선,0450,S,-1
r45-1,189720.0,111.95,0450VDS09711,중부내륙선,0450,S,-1
r45-1,191410.0,110.26,0450VDS09707,중부내륙선,0450,S,-1
r45-1,192310.0,109.4,0450VDS09706,중부내륙선,0450,S,-1
r45-1,193990.0,107.73,0450VDS09705,중부내륙선,0450,S,-1
r45-1,195020.0,106.74,0450VDS09702,중부내륙선,0450,S,-1
r45-1,195420.0,106.32,0450VDS09701,중부내륙선,0450,S,-1
r45-1,196120.0,105.6,0450VDS09700,중부내륙선,0450,S,-1
r45-1,197130.0,104.6,0450VDS09600,중부내륙선,0450,S,-1
r45-1,198230.0,103.5,0450VDS09500,중부내륙선,0450,S,-1
r45-1,199520.0,102.2,0450VDS09400,중부내륙선,0450,S,-1
r45-1,200420.0,101.3,0450VDS09300,중부내륙선,0450,S,-1
r45-1,201320.0,100.4,0450VDS09200,중부내륙선,0450,S,-1
r45-1,202220.0,99.5,0450VDS09100,중부내륙선,0450,S,-1
r45-1,203320.0,98.4,0450VDS09000,중부내륙선,0450,S,-1
r45-1,204310.0,97.4,0450VDS08900,중부내륙선,0450,S,-1
r45-1,205310.0,96.4,0450VDS08800,중부내륙선,0450,S,-1
r45-1,206310.0,95.4,0450VDS08700,중부내륙선,0450,S,-1
r45-1,207210.0,94.5,0450VDS08600,중부내륙선,0450,S,-1
r45-1,208210.0,93.5,0450VDS08500,중부내륙선,0450,S,-1
r45-1,209210.0,92.5,0450VDS08400,중부내륙선,0450,S,-1
r45-1,210210.0,91.5,0450VDS08300,중부내륙선,0450,S,-1
r45-1,211210.0,90.5,0450VDS08200,중부내륙선,0450,S,-1
r45-1,212310.0,89.4,0450VDS08100,중부내륙선,0450,S,-1
r45-1,213510.0,88.2,0450VDS08000,중부내륙선,0450,S,-1
r45-1,214710.0,87.0,0450VDS07900,중부내륙선,0450,S,-1
r45-1,215710.0,86.0,0450VDS07800,중부내륙선,0450,S,-1
r45-1,216810.0,84.9,0450VDS07700,중부내륙선,0450,S,-1
r45-1,217710.0,84.0,0450VDS07600,중부내륙선,0450,S,-1
r45-1,218710.0,83.0,0450VDS07500,중부내륙선,0450,S,-1
r45-1,219710.0,82.0,0450VDS07400,중부내륙선,0450,S,-1
r45-1,220710.0,81.0,0450VDS07300,중부내륙선,0450,S,-1
r45-1,221600.0,80.1,0450VDS07200,중부내륙선,0450,S,-1
r45-1,222700.0,79.0,0450VDS07100,중부내륙선,0450,S,-1
r45-1,223810.0,77.9,0450VDS07000,중부내륙선,0450,S,-1
r45-1,224810.0,76.9,0450VDS06900,중부내륙선,0450,S,-1
r45-1,225700.0,76.0,0450VDS06800,중부내륙선,0450,S,-1
r45-1,226710.0,75.0,0450VDS06700,중부내륙선,0450,S,-1
r45-1,227910.0,73.8,0450VDS06600,중부내륙선,0450,S,-1
r45-1,228910.0,72.8,0450VDS06500,중부내륙선,0450,S,-1
r45-1,229910.0,71.8,0450VDS06400,중부내륙선,0450,S,-1
r45-1,230810.0,70.9,0450VDS06300,중부내륙선,0450,S,-1
r45-1,231410.0,70.3,0450VDS06250,중부내륙선,0450,S,-1
r45-1,231910.0,69.8,0450VDS06200,중부내륙선,0450,S,-1
r45-1,232930.0,68.8,0450VDS06100,중부내륙선,0450,S,-1
r45-1,234020.0,67.7,0450VDS06000,중부내륙선,0450,S,-1
r45-1,235310.0,66.4,0450VDS05900,중부내륙선,0450,S,-1
r45-1,236210.0,65.5,0450VDS05800,중부내륙선,0450,S,-1
r45-1,237210.0,64.5,0450VDS05700,중부내륙선,0450,S,-1
r45-1,238010.0,63.7,0450VDS05600,중부내륙선,0450,S,-1
r45-1,239110.0,62.6,0450VDS05500,중부내륙선,0450,S,-1
r45-1,240010.0,61.7,0450VDS05400,중부내륙선,0450,S,-1
r45-1,241310.0,60.4,0450VDS05300,중부내륙선,0450,S,-1
r45-1,242500.0,59.2,0450VDS05200,중부내륙선,0450,S,-1
r45-1,243410.0,58.3,0450VDS05100,중부내륙선,0450,S,-1
r45-1,244410.0,57.3,0450VDS05000,중부내륙선,0450,S,-1
r45-1,245500.0,56.2,0450VDS04900,중부내륙선,0450,S,-1
r45-1,246010.0,55.7,0450VDS04850,중부내륙선,0450,S,-1
r45-1,246410.0,55.3,0450VDS04800,중부내륙선,0450,S,-1
r45-1,247410.0,54.3,0450VDS04700,중부내륙선,0450,S,-1
r45-1,248500.0,53.2,0450VDS04600,중부내륙선,0450,S,-1
r45-1,251400.0,50.4,0450VDS04300,중부내륙선,0450,S,-1
r45-1,252290.0,49.5,0450VDS04200,중부내륙선,0450,S,-1
r45-1,253800.0,48.0,0450VDS04100,중부내륙선,0450,S,-1
r45-1,254790.0,47.0,0450VDS04000,중부내륙선,0450,S,-1
r45-1,256090.0,45.7,0450VDS03900,중부내륙선,0450,S,-1
r45-1,256900.0,44.9,0450VDS03800,중부내륙선,0450,S,-1
r45-1,257800.0,44.0,0450VDS03700,중부내륙선,0450,S,-1
r45-1,258790.0,43.0,0450VDS03600,중부내륙선,0450,S,-1
r45-1,260690.0,41.1,0450VDS03500,중부내륙선,0450,S,-1
r45-1,261590.0,40.2,0450VDS03400,중부내륙선,0450,S,-1
r45-1,262590.0,39.2,0450VDS03300,중부내륙선,0450,S,-1
r45-1,264290.0,37.5,0450VDS03200,중부내륙선,0450,S,-1
r45-1,265690.0,36.1,0450VDS03100,중부내륙선,0450,S,-1
r45-1,266690.0,35.1,0450VDS03000,중부내륙선,0450,S,-1
r45-1,267810.0,34.0,0450VDS02900,중부내륙선,0450,S,-1
r45-1,270000.0,31.8,0450VDS02800,중부내륙선,0450,S,-1
r45-1,271090.0,30.7,0450VDS02700,중부내륙선,0450,S,-1
r45-1,272100.0,29.7,0450VDS02600,중부내륙선,0450,S,-1
r45-1,273000.0,28.8,0450VDS02500,중부내륙선,0450,S,-1
r45-1,274490.0,27.3,0450VDS02400,중부내륙선,0450,S,-1
r45-1,274610.0,26.9,0450VDS02200,중부내륙선,0450,S,-1
r45-1,277410.0,24.1,0450VDS02100,중부내륙선,0450,S,-1
r45-1,278220.0,23.3,0450VDS02000,중부내륙선,0450,S,-1
r45-1,279510.0,22.0,0450VDS01900,중부내륙선,0450,S,-1
r45-1,280510.0,21.0,0450VDS01800,중부내륙선,0450,S,-1
r45-1,281410.0,20.1,0450VDS01700,중부내륙선,0450,S,-1
r45-1,282410.0,19.1,0450VDS01600,중부내륙선,0450,S,-1
r45-1,283410.0,18.1,0450VDS01500,중부내륙선,0450,S,-1
r45-1,285510.0,16.0,0450VDS01400,중부내륙선,0450,S,-1
r45-1,286600.0,14.9,0450VDS01300,중부내륙선,0450,S,-1
r45-1,287400.0,14.1,0450VDS01200,중부내륙선,0450,S,-1
r45-1,288500.0,13.0,0450VDS01100,중부내륙선,0450,S,-1
r45-1,289400.0,12.1,0450VDS01000,중부내륙선,0450,S,-1
r45-1,290400.0,11.1,0450VDS00900,중부내륙선,0450,S,-1
r45-1,291400.0,10.1,0450VDS00800,중부내륙선,0450,S,-1
r45-1,293990.0,7.5,0450VDS00700,중부내륙선,0450,S,-1
r45-1,294990.0,6.5,0450VDS00600,중부내륙선,0450,S,-1
r45-1,295990.0,5.5,0450VDS00500,중부내륙선,0450,S,-1
r45-1,296890.0,4.6,0450VDS00400,중부내륙선,0450,S,-1
r45-1,297900.0,3.6,0450VDS00300,중부내륙선,0450,S,-1
r45-1,299290.0,2.2,0450VDS00200,중부내륙선,0450,S,-1
r45-1,300390.0,1.1,0450VDS00100,중부내륙선,0450,S,-1
r50-0,1300.0,1.3,0500VDE00100,영동선,0500,E,1
r50-0,2300.0,2.3,0500VDE00200,영동선,0500,E,1
r50-0,3390.0,3.4,0500VDE00300,영동선,0500,E,1
r50-0,4900.0,4.9,0500VDE00400,영동선,0500,E,1
r50-0,6100.0,6.05,0500VDE00500,영동선,0500,E,1
r50-0,8690.0,8.7,0500VDE00700,영동선,0500,E,1
r50-0,9900.0,9.9,0500VDE00800,영동선,0500,E,1
r50-0,11300.0,11.3,0500VDE00900,영동선,0500,E,1
r50-0,12300.0,12.3,0500VDE00950,영동선,0500,E,1
r50-0,12300.0,12.3,0500VDE00951,영동선,0500,E,1
r50-0,12600.0,12.6,0500VDE01000,영동선,0500,E,1
r50-0,13800.0,13.8,0500VDE01100,영동선,0500,E,1
r50-0,14990.0,14.99,0500VDE01150,영동선,0500,E,1
r50-0,15200.0,15.2,0500VDE01200,영동선,0500,E,1
r50-0,16300.0,16.3,0500VDE01251,영동선,0500,E,1
r50-0,16300.0,16.3,0500VDE01250,영동선,0500,E,1
r50-0,16600.0,16.6,0500VDE01300,영동선,0500,E,1
r50-0,17700.0,17.7,0500VDE01370,영동선,0500,E,1
r50-0,19290.0,19.3,0500VDE01500,영동선,0500,E,1
r50-0,20590.0,20.6,0500VDE01600,영동선,0500,E,1
r50-0,21790.0,21.8,0500VDE01700,영동선,0500,E,1
r50-0,22200.0,22.2,0500VDE01750,영동선,0500,E,1
r50-0,22800.0,22.8,0500VDE01800,영동선,0500,E,1
r50-0,23700.0,23.7,0500VDE01900,영동선,0500,E,1
r50-0,24400.0,24.4,0500VDE01951,영동선,0500,E,1
r50-0,24400.0,24.4,0500VDE01950,영동선,0500,E,1
r50-0,24700.0,24.7,0500VDE02000,영동선,0500,E,1
r50-0,24800.0,24.8,0500VDE02100,영동선,0500,E,1
r50-0,26600.0,26.6,0500VDE02200,영동선,0500,E,1
r50-0,27490.0,27.5,0500VDE02300,영동선,0500,E,1
r50-0,28090.0,28.1,0500VDE02350,영동선,0500,E,1
r50-0,28090.0,28.1,0500VDE02351,영동선,0500,E,1
r50-0,28490.0,28.5,0500VDE02400,영동선,0500,E,1
r50-0,29600.0,29.6,0500VDE02500,영동선,0500,E,1
r50-0,30600.0,30.6,0500VDE02600,영동선,0500,E,1
r50-0,30800.0,30.8,0500VDE02650,영동선,0500,E,1
r50-0,30800.0,30.8,0500VDE02651,영동선,0500,E,1
r50-0,31890.0,31.9,0500VDE02700,영동선,0500,E,1
r50-0,33400.0,33.4,0500VDE02800,영동선,0500,E,1
r50-0,34290.0,34.28,0500VDE02951,영동선,0500,E,1
r50-0,35380.0,35.4,0500VDE03000,영동선,0500,E,1
r50-0,36180.0,36.17,0500VDE03100,영동선,0500,E,1
r50-0,37480.0,37.5,0500VDE03200,영동선,0500,E,1
r50-0,38370.0,38.4,0500VDE03300,영동선,0500,E,1
r50-0,39270.0,39.32,0500VDE03350,영동선,0500,E,1
r50-0,40170.0,40.2,0500VDE03400,영동선,0500,E,1
r50-0,40780.0,40.8,0500VDE03500,영동선,0500,E,1
r50-0,41570.0,41.6,0500VDE03520,영동선,0500,E,1
r50-0,41670.0,41.7,0500VDE03530,영동선,0500,E,1
r50-0,41770.0,41.8,0500VDE03540,영동선,0500,E,1
r50-0,41870.0,41.9,0500VDE03550,영동선,0500,E,1
r50-0,41970.0,42.0,0500VDE03560,영동선,0500,E,1
r50-0,42970.0,43.0,0500VDE03580,영동선,0500,E,1
r50-0,43970.0,44.0,0500VDE03650,영동선,0500,E,1
r50-0,44970.0,45.0,0500VDE03750,영동선,0500,E,1
r50-0,46070.0,46.1,0500VDE03850,영동선,0500,E,1
r50-0,46960.0,47.0,0500VDE03950,영동선,0500,E,1
r50-0,48150.0,48.19,0500VDE04101,영동선,0500,E,1
r50-0,48250.0,48.26,0500VDE04102,영동선,0500,E,1
r50-0,48350.0,48.4,0500VDE04152,영동선,0500,E,1
r50-0,48350.0,48.4,0500VDE04151,영동선,0500,E,1
r50-0,48350.0,48.4,0500VDE04150,영동선,0500,E,1
r50-0,49150.0,49.17,0500VDE04105,영동선,0500,E,1
r50-0,49150.0,49.19,0500VDE04106,영동선,0500,E,1
r50-0,50760.0,50.8,0500VDE04160,영동선,0500,E,1
r50-0,51160.0,51.2,0500VDE04200,영동선,0500,E,1
r50-0,52360.0,52.4,0500VDE04425,영동선,0500,E,1
r50-0,52460.0,52.5,0500VDE04450,영동선,0500,E,1
r50-0,52460.0,52.5,0500VDE04451,영동선,0500,E,1
r50-0,53260.0,53.3,0500VDE04550,영동선,0500,E,1
r50-0,54260.0,54.3,0500VDE04650,영동선,0500,E,1
r50-0,55360.0,55.4,0500VDE04750,영동선,0500,E,1
r50-0,58260.0,58.25,0500VDE05106,영동선,0500,E,1
r50-0,58650.0,58.72,0500VDE05102,영동선,0500,E,1
r50-0,59760.0,59.77,0500VDE05105,영동선,0500,E,1
r50-0,60370.0,60.4,0500VDE05250,영동선,0500,E,1
r50-0,60370.0,60.4,0500VDE05251,영동선,0500,E,1
r50-0,60770.0,60.82,0500VDE05300,영동선,0500,E,1
r50-0,61870.0,61.9,0500VDE05350,영동선,0500,E,1
r50-0,63060.0,63.1,0500VDE05450,영동선,0500,E,1
r50-0,63870.0,63.92,0500VDE05550,영동선,0500,E,1
r50-0,64860.0,64.9,0500VDE05600,영동선,0500,E,1
r50-0,65960.0,66.0,0500VDE05750,영동선,0500,E,1
r50-0,66860.0,66.9,0500VDE05920,영동선,0500,E,1
r50-0,67160.0,67.2,0500VDE05930,영동선,0500,E,1
r50-0,67560.0,67.64,0500VDE05940,영동선,0500,E,1
r50-0,67960.0,68.0,0500VDE05980,영동선,0500,E,1
r50-0,68860.0,68.85,0500VDE06050,영동선,0500,E,1
r50-0,70060.0,70.1,0500VDE06150,영동선,0500,E,1
r50-0,71360.0,71.39,0500VDE06350,영동선,0500,E,1
r50-0,72760.0,72.77,0500VDE06451,영동선,0500,E,1
r50-0,72760.0,72.77,0500VDE06450,영동선,0500,E,1
r50-0,72860.0,72.9,0500VDE06610,영동선,0500,E,1
r50-0,72960.0,73.0,0500VDE06620,영동선,0500,E,1
r50-0,73260.0,73.3,0500VDE06640,영동선,0500,E,1
r50-0,74260.0,74.25,0500VDE06681,영동선,0500,E,1
r50-0,74810.0,74.9,0500VDE06700,영동선,0500,E,1
r50-0,76210.0,76.3,0500VDE06800,영동선,0500,E,1
r50-0,77110.0,77.2,0500VDE06900,영동선,0500,E,1
r50-0,78110.0,78.2,0500VDE07000,영동선,0500,E,1
r50-0,79110.0,79.2,0500VDE07100,영동선,0500,E,1
r50-0,79710.0,79.8,0500VDE07150,영동선,0500,E,1
r50-0,79710.0,79.8,0500VDE07151,영동선,0500,E,1
r50-0,80410.0,80.5,0500VDE07200,영동선,0500,E,1
r50-0,81310.0,81.4,0500VDE07300,영동선,0500,E,1
r50-0,82300.0,82.4,0500VDE07400,영동선,0500,E,1
r50-0,83210.0,83.3,0500VDE07500,영동선,0500,E,1
r50-0,84310.0,84.4,0500VDE07600,영동선,0500,E,1
r50-0,84610.0,84.7,0500VDE07601,영동선,0500,E,1
r50-0,85210.0,85.3,0500VDE07700,영동선,0500,E,1
r50-0,86400.0,86.5,0500VDE07800,영동선,0500,E,1
r50-0,87300.0,87.4,0500VDE07900,영동선,0500,E,1
r50-0,90710.0,90.8,0500VDE08000,영동선,0500,E,1
r50-0,91600.0,91.7,0500VDE08100,영동선,0500,E,1
r50-0,93100.0,93.2,0500VDE08200,영동선,0500,E,1
r50-0,94100.0,94.2,0500VDE08300,영동선,0500,E,1
r50-0,94200.0,94.3,0500VDE08351,영동선,0500,E,1
r50-0,94200.0,94.3,0500VDE08350,영동선,0500,E,1
r50-0,95400.0,95.5,0500VDE08400,영동선,0500,E,1
r50-0,96400.0,96.5,0500VDE08500,영동선,0500,E,1
r50-0,99300.0,99.4,0500VDE08600,영동선,0500,E,1
r50-0,100100.0,100.2,0500VDE08700,영동선,0500,E,1
r50-0,101500.0,101.6,0500VDE08800,영동선,0500,E,1
r50-0,102800.0,102.9,0500VDE08900,영동선,0500,E,1
r50-0,104310.0,104.4,0500VDE09000,영동선,0500,E,1
r50-0,105600.0,105.7,0500VDE09100,영동선,0500,E,1
r50-0,106900.0,107.0,0500VDE09200,영동선,0500,E,1
r50-0,108400.0,108.5,0500VDE09300,영동선,0500,E,1
r50-0,109800.0,109.9,0500VDE09400,영동선,0500,E,1
r50-0,111100.0,111.2,0500VDE09500,영동선,0500,E,1
r50-0,113700.0,113.8,0500VDE09700,영동선,0500,E,1
r50-0,115590.0,115.7,0500VDE09800,영동선,0500,E,1
r50-0,116390.0,116.5,0500VDE09900,영동선,0500,E,1
r50-0,118300.0,118.4,0500VDE10000,영동선,0500,E,1
r50-0,119500.0,119.6,0500VDE10100,영동선,0500,E,1
r50-0,120490.0,120.6,0500VDE10200,영동선,0500,E,1
r50-0,121200.0,121.3,0500VDE10300,영동선,0500,E,1
r50-0,122190.0,122.3,0500VDE10400,영동선,0500,E,1
r50-0,123490.0,123.6,0500VDE10500,영동선,0500,E,1
r50-0,124790.0,124.9,0500VDE10600,영동선,0500,E,1
r50-0,125700.0,125.8,0500VDE10700,영동선,0500,E,1
r50-0,127300.0,127.4,0500VDE10800,영동선,0500,E,1
r50-0,128700.0,128.8,0500VDE10900,영동선,0500,E,1
r50-0,129990.0,130.1,0500VDE11000,영동선,0500,E,1
r50-0,130690.0,130.8,0500VDE11100,영동선,0500,E,1
r50-0,132090.0,132.2,0500VDE11200,영동선,0500,E,1
r50-0,133090.0,133.2,0500VDE11300,영동선,0500,E,1
r50-0,134100.0,134.2,0500VDE11400,영동선,0500,E,1
r50-0,134900.0,135.0,0500VDE11500,영동선,0500,E,1
r50-0,135700.0,135.8,0500VDE11600,영동선,0500,E,1
r50-0,136800.0,136.9,0500VDE11700,영동선,0500,E,1
r50-0,137490.0,137.6,0500VDE11800,영동선,0500,E,1
r50-0,138380.0,138.5,0500VDE11900,영동선,0500,E,1
r50-0,138980.0,139.1,0500VDE12000,영동선,0500,E,1
r50-0,140280.0,140.4,0500VDE12100,영동선,0500,E,1
r50-0,141480.0,141.59,0500VDE12200,영동선,0500,E,1
r50-0,142770.0,142.9,0500VDE12300,영동선,0500,E,1
r50-0,143670.0,143.8,0500VDE12400,영동선,0500,E,1
r50-0,144570.0,144.7,0500VDE12500,영동선,0500,E,1
r50-0,145380.0,145.5,0500VDE12600,영동선,0500,E,1
r50-0,146290.0,146.4,0500VDE12700,영동선,0500,E,1
r50-0,147190.0,147.3,0500VDE12800,영동선,0500,E,1
r50-0,148190.0,148.3,0500VDE12900,영동선,0500,E,1
r50-0,149390.0,149.5,0500VDE13000,영동선,0500,E,1
r50-0,150870.0,151.0,0500VDE13100,영동선,0500,E,1
r50-0,152380.0,152.5,0500VDE13200,영동선,0500,E,1
r50-0,153790.0,153.9,0500VDE13300,영동선,0500,E,1
r50-0,154790.0,154.9,0500VDE13400,영동선,0500,E,1
r50-0,155590.0,155.7,0500VDE13500,영동선,0500,E,1
r50-0,156580.0,156.7,0500VDE13600,영동선,0500,E,1
r50-0,157580.0,157.7,0500VDE13700,영동선,0500,E,1
r50-0,158480.0,158.6,0500VDE13800,영동선,0500,E,1
r50-0,160080.0,160.2,0500VDE13900,영동선,0500,E,1
r50-0,160770.0,160.9,0500VDE14000,영동선,0500,E,1
r50-0,162180.0,162.3,0500VDE14100,영동선,0500,E,1
r50-0,163080.0,163.2,0500VDE14200,영동선,0500,E,1
r50-0,163980.0,164.1,0500VDE14300,영동선,0500,E,1
r50-0,164980.0,165.1,0500VDE14400,영동선,0500,E,1
r50-0,165970.0,166.1,0500VDE14500,영동선,0500,E,1
r50-0,166870.0,167.0,0500VDE14600,영동선,0500,E,1
r50-0,168380.0,168.5,0500VDE14551,영동선,0500,E,1
r50-0,168780.0,168.92,0500VDE14602,영동선,0500,E,1
r50-0,169680.0,169.75,0500VDE14604,영동선,0500,E,1
r50-0,170380.0,170.5,0500VDE14651,영동선,0500,E,1
r50-0,171370.0,171.46,0500VDE14608,영동선,0500,E,1
r50-0,172070.0,172.15,0500VDE14610,영동선,0500,E,1
r50-0,172570.0,172.7,0500VDE14701,영동선,0500,E,1
r50-0,173270.0,173.4,0500VDE14700,영동선,0500,E,1
r50-0,174370.0,174.5,0500VDE14800,영동선,0500,E,1
r50-0,175260.0,175.4,0500VDE14900,영동선,0500,E,1
r50-0,176060.0,176.2,0500VDE15000,영동선,0500,E,1
r50-0,177060.0,177.18,0500VDE15100,영동선,0500,E,1
r50-0,177960.0,178.07,0500VDE15200,영동선,0500,E,1
r50-0,178470.0,178.6,0500VDE15101,영동선,0500,E,1
r50-0,179370.0,179.46,0500VDE15204,영동선,0500,E,1
r50-0,180660.0,180.8,0500VDE15300,영동선,0500,E,1
r50-0,181670.0,181.8,0500VDE15400,영동선,0500,E,1
r50-0,182370.0,182.5,0500VDE15500,영동선,0500,E,1
r50-0,183670.0,183.8,0500VDE15600,영동선,0500,E,1
r50-0,184560.0,184.7,0500VDE15700,영동선,0500,E,1
r50-0,185550.0,185.7,0500VDE15800,영동선,0500,E,1
r50-0,186450.0,186.6,0500VDE15900,영동선,0500,E,1
r50-0,188360.0,188.5,0500VDE16000,영동선,0500,E,1
r50-0,189460.0,189.6,0500VDE16100,영동선,0500,E,1
r50-0,190350.0,190.5,0500VDE16200,영동선,0500,E,1
r50-0,191250.0,191.4,0500VDE16300,영동선,0500,E,1
r50-0,192460.0,192.56,0500VDE16400,영동선,0500,E,1
r50-0,193450.0,193.6,0500VDE16500,영동선,0500,E,1
r50-0,193850.0,194.0,0500VDE16502,영동선,0500,E,1
r50-0,194450.0,194.6,0500VDE16501,영동선,0500,E,1
r50-0,195050.0,195.18,0500VDE16504,영동선,0500,E,1
r50-0,196550.0,196.67,0500VDE16508,영동선,0500,E,1
r50-0,196850.0,197.0,0500VDE16601,영동선,0500,E,1
r50-0,197750.0,197.9,0500VDE16600,영동선,0500,E,1
r50-0,199050.0,199.2,0500VDE16700,영동선,0500,E,1
r50-0,199950.0,200.1,0500VDE16800,영동선,0500,E,1
r50-0,200850.0,201.0,0500VDE16900,영동선,0500,E,1
r50-0,201850.0,202.0,0500VDE17000,영동선,0500,E,1
r50-0,202940.0,203.1,0500VDE17100,영동선,0500,E,1
r50-0,203740.0,203.9,0500VDE17200,영동선,0500,E,1
r50-0,204740.0,204.9,0500VDE17300,영동선,0500,E,1
r50-0,205750.0,205.9,0500VDE17400,영동선,0500,E,1
r50-0,206640.0,206.8,0500VDE17500,영동선,0500,E,1
r50-0,208540.0,208.7,0500VDE17700,영동선,0500,E,1
r50-0,209530.0,209.7,0500VDE17800,영동선,0500,E,1
r50-0,210530.0,210.7,0500VDE17900,영동선,0500,E,1
r50-0,211440.0,211.6,0500VDE18000,영동선,0500,E,1
r50-0,212630.0,212.8,0500VDE18100,영동선,0500,E,1
r50-0,213630.0,213.8,0500VDE18200,영동선,0500,E,1
r50-0,214630.0,214.8,0500VDE18202,영동선,0500,E,1
r50-0,214730.0,214.9,0500VDE18201,영동선,0500,E,1
r50-0,215530.0,215.7,0500VDE18204,영동선,0500,E,1
r50-0,216530.0,216.7,0500VDE18301,영동선,0500,E,1
r50-0,217930.0,218.1,0500VDE18300,영동선,0500,E,1
r50-0,219140.0,219.3,0500VDE18400,영동선,0500,E,1
r50-0,219940.0,220.1,0500VDE18402,영동선,0500,E,1
r50-0,221140.0,221.3,0500VDE18405,영동선,0500,E,1
r50-0,221340.0,221.5,0500VDE18452,영동선,0500,E,1
r50-0,222240.0,222.4,0500VDE18501,영동선,0500,E,1
r50-0,224440.0,224.6,0500VDE18600,영동선,0500,E,1
r50-0,225340.0,225.5,0500VDE18700,영동선,0500,E,1
r50-0,226440.0,226.6,0500VDE18800,영동선,0500,E,1
r50-0,228430.0,228.6,0500VDE19000,영동선,0500,E,1
r50-0,229730.0,229.9,0500VDE19100,영동선,0500,E,1
r50-0,230930.0,231.1,0500VDE19200,영동선,0500,E,1
r50-0,232130.0,232.3,0500VDE19300,영동선,0500,E,1
r50-1,680.0,232.3,0500VDS19300,영동선,0500,S,-1
r50-1,1870.0,231.1,0500VDS19200,영동선,0500,S,-1
r50-1,3070.0,229.9,0500VDS19100,영동선,0500,S,-1
r50-1,4370.0,228.6,0500VDS19000,영동선,0500,S,-1
r50-1,6370.0,226.6,0500VDS18800,영동선,0500,S,-1
r50-1,7470.0,225.5,0500VDS18700,영동선,0500,S,-1
r50-1,8370.0,224.6,0500VDS18600,영동선,0500,S,-1
r50-1,10380.0,222.56,0500VDS18408,영동선,0500,S,-1
r50-1,10580.0,222.4,0500VDS18501,영동선,0500,S,-1
r50-1,11870.0,221.1,0500VDS18451,영동선,0500,S,-1
r50-1,12070.0,220.9,0500VDS18404,영동선,0500,S,-1
r50-1,13660.0,219.3,0500VDS18400,영동선,0500,S,-1
r50-1,14860.0,218.1,0500VDS18300,영동선,0500,S,-1
r50-1,15960.0,217.0,0500VDS18302,영동선,0500,S,-1
r50-1,16650.0,216.3,0500VDS18205,영동선,0500,S,-1
r50-1,17740.0,215.2,0500VDS18203,영동선,0500,S,-1
r50-1,18030.0,214.9,0500VDS18201,영동선,0500,S,-1
r50-1,19130.0,213.8,0500VDS18200,영동선,0500,S,-1
r50-1,20130.0,212.8,0500VDS18100,영동선,0500,S,-1
r50-1,21330.0,211.6,0500VDS18000,영동선,0500,S,-1
r50-1,22230.0,210.7,0500VDS17900,영동선,0500,S,-1
r50-1,23230.0,209.7,0500VDS17800,영동선,0500,S,-1
r50-1,24230.0,208.7,0500VDS17700,영동선,0500,S,-1
r50-1,26130.0,206.8,0500VDS17500,영동선,0500,S,-1
r50-1,27020.0,205.9,0500VDS17400,영동선,0500,S,-1
r50-1,28020.0,204.9,0500VDS17300,영동선,0500,S,-1
r50-1,29020.0,203.9,0500VDS17200,영동선,0500,S,-1
r50-1,29820.0,203.1,0500VDS17100,영동선,0500,S,-1
r50-1,30920.0,202.0,0500VDS17000,영동선,0500,S,-1
r50-1,31920.0,201.0,0500VDS16900,영동선,0500,S,-1
r50-1,32820.0,200.1,0500VDS16800,영동선,0500,S,-1
r50-1,33720.0,199.2,0500VDS16700,영동선,0500,S,-1
r50-1,35010.0,197.9,0500VDS16600,영동선,0500,S,-1
r50-1,35610.0,197.3,0500VDS16602,영동선,0500,S,-1
r50-1,36710.0,196.17,0500VDS16508,영동선,0500,S,-1
r50-1,37510.0,195.41,0500VDS16506,영동선,0500,S,-1
r50-1,38010.0,194.9,0500VDS16502,영동선,0500,S,-1
r50-1,38710.0,194.2,0500VDS16503,영동선,0500,S,-1
r50-1,39310.0,193.6,0500VDS16500,영동선,0500,S,-1
r50-1,40320.0,192.56,0500VDS16400,영동선,0500,S,-1
r50-1,41520.0,191.4,0500VDS16300,영동선,0500,S,-1
r50-1,42420.0,190.5,0500VDS16200,영동선,0500,S,-1
r50-1,43310.0,189.6,0500VDS16100,영동선,0500,S,-1
r50-1,44410.0,188.5,0500VDS16000,영동선,0500,S,-1
r50-1,46310.0,186.6,0500VDS15900,영동선,0500,S,-1
r50-1,47210.0,185.7,0500VDS15800,영동선,0500,S,-1
r50-1,48210.0,184.7,0500VDS15700,영동선,0500,S,-1
r50-1,49100.0,183.8,0500VDS15600,영동선,0500,S,-1
r50-1,50410.0,182.5,0500VDS15500,영동선,0500,S,-1
r50-1,51110.0,181.8,0500VDS15400,영동선,0500,S,-1
r50-1,52110.0,180.8,0500VDS15300,영동선,0500,S,-1
r50-1,53010.0,179.9,0500VDS15205,영동선,0500,S,-1
r50-1,54010.0,178.9,0500VDS15102,영동선,0500,S,-1
r50-1,54800.0,178.07,0500VDS15200,영동선,0500,S,-1
r50-1,55700.0,177.18,0500VDS15100,영동선,0500,S,-1
r50-1,56690.0,176.2,0500VDS15000,영동선,0500,S,-1
r50-1,57490.0,175.4,0500VDS14900,영동선,0500,S,-1
r50-1,58390.0,174.5,0500VDS14800,영동선,0500,S,-1
r50-1,59490.0,173.4,0500VDS14700,영동선,0500,S,-1
r50-1,60190.0,172.7,0500VDS14701,영동선,0500,S,-1
r50-1,60690.0,172.17,0500VDS14610,영동선,0500,S,-1
r50-1,61590.0,171.34,0500VDS14608,영동선,0500,S,-1
r50-1,62390.0,170.5,0500VDS14652,영동선,0500,S,-1
r50-1,63190.0,169.71,0500VDS14604,영동선,0500,S,-1
r50-1,63990.0,168.93,0500VDS14602,영동선,0500,S,-1
r50-1,64390.0,168.5,0500VDS14551,영동선,0500,S,-1
r50-1,65890.0,167.0,0500VDS14600,영동선,0500,S,-1
r50-1,66790.0,166.1,0500VDS14500,영동선,0500,S,-1
r50-1,67790.0,165.1,0500VDS14400,영동선,0500,S,-1
r50-1,68790.0,164.1,0500VDS14300,영동선,0500,S,-1
r50-1,69690.0,163.2,0500VDS14200,영동선,0500,S,-1
r50-1,70590.0,162.3,0500VDS14100,영동선,0500,S,-1
r50-1,71990.0,160.9,0500VDS14000,영동선,0500,S,-1
r50-1,72680.0,160.2,0500VDS13900,영동선,0500,S,-1
r50-1,74280.0,158.6,0500VDS13800,영동선,0500,S,-1
r50-1,75180.0,157.7,0500VDS13700,영동선,0500,S,-1
r50-1,76180.0,156.7,0500VDS13600,영동선,0500,S,-1
r50-1,77180.0,155.7,0500VDS13500,영동선,0500,S,-1
r50-1,77980.0,154.9,0500VDS13400,영동선,0500,S,-1
r50-1,78980.0,153.9,0500VDS13300,영동선,0500,S,-1
r50-1,80380.0,152.5,0500VDS13200,영동선,0500,S,-1
r50-1,81880.0,151.0,0500VDS13100,영동선,0500,S,-1
r50-1,83380.0,149.5,0500VDS13000,영동선,0500,S,-1
r50-1,84580.0,148.3,0500VDS12900,영동선,0500,S,-1
r50-1,85580.0,147.3,0500VDS12800,영동선,0500,S,-1
r50-1,86470.0,146.4,0500VDS12700,영동선,0500,S,-1
r50-1,87380.0,145.5,0500VDS12600,영동선,0500,S,-1
r50-1,88180.0,144.7,0500VDS12500,영동선,0500,S,-1
r50-1,89080.0,143.8,0500VDS12400,영동선,0500,S,-1
r50-1,89980.0,142.9,0500VDS12300,영동선,0500,S,-1
r50-1,91280.0,141.59,0500VDS12200,영동선,0500,S,-1
r50-1,92480.0,140.4,0500VDS12100,영동선,0500,S,-1
r50-1,93780.0,139.1,0500VDS12000,영동선,0500,S,-1
r50-1,94380.0,138.5,0500VDS11900,영동선,0500,S,-1
r50-1,95270.0,137.6,0500VDS11800,영동선,0500,S,-1
r50-1,95970.0,136.9,0500VDS11700,영동선,0500,S,-1
r50-1,97070.0,135.8,0500VDS11600,영동선,0500,S,-1
r50-1,97870.0,135.0,0500VDS11500,영동선,0500,S,-1
r50-1,98670.0,134.2,0500VDS11400,영동선,0500,S,-1
r50-1,99670.0,133.2,0500VDS11300,영동선,0500,S,-1
r50-1,100670.0,132.2,0500VDS11200,영동선,0500,S,-1
r50-1,102070.0,130.8,0500VDS11100,영동선,0500,S,-1
r50-1,102770.0,130.1,0500VDS11000,영동선,0500,S,-1
r50-1,104070.0,128.8,0500VDS10900,영동선,0500,S,-1
r50-1,105470.0,127.4,0500VDS10800,영동선,0500,S,-1
r50-1,107070.0,125.8,0500VDS10700,영동선,0500,S,-1
r50-1,107970.0,124.9,0500VDS10600,영동선,0500,S,-1
r50-1,109270.0,123.6,0500VDS10500,영동선,0500,S,-1
r50-1,110570.0,122.3,0500VDS10400,영동선,0500,S,-1
r50-1,111570.0,121.3,0500VDS10300,영동선,0500,S,-1
r50-1,112270.0,120.6,0500VDS10200,영동선,0500,S,-1
r50-1,113270.0,119.6,0500VDS10100,영동선,0500,S,-1
r50-1,114480.0,118.4,0500VDS10000,영동선,0500,S,-1
r50-1,116380.0,116.5,0500VDS09900,영동선,0500,S,-1
r50-1,117180.0,115.7,0500VDS09800,영동선,0500,S,-1
r50-1,119080.0,113.8,0500VDS09700,영동선,0500,S,-1
r50-1,121680.0,111.2,0500VDS09500,영동선,0500,S,-1
r50-1,122970.0,109.9,0500VDS09400,영동선,0500,S,-1
r50-1,124370.0,108.5,0500VDS09300,영동선,0500,S,-1
r50-1,125870.0,107.0,0500VDS09200,영동선,0500,S,-1
r50-1,127170.0,105.7,0500VDS09100,영동선,0500,S,-1
r50-1,128470.0,104.4,0500VDS09000,영동선,0500,S,-1
r50-1,129960.0,102.9,0500VDS08900,영동선,0500,S,-1
r50-1,131260.0,101.6,0500VDS08800,영동선,0500,S,-1
r50-1,132660.0,100.2,0500VDS08700,영동선,0500,S,-1
r50-1,133460.0,99.4,0500VDS08600,영동선,0500,S,-1
r50-1,136360.0,96.5,0500VDS08500,영동선,0500,S,-1
r50-1,137360.0,95.5,0500VDS08400,영동선,0500,S,-1
r50-1,138560.0,94.3,0500VDS08351,영동선,0500,S,-1
r50-1,138560.0,94.3,0500VDS08350,영동선,0500,S,-1
r50-1,138660.0,94.2,0500VDS08300,영동선,0500,S,-1
r50-1,139660.0,93.2,0500VDS08200,영동선,0500,S,-1
r50-1,141160.0,91.7,0500VDS08100,영동선,0500,S,-1
r50-1,142060.0,90.8,0500VDS08000,영동선,0500,S,-1
r50-1,145450.0,87.4,0500VDS07900,영동선,0500,S,-1
r50-1,146350.0,86.5,0500VDS07800,영동선,0500,S,-1
r50-1,147550.0,85.3,0500VDS07700,영동선,0500,S,-1
r50-1,148450.0,84.4,0500VDS07600,영동선,0500,S,-1
r50-1,149550.0,83.33,0500VDS07501,영동선,0500,S,-1
r50-1,149550.0,83.3,0500VDS07500,영동선,0500,S,-1
r50-1,150450.0,82.4,0500VDS07400,영동선,0500,S,-1
r50-1,151450.0,81.4,0500VDS07300,영동선,0500,S,-1
r50-1,152350.0,80.5,0500VDS07200,영동선,0500,S,-1
r50-1,153050.0,79.8,0500VDS07151,영동선,0500,S,-1
r50-1,153050.0,79.8,0500VDS07150,영동선,0500,S,-1
r50-1,153650.0,79.2,0500VDS07100,영동선,0500,S,-1
r50-1,154650.0,78.2,0500VDS07000,영동선,0500,S,-1
r50-1,155650.0,77.2,0500VDS06900,영동선,0500,S,-1
r50-1,156550.0,76.3,0500VDS06800,영동선,0500,S,-1
r50-1,157950.0,74.9,0500VDS06700,영동선,0500,S,-1
r50-1,158510.0,74.25,0500VDS06680,영동선,0500,S,-1
r50-1,159300.0,73.46,0500VDS06650,영동선,0500,S,-1
r50-1,159300.0,73.5,0500VDS06660,영동선,0500,S,-1
r50-1,159900.0,72.9,0500VDS06610,영동선,0500,S,-1
r50-1,160000.0,72.8,0500VDS06500,영동선,0500,S,-1
r50-1,161400.0,71.39,0500VDS06350,영동선,0500,S,-1
r50-1,162700.0,70.1,0500VDS06150,영동선,0500,S,-1
r50-1,163900.0,68.85,0500VDS06050,영동선,0500,S,-1
r50-1,164800.0,68.0,0500VDS05980,영동선,0500,S,-1
r50-1,165590.0,67.2,0500VDS05930,영동선,0500,S,-1
r50-1,165790.0,66.97,0500VDS05925,영동선,0500,S,-1
r50-1,166790.0,66.0,0500VDS05750,영동선,0500,S,-1
r50-1,167890.0,64.9,0500VDS05600,영동선,0500,S,-1
r50-1,168890.0,63.92,0500VDS05550,영동선,0500,S,-1
r50-1,169690.0,63.1,0500VDS05450,영동선,0500,S,-1
r50-1,170890.0,61.9,0500VDS05350,영동선,0500,S,-1
r50-1,172000.0,60.82,0500VDS05300,영동선,0500,S,-1
r50-1,172400.0,60.4,0500VDS05250,영동선,0500,S,-1
r50-1,172400.0,60.4,0500VDS05251,영동선,0500,S,-1
r50-1,172990.0,59.77,0500VDS05105,영동선,0500,S,-1
r50-1,173490.0,59.34,0500VDS05104,영동선,0500,S,-1
r50-1,173490.0,59.34,0500VDS05103,영동선,0500,S,-1
r50-1,174490.0,58.25,0500VDS05106,영동선,0500,S,-1
r50-1,177100.0,55.65,0500VDS04780,영동선,0500,S,-1
r50-1,177200.0,55.63,0500VDS04760,영동선,0500,S,-1
r50-1,178500.0,54.3,0500VDS04650,영동선,0500,S,-1
r50-1,179500.0,53.3,0500VDS04550,영동선,0500,S,-1
r50-1,180300.0,52.5,0500VDS04451,영동선,0500,S,-1
r50-1,180300.0,52.5,0500VDS04450,영동선,0500,S,-1
r50-1,180400.0,52.4,0500VDS04425,영동선,0500,S,-1
r50-1,181590.0,51.2,0500VDS04200,영동선,0500,S,-1
r50-1,183090.0,49.69,0500VDS04108,영동선,0500,S,-1
r50-1,183190.0,49.59,0500VDS04107,영동선,0500,S,-1
r50-1,184090.0,48.71,0500VDS04104,영동선,0500,S,-1
r50-1,184090.0,48.71,0500VDS04103,영동선,0500,S,-1
r50-1,184390.0,48.4,0500VDS04150,영동선,0500,S,-1
r50-1,184390.0,48.4,0500VDS04152,영동선,0500,S,-1
r50-1,184390.0,48.4,0500VDS04151,영동선,0500,S,-1
r50-1,185800.0,47.0,0500VDS03950,영동선,0500,S,-1
r50-1,186700.0,46.1,0500VDS03850,영동선,0500,S,-1
r50-1,187800.0,45.0,0500VDS03750,영동선,0500,S,-1
r50-1,188800.0,44.0,0500VDS03650,영동선,0500,S,-1
r50-1,189800.0,43.0,0500VDS03580,영동선,0500,S,-1
r50-1,190800.0,42.0,0500VDS03560,영동선,0500,S,-1
r50-1,190900.0,41.9,0500VDS03550,영동선,0500,S,-1
r50-1,191000.0,41.8,0500VDS03540,영동선,0500,S,-1
r50-1,191100.0,41.7,0500VDS03530,영동선,0500,S,-1
r50-1,191200.0,41.6,0500VDS03520,영동선,0500,S,-1
r50-1,191990.0,40.8,0500VDS03500,영동선,0500,S,-1
r50-1,192600.0,40.2,0500VDS03400,영동선,0500,S,-1
r50-1,193500.0,39.32,0500VDS03350,영동선,0500,S,-1
r50-1,194400.0,38.4,0500VDS03300,영동선,0500,S,-1
r50-1,195290.0,37.5,0500VDS03200,영동선,0500,S,-1
r50-1,196580.0,36.17,0500VDS03100,영동선,0500,S,-1
r50-1,197380.0,35.4,0500VDS03000,영동선,0500,S,-1
r50-1,197580.0,35.21,0500VDS02952,영동선,0500,S,-1
r50-1,200890.0,31.9,0500VDS02700,영동선,0500,S,-1
r50-1,201990.0,30.8,0500VDS02651,영동선,0500,S,-1
r50-1,201990.0,30.8,0500VDS02650,영동선,0500,S,-1
r50-1,202190.0,30.6,0500VDS02600,영동선,0500,S,-1
r50-1,203190.0,29.6,0500VDS02500,영동선,0500,S,-1
r50-1,204290.0,28.5,0500VDS02400,영동선,0500,S,-1
r50-1,204690.0,28.1,0500VDS02350,영동선,0500,S,-1
r50-1,204690.0,28.1,0500VDS02351,영동선,0500,S,-1
r50-1,205290.0,27.5,0500VDS02300,영동선,0500,S,-1
r50-1,206190.0,26.6,0500VDS02200,영동선,0500,S,-1
r50-1,206890.0,25.88,0500VDS02150,영동선,0500,S,-1
r50-1,208000.0,24.8,0500VDS02100,영동선,0500,S,-1
r50-1,208100.0,24.7,0500VDS02000,영동선,0500,S,-1
r50-1,208390.0,24.4,0500VDS01951,영동선,0500,S,-1
r50-1,208390.0,24.4,0500VDS01950,영동선,0500,S,-1
r50-1,209090.0,23.7,0500VDS01900,영동선,0500,S,-1
r50-1,209990.0,22.8,0500VDS01800,영동선,0500,S,-1
r50-1,210590.0,22.2,0500VDS01750,영동선,0500,S,-1
r50-1,210990.0,21.8,0500VDS01700,영동선,0500,S,-1
r50-1,212190.0,20.6,0500VDS01600,영동선,0500,S,-1
r50-1,212390.0,20.4,0500VDS01651,영동선,0500,S,-1
r50-1,213490.0,19.3,0500VDS01500,영동선,0500,S,-1
r50-1,214800.0,18.0,0500VDS01410,영동선,0500,S,-1
r50-1,215090.0,17.7,0500VDS01380,영동선,0500,S,-1
r50-1,216200.0,16.6,0500VDS01300,영동선,0500,S,-1
r50-1,216500.0,16.3,0500VDS01251,영동선,0500,S,-1
r50-1,216500.0,16.3,0500VDS01250,영동선,0500,S,-1
r50-1,217600.0,15.2,0500VDS01200,영동선,0500,S,-1
r50-1,219000.0,13.8,0500VDS01100,영동선,0500,S,-1
r50-1,220200.0,12.6,0500VDS01000,영동선,0500,S,-1
r50-1,220500.0,12.3,0500VDS00951,영동선,0500,S,-1
r50-1,220500.0,12.3,0500VDS00950,영동선,0500,S,-1
r50-1,221490.0,11.3,0500VDS00900,영동선,0500,S,-1
r50-1,221990.0,10.8,0500VDS00850,영동선,0500,S,-1
r50-1,222890.0,9.9,0500VDS00800,영동선,0500,S,-1
r50-1,224080.0,8.7,0500VDS00700,영동선,0500,S,-1
r50-1,226790.0,6.0,0500VDS00500,영동선,0500,S,-1
r50-1,227890.0,4.9,0500VDS00400,영동선,0500,S,-1
r50-1,229380.0,3.4,0500VDS00300,영동선,0500,S,-1
r50-1,230480.0,2.3,0500VDS00200,영동선,0500,S,-1
r50-1,231480.0,1.3,0500VDS00100,영동선,0500,S,-1
r55-0,580.0,109.7,0550VDE00800,중앙선,0550,E,1
r55-0,1580.0,110.7,0550VDE00900,중앙선,0550,E,1
r55-0,2380.0,111.5,0550VDE01000,중앙선,0550,E,1
r55-0,3580.0,112.7,0550VDE01100,중앙선,0550,E,1
r55-0,4480.0,113.6,0550VDE01200,중앙선,0550,E,1
r55-0,5870.0,115.0,0550VDE01300,중앙선,0550,E,1
r55-0,6980.0,116.1,0550VDE01400,중앙선,0550,E,1
r55-0,8180.0,117.3,0550VDE01500,중앙선,0550,E,1
r55-0,9580.0,118.7,0550VDE01600,중앙선,0550,E,1
r55-0,10880.0,120.0,0550VDE01700,중앙선,0550,E,1
r55-0,11880.0,121.0,0550VDE01800,중앙선,0550,E,1
r55-0,13280.0,122.4,0550VDE01900,중앙선,0550,E,1
r55-0,14380.0,123.5,0550VDE02000,중앙선,0550,E,1
r55-0,15280.0,124.4,0550VDE02100,중앙선,0550,E,1
r55-0,15880.0,125.0,0550VDE02151,중앙선,0550,E,1
r55-0,16680.0,125.8,0550VDE02152,중앙선,0550,E,1
r55-0,17380.0,126.5,0550VDE02200,중앙선,0550,E,1
r55-0,18370.0,127.5,0550VDE02300,중앙선,0550,E,1
r55-0,19570.0,128.7,0550VDE02400,중앙선,0550,E,1
r55-0,20380.0,129.5,0550VDE02500,중앙선,0550,E,1
r55-0,21380.0,130.5,0550VDE02600,중앙선,0550,E,1
r55-0,22380.0,131.5,0550VDE02700,중앙선,0550,E,1
r55-0,23390.0,132.5,0550VDE02800,중앙선,0550,E,1
r55-0,24480.0,133.6,0550VDE02900,중앙선,0550,E,1
r55-0,26680.0,135.8,0550VDE03000,중앙선,0550,E,1
r55-0,28990.0,138.1,0550VDE03200,중앙선,0550,E,1
r55-0,30780.0,139.9,0550VDE03400,중앙선,0550,E,1
r55-0,32790.0,141.9,0550VDE03600,중앙선,0550,E,1
r55-0,34290.0,143.4,0550VDE03700,중앙선,0550,E,1
r55-0,35690.0,144.8,0550VDE03800,중앙선,0550,E,1
r55-0,36890.0,146.0,0550VDE03850,중앙선,0550,E,1
r55-0,37890.0,147.0,0550VDE04000,중앙선,0550,E,1
r55-0,39890.0,149.0,0550VDE04200,중앙선,0550,E,1
r55-0,41990.0,151.1,0550VDE04400,중앙선,0550,E,1
r55-0,43990.0,153.1,0550VDE04600,중앙선,0550,E,1
r55-0,45890.0,155.0,0550VDE04800,중앙선,0550,E,1
r55-0,46890.0,156.0,0550VDE04900,중앙선,0550,E,1
r55-0,48590.0,157.7,0550VDE05000,중앙선,0550,E,1
r55-0,50590.0,159.7,0550VDE05200,중앙선,0550,E,1
r55-0,52790.0,161.9,0550VDE05400,중앙선,0550,E,1
r55-0,54800.0,163.9,0550VDE05600,중앙선,0550,E,1
r55-0,56790.0,165.9,0550VDE05800,중앙선,0550,E,1
r55-0,58790.0,167.9,0550VDE06000,중앙선,0550,E,1
r55-0,60790.0,169.9,0550VDE06200,중앙선,0550,E,1
r55-0,62790.0,171.9,0550VDE06400,중앙선,0550,E,1
r55-0,63980.0,173.1,0550VDE06500,중앙선,0550,E,1
r55-0,67990.0,177.1,0550VDE06800,중앙선,0550,E,1
r55-0,69890.0,179.0,0550VDE07000,중앙선,0550,E,1
r55-0,71190.0,180.3,0550VDE07100,중앙선,0550,E,1
r55-0,72490.0,181.6,0550VDE07200,중앙선,0550,E,1
r55-0,74580.0,183.7,0550VDE07400,중앙선,0550,E,1
r55-0,76480.0,185.6,0550VDE07600,중앙선,0550,E,1
r55-0,78580.0,187.7,0550VDE07800,중앙선,0550,E,1
r55-0,80480.0,189.6,0550VDE08000,중앙선,0550,E,1
r55-0,82280.0,191.4,0550VDE08200,중앙선,0550,E,1
r55-0,84290.0,193.4,0550VDE08400,중앙선,0550,E,1
r55-0,85490.0,194.6,0550VDE08500,중앙선,0550,E,1
r55-0,86780.0,195.9,0550VDE08600,중앙선,0550,E,1
r55-0,88380.0,197.5,0550VDE08700,중앙선,0550,E,1
r55-0,90280.0,199.4,0550VDE08900,중앙선,0550,E,1
r55-0,92780.0,201.9,0550VDE09100,중앙선,0550,E,1
r55-0,93980.0,203.1,0550VDE09200,중앙선,0550,E,1
r55-0,95380.0,204.5,0550VDE09300,중앙선,0550,E,1
r55-0,97280.0,206.4,0550VDE09500,중앙선,0550,E,1
r55-0,99570.0,208.7,0550VDE09700,중앙선,0550,E,1
r55-0,101470.0,210.6,0550VDE09900,중앙선,0550,E,1
r55-0,103470.0,212.6,0550VDE10100,중앙선,0550,E,1
r55-0,105170.0,214.3,0550VDE10300,중앙선,0550,E,1
r55-0,106070.0,215.2,0550VDE10400,중앙선,0550,E,1
r55-0,108070.0,217.2,0550VDE10600,중앙선,0550,E,1
r55-0,109370.0,218.5,0550VDE10700,중앙선,0550,E,1
r55-0,110870.0,220.0,0550VDE10800,중앙선,0550,E,1
r55-0,112870.0,222.0,0550VDE11000,중앙선,0550,E,1
r55-0,114770.0,223.9,0550VDE11200,중앙선,0550,E,1
r55-0,116670.0,225.8,0550VDE11400,중앙선,0550,E,1
r55-0,118570.0,227.7,0550VDE11600,중앙선,0550,E,1
r55-0,120570.0,229.7,0550VDE11800,중앙선,0550,E,1
r55-0,122270.0,231.4,0550VDE12000,중앙선,0550,E,1
r55-0,123570.0,232.7,0550VDE12100,중앙선,0550,E,1
r55-0,125670.0,234.8,0550VDE12300,중앙선,0550,E,1
r55-0,127670.0,236.8,0550VDE12400,중앙선,0550,E,1
r55-0,129070.0,238.18,0550VDE12402,중앙선,0550,E,1
r55-0,130570.0,239.71,0550VDE12406,중앙선,0550,E,1
r55-0,132170.0,241.25,0550VDE12410,중앙선,0550,E,1
r55-0,134570.0,243.7,0550VDE12500,중앙선,0550,E,1
r55-0,136670.0,245.8,0550VDE12700,중앙선,0550,E,1
r55-0,138070.0,247.16,0550VDE12800,중앙선,0550,E,1
r55-0,139560.0,248.7,0550VDE12900,중앙선,0550,E,1
r55-0,141560.0,250.7,0550VDE13100,중앙선,0550,E,1
r55-0,142560.0,251.7,0550VDE13200,중앙선,0550,E,1
r55-0,144150.0,253.3,0550VDE13300,중앙선,0550,E,1
r55-0,146350.0,255.5,0550VDE13500,중앙선,0550,E,1
r55-0,147350.0,256.5,0550VDE13600,중앙선,0550,E,1
r55-0,148350.0,257.5,0550VDE13750,중앙선,0550,E,1
r55-0,150650.0,259.8,0550VDE13900,중앙선,0550,E,1
r55-0,153050.0,262.15,0550VDE14100,중앙선,0550,E,1
r55-0,155250.0,264.38,0550VDE14300,중앙선,0550,E,1
r55-0,157450.0,266.6,0550VDE14500,중앙선,0550,E,1
r55-0,158650.0,267.8,0550VDE14502,중앙선,0550,E,1
r55-0,159050.0,268.2,0550VDE14504,중앙선,0550,E,1
r55-0,160250.0,269.4,0550VDE14506,중앙선,0550,E,1
r55-0,161250.0,270.42,0550VDE14600,중앙선,0550,E,1
r55-0,163040.0,272.2,0550VDE14800,중앙선,0550,E,1
r55-0,164040.0,273.24,0550VDE14900,중앙선,0550,E,1
r55-0,166040.0,275.2,0550VDE15100,중앙선,0550,E,1
r55-0,168040.0,277.22,0550VDE15300,중앙선,0550,E,1
r55-0,169930.0,279.13,0550VDE15500,중앙선,0550,E,1
r55-0,171740.0,280.94,0550VDE15700,중앙선,0550,E,1
r55-0,173730.0,282.9,0550VDE15800,중앙선,0550,E,1
r55-0,175730.0,284.9,0550VDE16100,중앙선,0550,E,1
r55-0,177130.0,286.3,0550VDE16200,중앙선,0550,E,1
r55-0,179030.0,288.2,0550VDE16400,중앙선,0550,E,1
r55-0,181530.0,290.7,0550VDE16600,중앙선,0550,E,1
r55-0,183630.0,292.8,0550VDE16800,중앙선,0550,E,1
r55-0,185230.0,294.41,0550VDE16900,중앙선,0550,E,1
r55-0,186530.0,295.7,0550VDE17000,중앙선,0550,E,1
r55-0,188730.0,297.9,0550VDE17200,중앙선,0550,E,1
r55-0,190620.0,299.8,0550VDE17400,중앙선,0550,E,1
r55-0,192620.0,301.8,0550VDE17600,중앙선,0550,E,1
r55-0,194320.0,303.5,0550VDE17800,중앙선,0550,E,1
r55-0,196620.0,305.8,0550VDE18000,중앙선,0550,E,1
r55-0,198720.0,307.9,0550VDE18200,중앙선,0550,E,1
r55-0,200520.0,309.7,0550VDE18400,중앙선,0550,E,1
r55-0,202720.0,311.9,0550VDE18700,중앙선,0550,E,1
r55-0,204020.0,313.18,0550VDE18750,중앙선,0550,E,1
r55-0,205020.0,314.16,0550VDE18800,중앙선,0550,E,1
r55-0,206210.0,315.4,0550VDE18900,중앙선,0550,E,1
r55-0,207110.0,316.25,0550VDE18950,중앙선,0550,E,1
r55-0,207310.0,316.54,0550VDE19000,중앙선,0550,E,1
r55-0,209410.0,318.59,0550VDE19200,중앙선,0550,E,1
r55-0,211710.0,320.9,0550VDE19400,중앙선,0550,E,1
r55-0,212510.0,321.7,0550VDE19500,중앙선,0550,E,1
r55-0,212710.0,321.9,0550VDE19550,중앙선,0550,E,1
r55-0,213800.0,322.97,0550VDE19600,중앙선,0550,E,1
r55-0,215900.0,325.14,0550VDE19800,중앙선,0550,E,1
r55-0,218110.0,327.3,0550VDE20000,중앙선,0550,E,1
r55-0,220300.0,329.5,0550VDE20200,중앙선,0550,E,1
r55-0,222400.0,331.64,0550VDE20400,중앙선,0550,E,1
r55-0,224300.0,333.47,0550VDE20600,중앙선,0550,E,1
r55-0,226400.0,335.56,0550VDE20800,중앙선,0550,E,1
r55-0,227200.0,336.4,0550VDE21000,중앙선,0550,E,1
r55-0,230300.0,339.5,0550VDE21200,중앙선,0550,E,1
r55-0,232090.0,341.3,0550VDE21400,중앙선,0550,E,1
r55-0,234800.0,344.0,0550VDE21600,중앙선,0550,E,1
r55-0,236990.0,346.2,0550VDE21800,중앙선,0550,E,1
r55-0,238900.0,348.1,0550VDE22000,중앙선,0550,E,1
r55-0,240500.0,349.7,0550VDE22003,중앙선,0550,E,1
r55-0,241900.0,351.1,0550VDE22007,중앙선,0550,E,1
r55-0,244090.0,353.3,0550VDE22200,중앙선,0550,E,1
r55-0,246290.0,355.5,0550VDE22400,중앙선,0550,E,1
r55-0,249890.0,359.1,0550VDE22500,중앙선,0550,E,1
r55-0,251590.0,360.8,0550VDE22600,중앙선,0550,E,1
r55-0,253380.0,362.61,0550VDE22800,중앙선,0550,E,1
r55-0,255380.0,364.57,0550VDE23000,중앙선,0550,E,1
r55-0,258190.0,367.4,0550VDE23200,중앙선,0550,E,1
r55-0,260680.0,369.89,0550VDE23400,중앙선,0550,E,1
r55-0,260980.0,370.18,0550VDE23450,중앙선,0550,E,1
r55-0,261570.0,370.84,0550VDE23500,중앙선,0550,E,1
r55-0,262570.0,371.78,0550VDE23600,중앙선,0550,E,1
r55-0,263770.0,373.0,0550VDE23800,중앙선,0550,E,1
r55-0,265980.0,375.17,0550VDE24000,중앙선,0550,E,1
r55-0,266980.0,376.17,0550VDE24100,중앙선,0550,E,1
r55-0,267770.0,377.01,0550VDE24200,중앙선,0550,E,1
r55-0,269160.0,378.37,0550VDE24400,중앙선,0550,E,1
r55-0,270560.0,379.76,0550VDE24500,중앙선,0550,E,1
r55-0,273160.0,382.4,0550VDE24700,중앙선,0550,E,1
r55-0,274460.0,383.7,0550VDE24800,중앙선,0550,E,1
r55-0,275570.0,384.77,0550VDE24900,중앙선,0550,E,1
r55-1,1660.0,384.77,0550VDS24900,중앙선,0550,S,-1
r55-1,4030.0,382.4,0550VDS24700,중앙선,0550,S,-1
r55-1,6640.0,379.8,0550VDS24500,중앙선,0550,S,-1
r55-1,8340.0,378.1,0550VDS24400,중앙선,0550,S,-1
r55-1,9460.0,377.01,0550VDS24200,중앙선,0550,S,-1
r55-1,10370.0,376.1,0550VDS24100,중앙선,0550,S,-1
r55-1,11370.0,375.14,0550VDS24000,중앙선,0550,S,-1
r55-1,11960.0,374.5,0550VDS23900,중앙선,0550,S,-1
r55-1,13450.0,373.0,0550VDS23800,중앙선,0550,S,-1
r55-1,14650.0,371.78,0550VDS23600,중앙선,0550,S,-1
r55-1,15650.0,370.84,0550VDS23500,중앙선,0550,S,-1
r55-1,16560.0,369.89,0550VDS23400,중앙선,0550,S,-1
r55-1,19070.0,367.4,0550VDS23200,중앙선,0550,S,-1
r55-1,21770.0,364.65,0550VDS23100,중앙선,0550,S,-1
r55-1,21860.0,364.57,0550VDS23000,중앙선,0550,S,-1
r55-1,23860.0,362.61,0550VDS22800,중앙선,0550,S,-1
r55-1,25670.0,360.8,0550VDS22600,중앙선,0550,S,-1
r55-1,27360.0,359.1,0550VDS22500,중앙선,0550,S,-1
r55-1,30950.0,355.5,0550VDS22400,중앙선,0550,S,-1
r55-1,33150.0,353.3,0550VDS22200,중앙선,0550,S,-1
r55-1,35350.0,351.1,0550VDS22006,중앙선,0550,S,-1
r55-1,36350.0,350.1,0550VDS22002,중앙선,0550,S,-1
r55-1,38350.0,348.1,0550VDS22000,중앙선,0550,S,-1
r55-1,40240.0,346.2,0550VDS21800,중앙선,0550,S,-1
r55-1,42440.0,344.0,0550VDS21600,중앙선,0550,S,-1
r55-1,45160.0,341.3,0550VDS21400,중앙선,0550,S,-1
r55-1,46960.0,339.5,0550VDS21200,중앙선,0550,S,-1
r55-1,50040.0,336.4,0550VDS21000,중앙선,0550,S,-1
r55-1,50830.0,335.56,0550VDS20800,중앙선,0550,S,-1
r55-1,52940.0,333.47,0550VDS20600,중앙선,0550,S,-1
r55-1,54830.0,331.64,0550VDS20400,중앙선,0550,S,-1
r55-1,56930.0,329.5,0550VDS20200,중앙선,0550,S,-1
r55-1,59130.0,327.3,0550VDS20000,중앙선,0550,S,-1
r55-1,61330.0,325.14,0550VDS19800,중앙선,0550,S,-1
r55-1,63430.0,322.97,0550VDS19600,중앙선,0550,S,-1
r55-1,64730.0,321.7,0550VDS19500,중앙선,0550,S,-1
r55-1,65130.0,321.3,0550VDS19450,중앙선,0550,S,-1
r55-1,65530.0,320.9,0550VDS19400,중앙선,0550,S,-1
r55-1,67830.0,318.59,0550VDS19200,중앙선,0550,S,-1
r55-1,69930.0,316.54,0550VDS19000,중앙선,0550,S,-1
r55-1,71030.0,315.4,0550VDS18900,중앙선,0550,S,-1
r55-1,71740.0,314.7,0550VDS18850,중앙선,0550,S,-1
r55-1,72240.0,314.16,0550VDS18800,중앙선,0550,S,-1
r55-1,73240.0,313.18,0550VDS18750,중앙선,0550,S,-1
r55-1,74540.0,311.9,0550VDS18700,중앙선,0550,S,-1
r55-1,76750.0,309.7,0550VDS18400,중앙선,0550,S,-1
r55-1,78540.0,307.9,0550VDS18200,중앙선,0550,S,-1
r55-1,80630.0,305.8,0550VDS18000,중앙선,0550,S,-1
r55-1,82930.0,303.5,0550VDS17800,중앙선,0550,S,-1
r55-1,84650.0,301.8,0550VDS17500,중앙선,0550,S,-1
r55-1,86490.0,299.8,0550VDS17300,중앙선,0550,S,-1
r55-1,88390.0,297.9,0550VDS17200,중앙선,0550,S,-1
r55-1,90590.0,295.7,0550VDS17000,중앙선,0550,S,-1
r55-1,91880.0,294.41,0550VDS16900,중앙선,0550,S,-1
r55-1,93480.0,292.8,0550VDS16800,중앙선,0550,S,-1
r55-1,95590.0,290.7,0550VDS16600,중앙선,0550,S,-1
r55-1,98080.0,288.2,0550VDS16400,중앙선,0550,S,-1
r55-1,99980.0,286.3,0550VDS16200,중앙선,0550,S,-1
r55-1,101380.0,284.9,0550VDS16100,중앙선,0550,S,-1
r55-1,103380.0,282.9,0550VDS15800,중앙선,0550,S,-1
r55-1,105370.0,280.94,0550VDS15700,중앙선,0550,S,-1
r55-1,107170.0,279.13,0550VDS15500,중앙선,0550,S,-1
r55-1,109070.0,277.22,0550VDS15300,중앙선,0550,S,-1
r55-1,111070.0,275.2,0550VDS15100,중앙선,0550,S,-1
r55-1,113070.0,273.24,0550VDS14900,중앙선,0550,S,-1
r55-1,114070.0,272.2,0550VDS14800,중앙선,0550,S,-1
r55-1,115870.0,270.42,0550VDS14600,중앙선,0550,S,-1
r55-1,116970.0,269.3,0550VDS14505,중앙선,0550,S,-1
r55-1,118070.0,268.2,0550VDS14503,중앙선,0550,S,-1
r55-1,118470.0,267.8,0550VDS14501,중앙선,0550,S,-1
r55-1,119660.0,266.6,0550VDS14500,중앙선,0550,S,-1
r55-1,121860.0,264.38,0550VDS14300,중앙선,0550,S,-1
r55-1,124060.0,262.15,0550VDS14100,중앙선,0550,S,-1
r55-1,126450.0,259.8,0550VDS13900,중앙선,0550,S,-1
r55-1,128350.0,257.9,0550VDS13650,중앙선,0550,S,-1
r55-1,129760.0,256.5,0550VDS13600,중앙선,0550,S,-1
r55-1,130770.0,255.5,0550VDS13500,중앙선,0550,S,-1
r55-1,132970.0,253.3,0550VDS13300,중앙선,0550,S,-1
r55-1,134570.0,251.7,0550VDS13200,중앙선,0550,S,-1
r55-1,135570.0,250.7,0550VDS13100,중앙선,0550,S,-1
r55-1,137570.0,248.7,0550VDS12900,중앙선,0550,S,-1
r55-1,139070.0,247.16,0550VDS12800,중앙선,0550,S,-1
r55-1,140470.0,245.8,0550VDS12700,중앙선,0550,S,-1
r55-1,142560.0,243.7,0550VDS12500,중앙선,0550,S,-1
r55-1,144260.0,242.01,0550VDS12412,중앙선,0550,S,-1
r55-1,145760.0,240.48,0550VDS12408,중앙선,0550,S,-1
r55-1,147260.0,238.95,0550VDS12404,중앙선,0550,S,-1
r55-1,149450.0,236.8,0550VDS12400,중앙선,0550,S,-1
r55-1,151460.0,234.8,0550VDS12300,중앙선,0550,S,-1
r55-1,153550.0,232.7,0550VDS12100,중앙선,0550,S,-1
r55-1,154850.0,231.4,0550VDS12000,중앙선,0550,S,-1
r55-1,156550.0,229.7,0550VDS11800,중앙선,0550,S,-1
r55-1,158540.0,227.7,0550VDS11600,중앙선,0550,S,-1
r55-1,160440.0,225.8,0550VDS11400,중앙선,0550,S,-1
r55-1,162350.0,223.9,0550VDS11200,중앙선,0550,S,-1
r55-1,164250.0,222.0,0550VDS11000,중앙선,0550,S,-1
r55-1,166250.0,220.0,0550VDS10800,중앙선,0550,S,-1
r55-1,167750.0,218.5,0550VDS10700,중앙선,0550,S,-1
r55-1,169040.0,217.2,0550VDS10600,중앙선,0550,S,-1
r55-1,171040.0,215.2,0550VDS10400,중앙선,0550,S,-1
r55-1,171940.0,214.3,0550VDS10300,중앙선,0550,S,-1
r55-1,173640.0,212.6,0550VDS10100,중앙선,0550,S,-1
r55-1,175640.0,210.6,0550VDS09900,중앙선,0550,S,-1
r55-1,177540.0,208.7,0550VDS09700,중앙선,0550,S,-1
r55-1,179840.0,206.4,0550VDS09500,중앙선,0550,S,-1
r55-1,181740.0,204.5,0550VDS09300,중앙선,0550,S,-1
r55-1,183130.0,203.1,0550VDS09200,중앙선,0550,S,-1
r55-1,184330.0,201.9,0550VDS09100,중앙선,0550,S,-1
r55-1,186840.0,199.4,0550VDS08900,중앙선,0550,S,-1
r55-1,188740.0,197.5,0550VDS08700,중앙선,0550,S,-1
r55-1,190340.0,195.9,0550VDS08600,중앙선,0550,S,-1
r55-1,191640.0,194.6,0550VDS08500,중앙선,0550,S,-1
r55-1,192830.0,193.4,0550VDS08400,중앙선,0550,S,-1
r55-1,194820.0,191.4,0550VDS08200,중앙선,0550,S,-1
r55-1,196620.0,189.6,0550VDS08000,중앙선,0550,S,-1
r55-1,198520.0,187.7,0550VDS07800,중앙선,0550,S,-1
r55-1,200620.0,185.6,0550VDS07600,중앙선,0550,S,-1
r55-1,202520.0,183.7,0550VDS07400,중앙선,0550,S,-1
r55-1,204620.0,181.6,0550VDS07200,중앙선,0550,S,-1
r55-1,205930.0,180.3,0550VDS07100,중앙선,0550,S,-1
r55-1,207220.0,179.0,0550VDS07000,중앙선,0550,S,-1
r55-1,209120.0,177.1,0550VDS06800,중앙선,0550,S,-1
r55-1,213110.0,173.1,0550VDS06500,중앙선,0550,S,-1
r55-1,214320.0,171.9,0550VDS06400,중앙선,0550,S,-1
r55-1,216320.0,169.9,0550VDS06200,중앙선,0550,S,-1
r55-1,218320.0,167.9,0550VDS06000,중앙선,0550,S,-1
r55-1,220320.0,165.9,0550VDS05800,중앙선,0550,S,-1
r55-1,222320.0,163.9,0550VDS05600,중앙선,0550,S,-1
r55-1,224320.0,161.9,0550VDS05400,중앙선,0550,S,-1
r55-1,226520.0,159.7,0550VDS05200,중앙선,0550,S,-1
r55-1,228520.0,157.7,0550VDS05000,중앙선,0550,S,-1
r55-1,230220.0,156.0,0550VDS04900,중앙선,0550,S,-1
r55-1,231220.0,155.0,0550VDS04800,중앙선,0550,S,-1
r55-1,233120.0,153.1,0550VDS04600,중앙선,0550,S,-1
r55-1,235120.0,151.1,0550VDS04400,중앙선,0550,S,-1
r55-1,237220.0,149.0,0550VDS04200,중앙선,0550,S,-1
r55-1,239230.0,147.0,0550VDS04000,중앙선,0550,S,-1
r55-1,240220.0,146.0,0550VDS03850,중앙선,0550,S,-1
r55-1,241420.0,144.8,0550VDS03800,중앙선,0550,S,-1
r55-1,242820.0,143.4,0550VDS03700,중앙선,0550,S,-1
r55-1,244320.0,141.9,0550VDS03600,중앙선,0550,S,-1
r55-1,246310.0,139.9,0550VDS03400,중앙선,0550,S,-1
r55-1,248130.0,138.1,0550VDS03200,중앙선,0550,S,-1
r55-1,250420.0,135.8,0550VDS03000,중앙선,0550,S,-1
r55-1,252630.0,133.6,0550VDS02900,중앙선,0550,S,-1
r55-1,253730.0,132.5,0550VDS02800,중앙선,0550,S,-1
r55-1,254730.0,131.5,0550VDS02700,중앙선,0550,S,-1
r55-1,255730.0,130.5,0550VDS02600,중앙선,0550,S,-1
r55-1,256730.0,129.5,0550VDS02500,중앙선,0550,S,-1
r55-1,257540.0,128.7,0550VDS02400,중앙선,0550,S,-1
r55-1,258730.0,127.5,0550VDS02300,중앙선,0550,S,-1
r55-1,259740.0,126.5,0550VDS02200,중앙선,0550,S,-1
r55-1,260240.0,126.0,0550VDS02152,중앙선,0550,S,-1
r55-1,260940.0,125.3,0550VDS02151,중앙선,0550,S,-1
r55-1,261840.0,124.4,0550VDS02100,중앙선,0550,S,-1
r55-1,262740.0,123.5,0550VDS02000,중앙선,0550,S,-1
r55-1,263840.0,122.4,0550VDS01900,중앙선,0550,S,-1
r55-1,265240.0,121.0,0550VDS01800,중앙선,0550,S,-1
r55-1,266240.0,120.0,0550VDS01700,중앙선,0550,S,-1
r55-1,267540.0,118.7,0550VDS01600,중앙선,0550,S,-1
r55-1,268940.0,117.3,0550VDS01500,중앙선,0550,S,-1
r55-1,270140.0,116.1,0550VDS01400,중앙선,0550,S,-1
r55-1,271230.0,115.0,0550VDS01300,중앙선,0550,S,-1
r55-1,272630.0,113.6,0550VDS01200,중앙선,0550,S,-1
r55-1,273530.0,112.7,0550VDS01100,중앙선,0550,S,-1
r55-1,274730.0,111.5,0550VDS01000,중앙선,0550,S,-1
r55-1,275530.0,110.7,0550VDS00900,중앙선,0550,S,-1
r55-1,276530.0,109.7,0550VDS00800,중앙선,0550,S,-1
r55-2,480.0,0.5,0550VDE00150,중앙선,0550,E,1
r55-2,3670.0,3.7,0550VDE00100,중앙선,0550,E,1
r55-2,4570.0,4.6,0550VDE00200,중앙선,0550,E,1
r55-2,5580.0,5.6,0550VDE00250,중앙선,0550,E,1
r55-2,5780.0,5.8,0550VDE00310,중앙선,0550,E,1
r55-2,6880.0,6.9,0550VDE00400,중앙선,0550,E,1
r55-2,9590.0,9.6,0550VDE00650,중앙선,0550,E,1
r55-2,9890.0,9.9,0550VDE00700,중앙선,0550,E,1
r55-3,81620.0,9.6,0550VDS00650,중앙선,0550,S,-1
r55-3,81620.0,9.55,0550VDS00630,중앙선,0550,S,-1
r55-3,84330.0,6.9,0550VDS00400,중앙선,0550,S,-1
r55-3,85430.0,5.8,0550VDS00310,중앙선,0550,S,-1
r55-3,86630.0,4.6,0550VDS00200,중앙선,0550,S,-1
r55-3,86730.0,4.45,0550VDS00170,중앙선,0550,S,-1
r55-3,87540.0,3.7,0550VDS00100,중앙선,0550,S,-1
r55-3,90740.0,0.5,0550VDS00150,중앙선,0550,S,-1
r55-4,80.0,138.6,0010VDS08600,경부선,0010,S,-1
r55-4,1180.0,137.5,0010VDS08500,경부선,0010,S,-1
r55-4,2190.0,136.5,0010VDS08400,경부선,0010,S,-1
r55-4,2970.0,135.7,0010VDS08300,경부선,0010,S,-1
r55-4,4170.0,134.5,0010VDS08200,경부선,0010,S,-1
r55-4,4870.0,133.8,0010VDS08151,경부선,0010,S,-1
r55-4,5470.0,133.2,0010VDS08102,경부선,0010,S,-1
r55-4,5470.0,133.2,0010VDS08100,경부선,0010,S,-1
r55-4,6370.0,132.3,0010VDS08000,경부선,0010,S,-1
r55-4,7360.0,131.3,0010VDS07900,경부선,0010,S,-1
r55-4,8160.0,130.5,0010VDS07800,경부선,0010,S,-1
r55-4,9260.0,129.4,0010VDS07700,경부선,0010,S,-1
r55-4,9760.0,128.9,0010VDS07650,경부선,0010,S,-1
r55-4,10250.0,128.4,0010VDS07600,경부선,0010,S,-1
r55-4,11250.0,127.4,0010VDS07500,경부선,0010,S,-1
r55-4,12150.0,126.5,0010VDS07400,경부선,0010,S,-1
r55-4,13040.0,125.6,0010VDS07300,경부선,0010,S,-1
r55-4,14030.0,124.6,0010VDS07200,경부선,0010,S,-1
r55-4,15040.0,123.6,0010VDS07100,경부선,0010,S,-1
r55-4,15910.0,122.7,0010VDS07000,경부선,0010,S,-1
r55-5,580.0,123.6,0010VDE07100,경부선,0010,E,1
r55-5,1480.0,124.5,0010VDE07180,경부선,0010,E,1
r55-5,1580.0,124.6,0010VDE07200,경부선,0010,E,1
r55-5,2570.0,125.6,0010VDE07300,경부선,0010,E,1
r55-5,3480.0,126.5,0010VDE07400,경부선,0010,E,1
r55-5,4370.0,127.4,0010VDE07500,경부선,0010,E,1
r55-5,5370.0,128.4,0010VDE07600,경부선,0010,E,1
r55-5,6370.0,129.4,0010VDE07700,경부선,0010,E,1
r55-5,7470.0,130.5,0010VDE07800,경부선,0010,E,1
r55-5,8270.0,131.3,0010VDE07900,경부선,0010,E,1
r55-5,9270.0,132.3,0010VDE08000,경부선,0010,E,1
r55-5,10160.0,133.2,0010VDE08100,경부선,0010,E,1
r55-5,10160.0,133.2,0010VDE08101,경부선,0010,E,1
r55-5,10760.0,133.8,0010VDE08150,경부선,0010,E,1
r55-5,11460.0,134.5,0010VDE08200,경부선,0010,E,1
r55-5,12660.0,135.7,0010VDE08300,경부선,0010,E,1
r55-5,13460.0,136.5,0010VDE08400,경부선,0010,E,1
r55-5,14450.0,137.5,0010VDE08500,경부선,0010,E,1
r55-5,15550.0,138.6,0010VDE08600,경부선,0010,E,1
r60-0,1400.0,1.42,0600VDE00001,서울양양선,0600,E,1
r60-0,2400.0,2.43,0600VDE00002,서울양양선,0600,E,1
r60-0,4700.0,4.7,0600VDE00003,서울양양선,0600,E,1
r60-0,5600.0,5.56,0600VDE00004,서울양양선,0600,E,1
r60-0,6300.0,6.34,0600VDE00005,서울양양선,0600,E,1
r60-0,7800.0,7.8,0600VDE00006,서울양양선,0600,E,1
r60-0,9210.0,9.2,0600VDE00007,서울양양선,0600,E,1
r60-0,10310.0,10.25,0600VDE00008,서울양양선,0600,E,1
r60-0,12110.0,12.05,0600VDE00009,서울양양선,0600,E,1
r60-0,14800.0,14.78,0600VDE00010,서울양양선,0600,E,1
r60-0,15500.0,15.5,0600VDE00011,서울양양선,0600,E,1
r60-0,16500.0,16.47,0600VDE00012,서울양양선,0600,E,1
r60-0,18500.0,18.49,0600VDE00013,서울양양선,0600,E,1
r60-0,19500.0,19.51,0600VDE00014,서울양양선,0600,E,1
r60-0,20400.0,20.44,0600VDE00015,서울양양선,0600,E,1
r60-0,21300.0,21.31,0600VDE00016,서울양양선,0600,E,1
r60-0,22300.0,22.31,0600VDE00017,서울양양선,0600,E,1
r60-0,23310.0,23.33,0600VDE00018,서울양양선,0600,E,1
r60-0,24300.0,24.25,0600VDE00019,서울양양선,0600,E,1
r60-0,25300.0,25.25,0600VDE00020,서울양양선,0600,E,1
r60-0,27400.0,27.42,0600VDE00021,서울양양선,0600,E,1
r60-0,29500.0,29.48,0600VDE00022,서울양양선,0600,E,1
r60-0,31600.0,31.56,0600VDE00023,서울양양선,0600,E,1
r60-0,32500.0,32.45,0600VDE00024,서울양양선,0600,E,1
r60-0,33290.0,33.32,0600VDE00025,서울양양선,0600,E,1
r60-0,34890.0,34.91,0600VDE00026,서울양양선,0600,E,1
r60-0,36890.0,36.89,0600VDE00027,서울양양선,0600,E,1
r60-0,38990.0,39.0,0600VDE00028,서울양양선,0600,E,1
r60-0,40990.0,40.99,0600VDE00029,서울양양선,0600,E,1
r60-0,42390.0,42.44,0600VDE00030,서울양양선,0600,E,1
r60-0,44290.0,44.25,0600VDE00031,서울양양선,0600,E,1
r60-0,46590.0,46.57,0600VDE00032,서울양양선,0600,E,1
r60-0,47390.0,47.38,0600VDE00033,서울양양선,0600,E,1
r60-0,48590.0,48.58,0600VDE00034,서울양양선,0600,E,1
r60-0,49390.0,49.43,0600VDE00035,서울양양선,0600,E,1
r60-0,50180.0,50.2,0600VDE00036,서울양양선,0600,E,1
r60-0,51280.0,51.3,0600VDE00037,서울양양선,0600,E,1
r60-0,52280.0,52.26,0600VDE00038,서울양양선,0600,E,1
r60-0,53580.0,53.56,0600VDE00039,서울양양선,0600,E,1
r60-0,55680.0,55.74,0600VDE00040,서울양양선,0600,E,1
r60-0,56680.0,56.72,0600VDE00041,서울양양선,0600,E,1
r60-0,57980.0,58.01,0600VDE00042,서울양양선,0600,E,1
r60-0,59180.0,59.22,0600VDE00043,서울양양선,0600,E,1
r60-0,61380.0,61.4,0600VDE00044,서울양양선,0600,E,1
r60-0,62280.0,62.3,0600VDE00100,서울양양선,0600,E,1
r60-0,63580.0,63.6,0600VDE00200,서울양양선,0600,E,1
r60-0,64780.0,64.83,0600VDE00201,서울양양선,0600,E,1
r60-0,66980.0,66.95,0600VDE00206,서울양양선,0600,E,1
r60-0,68480.0,68.49,0600VDE00210,서울양양선,0600,E,1
r60-0,69480.0,69.51,0600VDE00212,서울양양선,0600,E,1
r60-0,70170.0,70.19,0600VDE00214,서울양양선,0600,E,1
r60-0,71870.0,71.9,0600VDE00217,서울양양선,0600,E,1
r60-0,73670.0,73.7,0600VDE00221,서울양양선,0600,E,1
r60-0,75770.0,75.8,0600VDE00300,서울양양선,0600,E,1
r60-0,79680.0,79.7,0600VDE00600,서울양양선,0600,E,1
r60-0,81280.0,81.27,0600VDE00700,서울양양선,0600,E,1
r60-0,83080.0,83.05,0600VDE00800,서울양양선,0600,E,1
r60-0,84980.0,84.95,0600VDE00850,서울양양선,0600,E,1
r60-0,86780.0,86.75,0600VDE00901,서울양양선,0600,E,1
r60-0,88880.0,88.92,0600VDE01001,서울양양선,0600,E,1
r60-0,90880.0,90.92,0600VDE01101,서울양양선,0600,E,1
r60-0,92970.0,93.02,0600VDE01201,서울양양선,0600,E,1
r60-0,94770.0,94.82,0600VDE01300,서울양양선,0600,E,1
r60-0,96370.0,96.36,0600VDE01400,서울양양선,0600,E,1
r60-0,98070.0,98.1,0600VDE01501,서울양양선,0600,E,1
r60-0,100170.0,100.19,0600VDE01601,서울양양선,0600,E,1
r60-0,102280.0,102.33,0600VDE01701,서울양양선,0600,E,1
r60-0,103880.0,103.93,0600VDE01800,서울양양선,0600,E,1
r60-0,105580.0,105.57,0600VDE01900,서울양양선,0600,E,1
r60-0,107380.0,107.41,0600VDE02001,서울양양선,0600,E,1
r60-0,109570.0,109.55,0600VDE02101,서울양양선,0600,E,1
r60-0,111960.0,111.99,0600VDE02201,서울양양선,0600,E,1
r60-0,113950.0,113.96,0600VDE02301,서울양양선,0600,E,1
r60-0,116330.0,116.41,0600VDE02401,서울양양선,0600,E,1
r60-0,118530.0,118.61,0600VDE02501,서울양양선,0600,E,1
r60-0,120810.0,120.88,0600VDE02601,서울양양선,0600,E,1
r60-0,123200.0,123.32,0600VDE02701,서울양양선,0600,E,1
r60-0,125200.0,125.25,0600VDE02801,서울양양선,0600,E,1
r60-0,127100.0,127.16,0600VDE02901,서울양양선,0600,E,1
r60-0,129100.0,129.24,0600VDE03001,서울양양선,0600,E,1
r60-0,131100.0,131.18,0600VDE03101,서울양양선,0600,E,1
r60-0,132700.0,132.84,0600VDE03201,서울양양선,0600,E,1
r60-0,134700.0,134.79,0600VDE03301,서울양양선,0600,E,1
r60-0,136700.0,136.75,0600VDE03401,서울양양선,0600,E,1
r60-0,138800.0,138.89,0600VDE03501,서울양양선,0600,E,1
r60-0,141600.0,141.7,0600VDE03550,서울양양선,0600,E,1
r60-0,143600.0,143.74,0600VDE03601,서울양양선,0600,E,1
r60-0,146000.0,146.07,0600VDE03701,서울양양선,0600,E,1
r60-0,147900.0,147.95,0600VDE03801,서울양양선,0600,E,1
r60-0,149700.0,149.83,0600VDE03900,서울양양선,0600,E,1
r60-1,640.0,149.83,0600VDS03900,서울양양선,0600,S,-1
r60-1,2440.0,147.98,0600VDS03802,서울양양선,0600,S,-1
r60-1,4420.0,146.02,0600VDS03702,서울양양선,0600,S,-1
r60-1,6740.0,143.74,0600VDS03602,서울양양선,0600,S,-1
r60-1,8740.0,141.7,0600VDS03550,서울양양선,0600,S,-1
r60-1,11330.0,139.09,0600VDS03502,서울양양선,0600,S,-1
r60-1,13310.0,137.13,0600VDS03402,서울양양선,0600,S,-1
r60-1,15110.0,135.27,0600VDS03302,서울양양선,0600,S,-1
r60-1,17110.0,133.34,0600VDS03202,서울양양선,0600,S,-1
r60-1,19000.0,131.41,0600VDS03102,서울양양선,0600,S,-1
r60-1,20910.0,129.47,0600VDS03002,서울양양선,0600,S,-1
r60-1,24230.0,126.19,0600VDS02902,서울양양선,0600,S,-1
r60-1,25120.0,125.25,0600VDS02802,서울양양선,0600,S,-1
r60-1,27120.0,123.32,0600VDS02702,서울양양선,0600,S,-1
r60-1,29400.0,121.02,0600VDS02602,서울양양선,0600,S,-1
r60-1,31800.0,118.63,0600VDS02502,서울양양선,0600,S,-1
r60-1,33880.0,116.46,0600VDS02402,서울양양선,0600,S,-1
r60-1,36380.0,114.03,0600VDS02302,서울양양선,0600,S,-1
r60-1,38270.0,112.07,0600VDS02202,서울양양선,0600,S,-1
r60-1,40670.0,109.68,0600VDS02102,서울양양선,0600,S,-1
r60-1,42960.0,107.43,0600VDS02002,서울양양선,0600,S,-1
r60-1,44750.0,105.57,0600VDS01900,서울양양선,0600,S,-1
r60-1,46460.0,103.93,0600VDS01800,서울양양선,0600,S,-1
r60-1,47950.0,102.35,0600VDS01702,서울양양선,0600,S,-1
r60-1,50040.0,100.25,0600VDS01602,서울양양선,0600,S,-1
r60-1,52020.0,98.28,0600VDS01502,서울양양선,0600,S,-1
r60-1,53940.0,96.36,0600VDS01400,서울양양선,0600,S,-1
r60-1,55540.0,94.82,0600VDS01300,서울양양선,0600,S,-1
r60-1,57240.0,93.05,0600VDS01202,서울양양선,0600,S,-1
r60-1,59440.0,90.92,0600VDS01102,서울양양선,0600,S,-1
r60-1,61440.0,88.92,0600VDS01002,서울양양선,0600,S,-1
r60-1,63520.0,86.79,0600VDS00902,서울양양선,0600,S,-1
r60-1,65320.0,84.95,0600VDS00850,서울양양선,0600,S,-1
r60-1,67220.0,83.05,0600VDS00800,서울양양선,0600,S,-1
r60-1,69020.0,81.27,0600VDS00700,서울양양선,0600,S,-1
r60-1,70630.0,79.7,0600VDS00600,서울양양선,0600,S,-1
r60-1,74540.0,75.8,0600VDS00300,서울양양선,0600,S,-1
r60-1,76620.0,73.7,0600VDS00221,서울양양선,0600,S,-1
r60-1,77920.0,72.35,0600VDS00218,서울양양선,0600,S,-1
r60-1,80120.0,70.19,0600VDS00214,서울양양선,0600,S,-1
r60-1,81520.0,68.77,0600VDS00211,서울양양선,0600,S,-1
r60-1,83120.0,67.21,0600VDS00207,서울양양선,0600,S,-1
r60-1,85520.0,64.83,0600VDS00201,서울양양선,0600,S,-1
r60-1,86720.0,63.6,0600VDS00200,서울양양선,0600,S,-1
r60-1,88020.0,62.3,0600VDS00100,서울양양선,0600,S,-1
r60-1,88920.0,61.4,0600VDS00044,서울양양선,0600,S,-1
r60-1,91130.0,59.22,0600VDS00043,서울양양선,0600,S,-1
r60-1,92330.0,58.01,0600VDS00042,서울양양선,0600,S,-1
r60-1,93630.0,56.72,0600VDS00041,서울양양선,0600,S,-1
r60-1,94630.0,55.74,0600VDS00040,서울양양선,0600,S,-1
r60-1,96730.0,53.56,0600VDS00039,서울양양선,0600,S,-1
r60-1,98020.0,52.26,0600VDS00038,서울양양선,0600,S,-1
r60-1,99020.0,51.3,0600VDS00037,서울양양선,0600,S,-1
r60-1,100010.0,50.31,0600VDS00036,서울양양선,0600,S,-1
r60-1,100920.0,49.42,0600VDS00035,서울양양선,0600,S,-1
r60-1,101820.0,48.54,0600VDS00034,서울양양선,0600,S,-1
r60-1,102920.0,47.38,0600VDS00033,서울양양선,0600,S,-1
r60-1,103820.0,46.54,0600VDS00032,서울양양선,0600,S,-1
r60-1,106120.0,44.2,0600VDS00031,서울양양선,0600,S,-1
r60-1,107720.0,42.59,0600VDS00030,서울양양선,0600,S,-1
r60-1,109420.0,40.9,0600VDS00029,서울양양선,0600,S,-1
r60-1,111340.0,39.0,0600VDS00028,서울양양선,0600,S,-1
r60-1,113320.0,37.03,0600VDS00027,서울양양선,0600,S,-1
r60-1,115210.0,35.12,0600VDS00026,서울양양선,0600,S,-1
r60-1,117010.0,33.32,0600VDS00025,서울양양선,0600,S,-1
r60-1,117820.0,32.45,0600VDS00024,서울양양선,0600,S,-1
r60-1,118800.0,31.49,0600VDS00023,서울양양선,0600,S,-1
r60-1,120880.0,29.4,0600VDS00022,서울양양선,0600,S,-1
r60-1,122880.0,27.42,0600VDS00021,서울양양선,0600,S,-1
r60-1,124980.0,25.25,0600VDS00020,서울양양선,0600,S,-1
r60-1,125980.0,24.25,0600VDS00019,서울양양선,0600,S,-1
r60-1,126980.0,23.33,0600VDS00018,서울양양선,0600,S,-1
r60-1,127980.0,22.31,0600VDS00017,서울양양선,0600,S,-1
r60-1,128970.0,21.25,0600VDS00016,서울양양선,0600,S,-1
r60-1,129870.0,20.44,0600VDS00015,서울양양선,0600,S,-1
r60-1,130770.0,19.51,0600VDS00014,서울양양선,0600,S,-1
r60-1,131770.0,18.49,0600VDS00013,서울양양선,0600,S,-1
r60-1,133770.0,16.47,0600VDS00012,서울양양선,0600,S,-1
r60-1,134760.0,15.5,0600VDS00011,서울양양선,0600,S,-1
r60-1,135460.0,14.78,0600VDS00010,서울양양선,0600,S,-1
r60-1,138480.0,11.82,0600VDS00009,서울양양선,0600,S,-1
r60-1,139880.0,10.4,0600VDS00008,서울양양선,0600,S,-1
r60-1,140850.0,9.39,0600VDS00007,서울양양선,0600,S,-1
r60-1,142460.0,7.8,0600VDS00006,서울양양선,0600,S,-1
r60-1,143850.0,6.4,0600VDS00005,서울양양선,0600,S,-1
r60-1,144650.0,5.56,0600VDS00004,서울양양선,0600,S,-1
r60-1,145560.0,4.7,0600VDS00003,서울양양선,0600,S,-1
r60-1,147860.0,2.43,0600VDS00002,서울양양선,0600,S,-1
r60-1,148850.0,1.42,0600VDS00001,서울양양선,0600,S,-1
r65-0,700.0,120.98,0650VDS11100,동해선(삼척-속초),0650,S,-1
r65-0,2700.0,118.96,0650VDS11000,동해선(삼척-속초),0650,S,-1
r65-0,4700.0,117.0,0650VDS10800,동해선(삼척-속초),0650,S,-1
r65-0,6280.0,115.36,0650VDS10700,동해선(삼척-속초),0650,S,-1
r65-0,8270.0,113.4,0650VDS10600,동해선(삼척-속초),0650,S,-1
r65-0,10570.0,111.05,0650VDS10500,동해선(삼척-속초),0650,S,-1
r65-0,12170.0,109.47,0650VDS10400,동해선(삼척-속초),0650,S,-1
r65-0,14460.0,107.19,0650VDS10200,동해선(삼척-속초),0650,S,-1
r65-0,16280.0,105.36,0650VDS10100,동해선(삼척-속초),0650,S,-1
r65-0,18080.0,103.62,0650VDS10000,동해선(삼척-속초),0650,S,-1
r65-0,20380.0,101.26,0650VDS07600,동해선(삼척-속초),0650,S,-1
r65-0,22180.0,99.46,0650VDS07400,동해선(삼척-속초),0650,S,-1
r65-0,24080.0,97.62,0650VDS07200,동해선(삼척-속초),0650,S,-1
r65-0,26180.0,95.54,0650VDS07000,동해선(삼척-속초),0650,S,-1
r65-0,27980.0,93.66,0650VDS06750,동해선(삼척-속초),0650,S,-1
r65-0,27980.0,93.66,0650VDS06751,동해선(삼척-속초),0650,S,-1
r65-0,30070.0,91.56,0650VDS06500,동해선(삼척-속초),0650,S,-1
r65-0,31970.0,89.7,0650VDS06300,동해선(삼척-속초),0650,S,-1
r65-0,33870.0,87.81,0650VDS06100,동해선(삼척-속초),0650,S,-1
r65-0,36280.0,85.41,0650VDS05900,동해선(삼척-속초),0650,S,-1
r65-0,38280.0,83.36,0650VDS05700,동해선(삼척-속초),0650,S,-1
r65-0,40280.0,81.44,0650VDS05500,동해선(삼척-속초),0650,S,-1
r65-0,41280.0,80.41,0650VDS05400,동해선(삼척-속초),0650,S,-1
r65-0,43180.0,78.51,0650VDS05200,동해선(삼척-속초),0650,S,-1
r65-0,45270.0,76.39,0650VDS05000,동해선(삼척-속초),0650,S,-1
r65-0,46170.0,75.5,0650VDS04900,동해선(삼척-속초),0650,S,-1
r65-0,47670.0,74.02,0650VDS04700,동해선(삼척-속초),0650,S,-1
r65-0,49870.0,71.75,0650VDS04500,동해선(삼척-속초),0650,S,-1
r65-0,52570.0,69.12,0650VDS04300,동해선(삼척-속초),0650,S,-1
r65-0,54870.0,66.77,0650VDS04100,동해선(삼척-속초),0650,S,-1
r65-0,56270.0,65.41,0650VDS04000,동해선(삼척-속초),0650,S,-1
r65-0,57570.0,64.11,0650VDS03900,동해선(삼척-속초),0650,S,-1
r65-0,58570.0,63.07,0650VDS03800,동해선(삼척-속초),0650,S,-1
r65-0,59870.0,61.76,0650VDS03700,동해선(삼척-속초),0650,S,-1
r65-0,60970.0,60.74,0650VDS03600,동해선(삼척-속초),0650,S,-1
r65-0,63470.0,58.16,0650VDS03400,동해선(삼척-속초),0650,S,-1
r65-0,65370.0,56.32,0650VDS03300,동해선(삼척-속초),0650,S,-1
r65-0,67470.0,54.22,0650VDS03100,동해선(삼척-속초),0650,S,-1
r65-0,69580.0,52.1,0650VDS02900,동해선(삼척-속초),0650,S,-1
r65-0,71470.0,50.2,0650VDS02700,동해선(삼척-속초),0650,S,-1
r65-0,73580.0,48.08,0650VDS02500,동해선(삼척-속초),0650,S,-1
r65-0,75880.0,45.76,0650VDS02402,동해선(삼척-속초),0650,S,-1
r65-0,76970.0,44.72,0650VDS02452,동해선(삼척-속초),0650,S,-1
r65-0,78860.0,42.83,0650VDS02352,동해선(삼척-속초),0650,S,-1
r65-0,80960.0,40.7,0650VDS02300,동해선(삼척-속초),0650,S,-1
r65-0,83150.0,38.54,0650VDS02200,동해선(삼척-속초),0650,S,-1
r65-0,84850.0,36.75,0650VDS01900,동해선(삼척-속초),0650,S,-1
r65-0,87260.0,34.38,0650VDS01700,동해선(삼척-속초),0650,S,-1
r65-0,88960.0,32.69,0650VDS01501,동해선(삼척-속초),0650,S,-1
r65-0,88960.0,32.69,0650VDS01500,동해선(삼척-속초),0650,S,-1
r65-0,91170.0,30.5,0650VDS01300,동해선(삼척-속초),0650,S,-1
r65-0,92170.0,29.48,0650VDS01200,동해선(삼척-속초),0650,S,-1
r65-0,93270.0,28.42,0650VDS01100,동해선(삼척-속초),0650,S,-1
r65-0,95260.0,26.38,0650VDS00900,동해선(삼척-속초),0650,S,-1
r65-0,97160.0,24.48,0650VDS00700,동해선(삼척-속초),0650,S,-1
r65-0,99160.0,22.49,0650VDS00500,동해선(삼척-속초),0650,S,-1
r65-0,101560.0,20.05,0650VDS00300,동해선(삼척-속초),0650,S,-1
r65-0,103060.0,18.59,0650VDS00100,동해선(삼척-속초),0650,S,-1
r65-0,104480.0,17.22,0650VDS00011,동해선(삼척-속초),0650,S,-1
r65-0,106380.0,15.32,0650VDS00010,동해선(삼척-속초),0650,S,-1
r65-0,107580.0,14.07,0650VDS00050,동해선(삼척-속초),0650,S,-1
r65-0,109690.0,11.97,0650VDS00009,동해선(삼척-속초),0650,S,-1
r65-0,111300.0,10.4,0650VDS00008,동해선(삼척-속초),0650,S,-1
r65-0,113300.0,8.4,0650VDS00007,동해선(삼척-속초),0650,S,-1
r65-0,115300.0,6.38,0650VDS00006,동해선(삼척-속초),0650,S,-1
r65-0,117200.0,4.46,0650VDS00004,동해선(삼척-속초),0650,S,-1
r65-0,119100.0,2.6,0650VDS00002,동해선(삼척-속초),0650,S,-1
r65-1,2270.0,2.6,0650VDE00003,동해선(삼척-속초),0650,E,1
r65-1,4160.0,4.5,0650VDE00005,동해선(삼척-속초),0650,E,1
r65-1,6060.0,6.38,0650VDE00006,동해선(삼척-속초),0650,E,1
r65-1,8060.0,8.4,0650VDE00007,동해선(삼척-속초),0650,E,1
r65-1,10060.0,10.4,0650VDE00008,동해선(삼척-속초),0650,E,1
r65-1,11660.0,11.97,0650VDE00009,동해선(삼척-속초),0650,E,1
r65-1,13760.0,14.07,0650VDE00050,동해선(삼척-속초),0650,E,1
r65-1,14960.0,15.32,0650VDE00010,동해선(삼척-속초),0650,E,1
r65-1,16860.0,17.22,0650VDE00011,동해선(삼척-속초),0650,E,1
r65-1,18280.0,18.59,0650VDE00100,동해선(삼척-속초),0650,E,1
r65-1,19780.0,20.05,0650VDE00300,동해선(삼척-속초),0650,E,1
r65-1,22180.0,22.49,0650VDE00500,동해선(삼척-속초),0650,E,1
r65-1,24180.0,24.48,0650VDE00700,동해선(삼척-속초),0650,E,1
r65-1,26080.0,26.38,0650VDE00900,동해선(삼척-속초),0650,E,1
r65-1,26080.0,26.38,0650VDE00901,동해선(삼척-속초),0650,E,1
r65-1,28080.0,28.42,0650VDE01100,동해선(삼척-속초),0650,E,1
r65-1,29180.0,29.48,0650VDE01200,동해선(삼척-속초),0650,E,1
r65-1,30180.0,30.5,0650VDE01300,동해선(삼척-속초),0650,E,1
r65-1,30180.0,30.5,0650VDE01301,동해선(삼척-속초),0650,E,1
r65-1,32390.0,32.69,0650VDE01500,동해선(삼척-속초),0650,E,1
r65-1,34090.0,34.38,0650VDE01700,동해선(삼척-속초),0650,E,1
r65-1,34090.0,34.38,0650VDE01701,동해선(삼척-속초),0650,E,1
r65-1,36490.0,36.75,0650VDE01900,동해선(삼척-속초),0650,E,1
r65-1,36490.0,36.75,0650VDE01901,동해선(삼척-속초),0650,E,1
r65-1,38190.0,38.54,0650VDE02200,동해선(삼척-속초),0650,E,1
r65-1,40390.0,40.7,0650VDE02300,동해선(삼척-속초),0650,E,1
r65-1,41490.0,41.78,0650VDE02351,동해선(삼척-속초),0650,E,1
r65-1,43390.0,43.71,0650VDE02401,동해선(삼척-속초),0650,E,1
r65-1,45490.0,45.8,0650VDE02451,동해선(삼척-속초),0650,E,1
r65-1,47780.0,48.08,0650VDE02500,동해선(삼척-속초),0650,E,1
r65-1,49880.0,50.2,0650VDE02700,동해선(삼척-속초),0650,E,1
r65-1,49880.0,50.2,0650VDE02701,동해선(삼척-속초),0650,E,1
r65-1,51780.0,52.1,0650VDE02900,동해선(삼척-속초),0650,E,1
r65-1,53880.0,54.22,0650VDE03100,동해선(삼척-속초),0650,E,1
r65-1,55980.0,56.32,0650VDE03300,동해선(삼척-속초),0650,E,1
r65-1,57880.0,58.16,0650VDE03400,동해선(삼척-속초),0650,E,1
r65-1,60380.0,60.74,0650VDE03600,동해선(삼척-속초),0650,E,1
r65-1,61480.0,61.76,0650VDE03700,동해선(삼척-속초),0650,E,1
r65-1,62780.0,63.07,0650VDE03800,동해선(삼척-속초),0650,E,1
r65-1,63780.0,64.11,0650VDE03900,동해선(삼척-속초),0650,E,1
r65-1,65080.0,65.41,0650VDE04000,동해선(삼척-속초),0650,E,1
r65-1,66480.0,66.77,0650VDE04100,동해선(삼척-속초),0650,E,1
r65-1,68780.0,69.12,0650VDE04300,동해선(삼척-속초),0650,E,1
r65-1,71480.0,71.75,0650VDE04500,동해선(삼척-속초),0650,E,1
r65-1,73680.0,74.02,0650VDE04700,동해선(삼척-속초),0650,E,1
r65-1,75180.0,75.5,0650VDE04900,동해선(삼척-속초),0650,E,1
r65-1,76080.0,76.39,0650VDE05000,동해선(삼척-속초),0650,E,1
r65-1,78180.0,78.51,0650VDE05200,동해선(삼척-속초),0650,E,1
r65-1,80080.0,80.41,0650VDE05400,동해선(삼척-속초),0650,E,1
r65-1,81080.0,81.44,0650VDE05500,동해선(삼척-속초),0650,E,1
r65-1,83080.0,83.36,0650VDE05700,동해선(삼척-속초),0650,E,1
r65-1,85080.0,85.41,0650VDE05900,동해선(삼척-속초),0650,E,1
r65-1,87480.0,87.81,0650VDE06100,동해선(삼척-속초),0650,E,1
r65-1,89380.0,89.7,0650VDE06300,동해선(삼척-속초),0650,E,1
r65-1,91280.0,91.56,0650VDE06500,동해선(삼척-속초),0650,E,1
r65-1,93380.0,93.66,0650VDE06750,동해선(삼척-속초),0650,E,1
r65-1,93380.0,93.66,0650VDE06751,동해선(삼척-속초),0650,E,1
r65-1,95180.0,95.54,0650VDE07000,동해선(삼척-속초),0650,E,1
r65-1,97280.0,97.62,0650VDE07200,동해선(삼척-속초),0650,E,1
r65-1,99180.0,99.46,0650VDE07400,동해선(삼척-속초),0650,E,1
r65-1,100980.0,101.26,0650VDE07600,동해선(삼척-속초),0650,E,1
r65-1,103280.0,103.62,0650VDE10000,동해선(삼척-속초),0650,E,1
r65-1,105080.0,105.36,0650VDE10100,동해선(삼척-속초),0650,E,1
r65-1,106870.0,107.19,0650VDE10300,동해선(삼척-속초),0650,E,1
r65-1,109170.0,109.47,0650VDE10400,동해선(삼척-속초),0650,E,1
r65-1,110770.0,111.05,0650VDE10500,동해선(삼척-속초),0650,E,1
r65-1,113070.0,113.4,0650VDE10600,동해선(삼척-속초),0650,E,1
r65-1,114870.0,115.16,0650VDE10650,동해선(삼척-속초),0650,E,1
r65-1,115070.0,115.36,0650VDE10700,동해선(삼척-속초),0650,E,1
r65-1,116670.0,117.03,0650VDE10900,동해선(삼척-속초),0650,E,1
r65-1,118670.0,118.96,0650VDE11000,동해선(삼척-속초),0650,E,1
r65-1,120670.0,120.98,0650VDE11100,동해선(삼척-속초),0650,E,1
r65-2,1000.0,100.2,0652VDS05400,동해선(부산-포항),0652,S,-1
r65-2,3000.0,98.2,0652VDS05200,동해선(부산-포항),0652,S,-1
r65-2,4590.0,96.6,0652VDS05002,동해선(부산-포항),0652,S,-1
r65-2,6190.0,95.0,0652VDS04901,동해선(부산-포항),0652,S,-1
r65-2,7710.0,93.5,0652VDS04702,동해선(부산-포항),0652,S,-1
r65-2,10110.0,91.1,0652VDS04501,동해선(부산-포항),0652,S,-1
r65-2,12000.0,89.2,0652VDS04302,동해선(부산-포항),0652,S,-1
r65-2,14200.0,87.0,0652VDS04100,동해선(부산-포항),0652,S,-1
r65-2,16100.0,85.1,0652VDS03900,동해선(부산-포항),0652,S,-1
r65-2,18100.0,83.1,0652VDS03700,동해선(부산-포항),0652,S,-1
r65-2,19800.0,81.4,0652VDS03500,동해선(부산-포항),0652,S,-1
r65-2,20300.0,80.9,0652VDS03000,동해선(부산-포항),0652,S,-1
r65-2,21790.0,79.4,0652VDS02409,동해선(부산-포항),0652,S,-1
r65-2,23180.0,78.0,0652VDS02407,동해선(부산-포항),0652,S,-1
r65-2,25190.0,76.0,0652VDS02405,동해선(부산-포항),0652,S,-1
r65-2,26900.0,74.3,0652VDS02403,동해선(부산-포항),0652,S,-1
r65-2,28790.0,72.4,0652VDS02401,동해선(부산-포항),0652,S,-1
r65-2,30190.0,71.0,0652VDS01800,동해선(부산-포항),0652,S,-1
r65-2,31190.0,70.0,0652VDS02400,동해선(부산-포항),0652,S,-1
r65-2,31290.0,69.9,0652VDS02300,동해선(부산-포항),0652,S,-1
r65-2,32890.0,68.3,0652VDS02200,동해선(부산-포항),0652,S,-1
r65-2,34900.0,66.3,0652VDS02001,동해선(부산-포항),0652,S,-1
r65-2,37310.0,63.9,0652VDS01701,동해선(부산-포항),0652,S,-1
r65-2,39300.0,61.9,0652VDS01500,동해선(부산-포항),0652,S,-1
r65-2,41420.0,59.8,0652VDS01301,동해선(부산-포항),0652,S,-1
r65-2,43300.0,57.9,0652VDS01101,동해선(부산-포항),0652,S,-1
r65-2,45490.0,55.7,0652VDS00901,동해선(부산-포항),0652,S,-1
r65-2,45990.0,55.2,0652VDS00900,동해선(부산-포항),0652,S,-1
r65-2,47590.0,53.6,0652VDS00700,동해선(부산-포항),0652,S,-1
r65-2,49480.0,51.7,0652VDS00500,동해선(부산-포항),0652,S,-1
r65-2,51980.0,49.2,0652VDS00300,동해선(부산-포항),0652,S,-1
r65-2,53980.0,47.2,0652VDS00100,동해선(부산-포항),0652,S,-1
r65-2,53980.0,47.2,0652VDS00101,동해선(부산-포항),0652,S,-1
r65-3,47260.0,47.2,0652VDE00100,동해선(부산-포항),0652,E,1
r65-3,47260.0,47.2,0652VDE00101,동해선(부산-포항),0652,E,1
r65-3,49260.0,49.2,0652VDE00300,동해선(부산-포항),0652,E,1
r65-3,51770.0,51.7,0652VDE00500,동해선(부산-포항),0652,E,1
r65-3,53670.0,53.6,0652VDE00700,동해선(부산-포항),0652,E,1
r65-3,55270.0,55.2,0652VDE00900,동해선(부산-포항),0652,E,1
r65-3,55770.0,55.7,0652VDE00901,동해선(부산-포항),0652,E,1
r65-3,57970.0,57.9,0652VDE01102,동해선(부산-포항),0652,E,1
r65-3,59870.0,59.8,0652VDE01301,동해선(부산-포항),0652,E,1
r65-3,61970.0,61.9,0652VDE01500,동해선(부산-포항),0652,E,1
r65-3,63970.0,63.9,0652VDE01702,동해선(부산-포항),0652,E,1
r65-3,66370.0,66.3,0652VDE02002,동해선(부산-포항),0652,E,1
r65-3,68370.0,68.3,0652VDE02200,동해선(부산-포항),0652,E,1
r65-3,69970.0,69.9,0652VDE02300,동해선(부산-포항),0652,E,1
r65-3,70070.0,70.0,0652VDE02400,동해선(부산-포항),0652,E,1
r65-3,71070.0,71.0,0652VDE01800,동해선(부산-포항),0652,E,1
r65-3,72670.0,72.6,0652VDE02402,동해선(부산-포항),0652,E,1
r65-3,74570.0,74.5,0652VDE02404,동해선(부산-포항),0652,E,1
r65-3,76160.0,76.1,0652VDE02406,동해선(부산-포항),0652,E,1
r65-3,78160.0,78.1,0652VDE02408,동해선(부산-포항),0652,E,1
r65-3,79560.0,79.5,0652VDE02410,동해선(부산-포항),0652,E,1
r65-3,80970.0,80.9,0652VDE03000,동해선(부산-포항),0652,E,1
r65-3,81470.0,81.4,0652VDE03500,동해선(부산-포항),0652,E,1
r65-3,83170.0,83.1,0652VDE03700,동해선(부산-포항),0652,E,1
r65-3,85170.0,85.1,0652VDE03900,동해선(부산-포항),0652,E,1
r65-3,87070.0,87.0,0652VDE04100,동해선(부산-포항),0652,E,1
r65-3,89170.0,89.1,0652VDE04301,동해선(부산-포항),0652,E,1
r65-3,91170.0,91.1,0652VDE04502,동해선(부산-포항),0652,E,1
r65-3,93370.0,93.3,0652VDE04701,동해선(부산-포항),0652,E,1
r65-3,94970.0,94.9,0652VDE04801,동해선(부산-포항),0652,E,1
r65-3,96570.0,96.5,0652VDE05001,동해선(부산-포항),0652,E,1
r65-3,98270.0,98.2,0652VDE05200,동해선(부산-포항),0652,E,1
r65-3,100260.0,100.2,0652VDE05400,동해선(부산-포항),0652,E,1
r100-0,3300.0,27.8,1000VDE03000,수도권제1순환선,1000,E,1
r100-0,3900.0,28.4,1000VDE03100,수도권제1순환선,1000,E,1
r100-0,4600.0,29.1,1000VDE03200,수도권제1순환선,1000,E,1
r100-0,5500.0,30.0,1000VDE03300,수도권제1순환선,1000,E,1
r100-0,6300.0,30.8,1000VDE03400,수도권제1순환선,1000,E,1
r100-0,7200.0,31.7,1000VDE03500,수도권제1순환선,1000,E,1
r100-0,8500.0,33.0,1000VDE03600,수도권제1순환선,1000,E,1
r100-0,9100.0,33.56,1000VDE03601,수도권제1순환선,1000,E,1
r100-0,11300.0,35.77,1000VDE03602,수도권제1순환선,1000,E,1
r100-0,12100.0,36.63,1000VDE03603,수도권제1순환선,1000,E,1
r100-0,12610.0,37.1,1000VDE03604,수도권제1순환선,1000,E,1
r100-0,13110.0,37.6,1000VDE03606,수도권제1순환선,1000,E,1
r100-0,14310.0,38.8,1000VDE03607,수도권제1순환선,1000,E,1
r100-0,14810.0,39.3,1000VDE03610,수도권제1순환선,1000,E,1
r100-0,15310.0,39.8,1000VDE03611,수도권제1순환선,1000,E,1
r100-0,15810.0,40.3,1000VDE03612,수도권제1순환선,1000,E,1
r100-0,16310.0,40.8,1000VDE03614,수도권제1순환선,1000,E,1
r100-0,17410.0,41.9,1000VDE03616,수도권제1순환선,1000,E,1
r100-0,18210.0,42.71,1000VDE03618,수도권제1순환선,1000,E,1
r100-0,19500.0,44.0,1000VDE03619,수도권제1순환선,1000,E,1
r100-0,20200.0,44.68,1000VDE03620,수도권제1순환선,1000,E,1
r100-0,21200.0,45.68,1000VDE03621,수도권제1순환선,1000,E,1
r100-0,21600.0,46.1,1000VDE03622,수도권제1순환선,1000,E,1
r100-0,22000.0,46.53,1000VDE03624,수도권제1순환선,1000,E,1
r100-0,22400.0,46.93,1000VDE03626,수도권제1순환선,1000,E,1
r100-0,22910.0,47.43,1000VDE03628,수도권제1순환선,1000,E,1
r100-0,23410.0,47.9,1000VDE03629,수도권제1순환선,1000,E,1
r100-0,23910.0,48.4,1000VDE03631,수도권제1순환선,1000,E,1
r100-0,24410.0,48.9,1000VDE03632,수도권제1순환선,1000,E,1
r100-0,25720.0,50.18,1000VDE03633,수도권제1순환선,1000,E,1
r100-0,26820.0,51.34,1000VDE03634,수도권제1순환선,1000,E,1
r100-0,28120.0,52.6,1000VDE03635,수도권제1순환선,1000,E,1
r100-0,28420.0,52.9,1000VDE03637,수도권제1순환선,1000,E,1
r100-0,28920.0,53.4,1000VDE03639,수도권제1순환선,1000,E,1
r100-0,29320.0,53.8,1000VDE03641,수도권제1순환선,1000,E,1
r100-0,30620.0,55.1,1000VDE03643,수도권제1순환선,1000,E,1
r100-0,31120.0,55.6,1000VDE03645,수도권제1순환선,1000,E,1
r100-0,32020.0,56.53,1000VDE03647,수도권제1순환선,1000,E,1
r100-0,34020.0,58.46,1000VDE03648,수도권제1순환선,1000,E,1
r100-0,34820.0,59.33,1000VDE03649,수도권제1순환선,1000,E,1
r100-0,35920.0,60.43,1000VDE03650,수도권제1순환선,1000,E,1
r100-0,37320.0,61.83,1000VDE03651,수도권제1순환선,1000,E,1
r100-0,38130.0,62.63,1000VDE03652,수도권제1순환선,1000,E,1
r100-0,38920.0,63.42,1000VDE03653,수도권제1순환선,1000,E,1
r100-0,39820.0,64.27,1000VDE03654,수도권제1순환선,1000,E,1
r100-0,40420.0,64.88,1000VDE03655,수도권제1순환선,1000,E,1
r100-0,41830.0,66.27,1000VDE03656,수도권제1순환선,1000,E,1
r100-0,42730.0,67.22,1000VDE03657,수도권제1순환선,1000,E,1
r100-0,43530.0,68.0,1000VDE03658,수도권제1순환선,1000,E,1
r100-0,44840.0,69.28,1000VDE03659,수도권제1순환선,1000,E,1
r100-0,46130.0,70.6,1000VDE03700,수도권제1순환선,1000,E,1
r100-0,47520.0,72.0,1000VDE03800,수도권제1순환선,1000,E,1
r100-0,50010.0,74.5,1000VDE03900,수도권제1순환선,1000,E,1
r100-0,50810.0,75.3,1000VDE04000,수도권제1순환선,1000,E,1
r100-0,50910.0,75.4,1000VDE04090,수도권제1순환선,1000,E,1
r100-0,52310.0,76.8,1000VDE04100,수도권제1순환선,1000,E,1
r100-0,53110.0,77.6,1000VDE04200,수도권제1순환선,1000,E,1
r100-0,55310.0,79.8,1000VDE04300,수도권제1순환선,1000,E,1
r100-0,55410.0,79.9,1000VDE04330,수도권제1순환선,1000,E,1
r100-0,55810.0,80.3,1000VDE04400,수도권제1순환선,1000,E,1
r100-0,57310.0,81.8,1000VDE04500,수도권제1순환선,1000,E,1
r100-0,58310.0,82.8,1000VDE04600,수도권제1순환선,1000,E,1
r100-0,58410.0,82.9,1000VDE04610,수도권제1순환선,1000,E,1
r100-0,59610.0,84.1,1000VDE04630,수도권제1순환선,1000,E,1
r100-0,60010.0,84.48,1000VDE04650,수도권제1순환선,1000,E,1
r100-0,60510.0,85.0,1000VDE04700,수도권제1순환선,1000,E,1
r100-0,60610.0,85.1,1000VDE04730,수도권제1순환선,1000,E,1
r100-0,63000.0,87.5,1000VDE04800,수도권제1순환선,1000,E,1
r100-0,64800.0,89.3,1000VDE04900,수도권제1순환선,1000,E,1
r100-0,66700.0,91.2,1000VDE05000,수도권제1순환선,1000,E,1
r100-0,67000.0,91.5,1000VDE05050,수도권제1순환선,1000,E,1
r100-0,67400.0,91.94,1000VDE05090,수도권제1순환선,1000,E,1
r100-0,67800.0,92.3,1000VDE05100,수도권제1순환선,1000,E,1
r100-0,70300.0,94.8,1000VDE05200,수도권제1순환선,1000,E,1
r100-0,72200.0,96.7,1000VDE05300,수도권제1순환선,1000,E,1
r100-0,73400.0,97.9,1000VDE05400,수도권제1순환선,1000,E,1
r100-0,74790.0,99.3,1000VDE05500,수도권제1순환선,1000,E,1
r100-0,75690.0,100.2,1000VDE05600,수도권제1순환선,1000,E,1
r100-0,76590.0,101.1,1000VDE05700,수도권제1순환선,1000,E,1
r100-0,77490.0,102.0,1000VDE05800,수도권제1순환선,1000,E,1
r100-0,78290.0,102.8,1000VDE05900,수도권제1순환선,1000,E,1
r100-0,79190.0,103.65,1000VDE05950,수도권제1순환선,1000,E,1
r100-0,79680.0,104.2,1000VDE06000,수도권제1순환선,1000,E,1
r100-0,80780.0,105.3,1000VDE06100,수도권제1순환선,1000,E,1
r100-0,81580.0,106.1,1000VDE06200,수도권제1순환선,1000,E,1
r100-0,82790.0,107.3,1000VDE06261,수도권제1순환선,1000,E,1
r100-0,83190.0,107.7,1000VDE06300,수도권제1순환선,1000,E,1
r100-0,83890.0,108.4,1000VDE06361,수도권제1순환선,1000,E,1
r100-0,85190.0,109.7,1000VDE06362,수도권제1순환선,1000,E,1
r100-0,85390.0,109.9,1000VDE06400,수도권제1순환선,1000,E,1
r100-0,85690.0,110.2,1000VDE06363,수도권제1순환선,1000,E,1
r100-0,86780.0,111.3,1000VDE06364,수도권제1순환선,1000,E,1
r100-0,87480.0,112.0,1000VDE06365,수도권제1순환선,1000,E,1
r100-0,88080.0,112.6,1000VDE06500,수도권제1순환선,1000,E,1
r100-0,89880.0,114.4,1000VDE06600,수도권제1순환선,1000,E,1
r100-0,92480.0,117.0,1000VDE06700,수도권제1순환선,1000,E,1
r100-0,93480.0,118.0,1000VDE06800,수도권제1순환선,1000,E,1
r100-0,94980.0,119.5,1000VDE06900,수도권제1순환선,1000,E,1
r100-0,95780.0,120.3,1000VDE07000,수도권제1순환선,1000,E,1
r100-0,97270.0,121.8,1000VDE07100,수도권제1순환선,1000,E,1
r100-0,99070.0,123.6,1000VDE07200,수도권제1순환선,1000,E,1
r100-0,99860.0,124.4,1000VDE07300,수도권제1순환선,1000,E,1
r100-0,100660.0,125.2,1000VDE07400,수도권제1순환선,1000,E,1
r100-0,102630.0,127.2,1000VDE07500,수도권제1순환선,1000,E,1
r100-0,103550.0,0.1,1000VDE00100,수도권제1순환선,1000,E,1
r100-0,104240.0,0.82,1000VDE00170,수도권제1순환선,1000,E,1
r100-0,105040.0,1.6,1000VDE00200,수도권제1순환선,1000,E,1
r100-0,105950.0,2.5,1000VDE00300,수도권제1순환선,1000,E,1
r100-0,106960.0,3.5,1000VDE00400,수도권제1순환선,1000,E,1
r100-0,107760.0,4.3,1000VDE00500,수도권제1순환선,1000,E,1
r100-0,108960.0,5.5,1000VDE00600,수도권제1순환선,1000,E,1
r100-0,109960.0,6.5,1000VDE00700,수도권제1순환선,1000,E,1
r100-0,110660.0,7.2,1000VDE00800,수도권제1순환선,1000,E,1
r100-0,111460.0,8.0,1000VDE00900,수도권제1순환선,1000,E,1
r100-0,112460.0,9.0,1000VDE01000,수도권제1순환선,1000,E,1
r100-0,112850.0,9.4,1000VDE01100,수도권제1순환선,1000,E,1
r100-0,114060.0,10.6,1000VDE01260,수도권제1순환선,1000,E,1
r100-0,114060.0,10.6,1000VDE01250,수도권제1순환선,1000,E,1
r100-0,114760.0,11.3,1000VDE01300,수도권제1순환선,1000,E,1
r100-0,115760.0,12.3,1000VDE01400,수도권제1순환선,1000,E,1
r100-0,116460.0,13.0,1000VDE01500,수도권제1순환선,1000,E,1
r100-0,117160.0,13.7,1000VDE01600,수도권제1순환선,1000,E,1
r100-0,118350.0,14.9,1000VDE01700,수도권제1순환선,1000,E,1
r100-0,119440.0,16.0,1000VDE01800,수도권제1순환선,1000,E,1
r100-0,119640.0,16.2,1000VDE01851,수도권제1순환선,1000,E,1
r100-0,120940.0,17.5,1000VDE01900,수도권제1순환선,1000,E,1
r100-0,121550.0,18.1,1000VDE02000,수도권제1순환선,1000,E,1
r100-0,124350.0,20.9,1000VDE02250,수도권제1순환선,1000,E,1
r100-0,124550.0,21.1,1000VDE02300,수도권제1순환선,1000,E,1
r100-0,126050.0,22.55,1000VDE02400,수도권제1순환선,1000,E,1
r100-0,126750.0,23.27,1000VDE02500,수도권제1순환선,1000,E,1
r100-0,127360.0,23.9,1000VDE02600,수도권제1순환선,1000,E,1
r100-0,128350.0,24.9,1000VDE02700,수도권제1순환선,1000,E,1
r100-0,129550.0,26.1,1000VDE02800,수도권제1순환선,1000,E,1
r100-1,210.0,51.34,1000VDS03634,수도권제1순환선,1000,S,-1
r100-1,1310.0,50.18,1000VDS03633,수도권제1순환선,1000,S,-1
r100-1,2590.0,48.9,1000VDS03632,수도권제1순환선,1000,S,-1
r100-1,3080.0,48.4,1000VDS03631,수도권제1순환선,1000,S,-1
r100-1,3480.0,48.0,1000VDS03630,수도권제1순환선,1000,S,-1
r100-1,3980.0,47.5,1000VDS03628,수도권제1순환선,1000,S,-1
r100-1,4380.0,47.1,1000VDS03627,수도권제1순환선,1000,S,-1
r100-1,4880.0,46.59,1000VDS03625,수도권제1순환선,1000,S,-1
r100-1,5280.0,46.2,1000VDS03623,수도권제1순환선,1000,S,-1
r100-1,5770.0,45.7,1000VDS03621,수도권제1순환선,1000,S,-1
r100-1,6760.0,44.68,1000VDS03620,수도권제1순환선,1000,S,-1
r100-1,7550.0,43.89,1000VDS03619,수도권제1순환선,1000,S,-1
r100-1,8750.0,42.71,1000VDS03618,수도권제1순환선,1000,S,-1
r100-1,9650.0,41.8,1000VDS03617,수도권제1순환선,1000,S,-1
r100-1,10150.0,41.3,1000VDS03615,수도권제1순환선,1000,S,-1
r100-1,10750.0,40.7,1000VDS03613,수도권제1순환선,1000,S,-1
r100-1,11250.0,40.2,1000VDS03611,수도권제1순환선,1000,S,-1
r100-1,11750.0,39.7,1000VDS03610,수도권제1순환선,1000,S,-1
r100-1,12960.0,38.5,1000VDS03609,수도권제1순환선,1000,S,-1
r100-1,13460.0,38.0,1000VDS03608,수도권제1순환선,1000,S,-1
r100-1,13960.0,37.5,1000VDS03605,수도권제1순환선,1000,S,-1
r100-1,14850.0,36.6,1000VDS03603,수도권제1순환선,1000,S,-1
r100-1,15640.0,35.77,1000VDS03602,수도권제1순환선,1000,S,-1
r100-1,17850.0,33.56,1000VDS03601,수도권제1순환선,1000,S,-1
r100-1,18450.0,33.0,1000VDS03600,수도권제1순환선,1000,S,-1
r100-1,19750.0,31.7,1000VDS03500,수도권제1순환선,1000,S,-1
r100-1,20650.0,30.8,1000VDS03400,수도권제1순환선,1000,S,-1
r100-1,21450.0,30.0,1000VDS03300,수도권제1순환선,1000,S,-1
r100-1,22350.0,29.1,1000VDS03200,수도권제1순환선,1000,S,-1
r100-1,23050.0,28.4,1000VDS03100,수도권제1순환선,1000,S,-1
r100-1,23650.0,27.8,1000VDS03000,수도권제1순환선,1000,S,-1
r100-1,25350.0,26.1,1000VDS02800,수도권제1순환선,1000,S,-1
r100-1,26550.0,24.9,1000VDS02700,수도권제1순환선,1000,S,-1
r100-1,27550.0,23.9,1000VDS02600,수도권제1순환선,1000,S,-1
r100-1,28150.0,23.27,1000VDS02500,수도권제1순환선,1000,S,-1
r100-1,28850.0,22.55,1000VDS02400,수도권제1순환선,1000,S,-1
r100-1,30350.0,21.1,1000VDS02300,수도권제1순환선,1000,S,-1
r100-1,30750.0,20.7,1000VDS02200,수도권제1순환선,1000,S,-1
r100-1,31450.0,19.97,1000VDS02150,수도권제1순환선,1000,S,-1
r100-1,33220.0,18.1,1000VDS02000,수도권제1순환선,1000,S,-1
r100-1,33810.0,17.5,1000VDS01900,수도권제1순환선,1000,S,-1
r100-1,34810.0,16.5,1000VDS01851,수도권제1순환선,1000,S,-1
r100-1,34810.0,16.5,1000VDS01852,수도권제1순환선,1000,S,-1
r100-1,35310.0,16.0,1000VDS01800,수도권제1순환선,1000,S,-1
r100-1,36410.0,14.9,1000VDS01700,수도권제1순환선,1000,S,-1
r100-1,37610.0,13.7,1000VDS01600,수도권제1순환선,1000,S,-1
r100-1,38310.0,13.0,1000VDS01500,수도권제1순환선,1000,S,-1
r100-1,39010.0,12.3,1000VDS01400,수도권제1순환선,1000,S,-1
r100-1,40010.0,11.3,1000VDS01300,수도권제1순환선,1000,S,-1
r100-1,40810.0,10.5,1000VDS01200,수도권제1순환선,1000,S,-1
r100-1,41910.0,9.4,1000VDS01100,수도권제1순환선,1000,S,-1
r100-1,42310.0,9.0,1000VDS01000,수도권제1순환선,1000,S,-1
r100-1,43320.0,8.0,1000VDS00900,수도권제1순환선,1000,S,-1
r100-1,44120.0,7.2,1000VDS00800,수도권제1순환선,1000,S,-1
r100-1,44810.0,6.5,1000VDS00700,수도권제1순환선,1000,S,-1
r100-1,45820.0,5.5,1000VDS00600,수도권제1순환선,1000,S,-1
r100-1,47020.0,4.3,1000VDS00500,수도권제1순환선,1000,S,-1
r100-1,47820.0,3.5,1000VDS00400,수도권제1순환선,1000,S,-1
r100-1,48820.0,2.5,1000VDS00300,수도권제1순환선,1000,S,-1
r100-1,48820.0,2.45,1000VDS00290,수도권제1순환선,1000,S,-1
r100-1,49710.0,1.6,1000VDS00200,수도권제1순환선,1000,S,-1
r100-1,51210.0,0.1,1000VDS00100,수도권제1순환선,1000,S,-1
r100-1,52130.0,127.2,1000VDS07500,수도권제1순환선,1000,S,-1
r100-1,54090.0,125.2,1000VDS07400,수도권제1순환선,1000,S,-1
r100-1,54880.0,124.4,1000VDS07300,수도권제1순환선,1000,S,-1
r100-1,55680.0,123.6,1000VDS07200,수도권제1순환선,1000,S,-1
r100-1,57480.0,121.8,1000VDS07100,수도권제1순환선,1000,S,-1
r100-1,58980.0,120.3,1000VDS07000,수도권제1순환선,1000,S,-1
r100-1,59780.0,119.5,1000VDS06900,수도권제1순환선,1000,S,-1
r100-1,61270.0,118.0,1000VDS06800,수도권제1순환선,1000,S,-1
r100-1,62270.0,117.0,1000VDS06700,수도권제1순환선,1000,S,-1
r100-1,64860.0,114.4,1000VDS06600,수도권제1순환선,1000,S,-1
r100-1,66660.0,112.6,1000VDS06500,수도권제1순환선,1000,S,-1
r100-1,67260.0,112.0,1000VDS06355,수도권제1순환선,1000,S,-1
r100-1,67960.0,111.3,1000VDS06354,수도권제1순환선,1000,S,-1
r100-1,69060.0,110.2,1000VDS06353,수도권제1순환선,1000,S,-1
r100-1,69360.0,109.9,1000VDS06400,수도권제1순환선,1000,S,-1
r100-1,69560.0,109.7,1000VDS06352,수도권제1순환선,1000,S,-1
r100-1,70860.0,108.4,1000VDS06351,수도권제1순환선,1000,S,-1
r100-1,71550.0,107.7,1000VDS06300,수도권제1순환선,1000,S,-1
r100-1,71950.0,107.3,1000VDS06260,수도권제1순환선,1000,S,-1
r100-1,73140.0,106.1,1000VDS06200,수도권제1순환선,1000,S,-1
r100-1,73930.0,105.3,1000VDS06100,수도권제1순환선,1000,S,-1
r100-1,75030.0,104.2,1000VDS06000,수도권제1순환선,1000,S,-1
r100-1,76430.0,102.8,1000VDS05900,수도권제1순환선,1000,S,-1
r100-1,77230.0,102.0,1000VDS05800,수도권제1순환선,1000,S,-1
r100-1,77830.0,101.4,1000VDS05730,수도권제1순환선,1000,S,-1
r100-1,78130.0,101.1,1000VDS05700,수도권제1순환선,1000,S,-1
r100-1,79030.0,100.2,1000VDS05600,수도권제1순환선,1000,S,-1
r100-1,79930.0,99.3,1000VDS05500,수도권제1순환선,1000,S,-1
r100-1,81330.0,97.9,1000VDS05400,수도권제1순환선,1000,S,-1
r100-1,82530.0,96.7,1000VDS05300,수도권제1순환선,1000,S,-1
r100-1,84430.0,94.8,1000VDS05200,수도권제1순환선,1000,S,-1
r100-1,86930.0,92.3,1000VDS05100,수도권제1순환선,1000,S,-1
r100-1,87630.0,91.56,1000VDS05070,수도권제1순환선,1000,S,-1
r100-1,87730.0,91.5,1000VDS05050,수도권제1순환선,1000,S,-1
r100-1,88020.0,91.2,1000VDS05000,수도권제1순환선,1000,S,-1
r100-1,89920.0,89.3,1000VDS04900,수도권제1순환선,1000,S,-1
r100-1,91710.0,87.5,1000VDS04800,수도권제1순환선,1000,S,-1
r100-1,94210.0,85.0,1000VDS04700,수도권제1순환선,1000,S,-1
r100-1,96210.0,83.0,1000VDS04620,수도권제1순환선,1000,S,-1
r100-1,96410.0,82.8,1000VDS04600,수도권제1순환선,1000,S,-1
r100-1,97410.0,81.8,1000VDS04500,수도권제1순환선,1000,S,-1
r100-1,98900.0,80.3,1000VDS04400,수도권제1순환선,1000,S,-1
r100-1,99400.0,79.8,1000VDS04300,수도권제1순환선,1000,S,-1
r100-1,101590.0,77.6,1000VDS04200,수도권제1순환선,1000,S,-1
r100-1,102390.0,76.75,1000VDS04010,수도권제1순환선,1000,S,-1
r100-1,102390.0,76.8,1000VDS04100,수도권제1순환선,1000,S,-1
r100-1,103890.0,75.3,1000VDS04000,수도권제1순환선,1000,S,-1
r100-1,104690.0,74.5,1000VDS03900,수도권제1순환선,1000,S,-1
r100-1,107180.0,72.0,1000VDS03800,수도권제1순환선,1000,S,-1
r100-1,108580.0,70.6,1000VDS03700,수도권제1순환선,1000,S,-1
r100-1,109870.0,69.28,1000VDS03659,수도권제1순환선,1000,S,-1
r100-1,111170.0,68.0,1000VDS03658,수도권제1순환선,1000,S,-1
r100-1,111970.0,67.22,1000VDS03657,수도권제1순환선,1000,S,-1
r100-1,112870.0,66.27,1000VDS03656,수도권제1순환선,1000,S,-1
r100-1,114270.0,64.88,1000VDS03655,수도권제1순환선,1000,S,-1
r100-1,114870.0,64.27,1000VDS03654,수도권제1순환선,1000,S,-1
r100-1,115770.0,63.42,1000VDS03653,수도권제1순환선,1000,S,-1
r100-1,116570.0,62.63,1000VDS03652,수도권제1순환선,1000,S,-1
r100-1,117370.0,61.83,1000VDS03651,수도권제1순환선,1000,S,-1
r100-1,118770.0,60.43,1000VDS03650,수도권제1순환선,1000,S,-1
r100-1,119870.0,59.33,1000VDS03649,수도권제1순환선,1000,S,-1
r100-1,120880.0,58.33,1000VDS03648,수도권제1순환선,1000,S,-1
r100-1,122680.0,56.53,1000VDS03647,수도권제1순환선,1000,S,-1
r100-1,123590.0,55.6,1000VDS03646,수도권제1순환선,1000,S,-1
r100-1,124090.0,55.1,1000VDS03644,수도권제1순환선,1000,S,-1
r100-1,125380.0,53.8,1000VDS03642,수도권제1순환선,1000,S,-1
r100-1,125780.0,53.4,1000VDS03640,수도권제1순환선,1000,S,-1
r100-1,126180.0,53.0,1000VDS03638,수도권제1순환선,1000,S,-1
r100-1,126590.0,52.6,1000VDS03636,수도권제1순환선,1000,S,-1
r102-0,690.0,18.4,1020VDS01500,남해1지선,1020,S,-1
r102-0,1200.0,17.9,1020VDS01450,남해1지선,1020,S,-1
r102-0,2120.0,17.0,1020VDS01400,남해1지선,1020,S,-1
r102-0,3120.0,16.0,1020VDS01300,남해1지선,1020,S,-1
r102-0,6010.0,13.1,1020VDS01100,남해1지선,1020,S,-1
r102-0,7910.0,11.2,1020VDS00901,남해1지선,1020,S,-1
r102-0,9500.0,9.6,1020VDS00800,남해1지선,1020,S,-1
r102-0,10300.0,8.8,1020VDS00700,남해1지선,1020,S,-1
r102-0,11000.0,8.14,1020VDS00650,남해1지선,1020,S,-1
r102-0,11200.0,7.9,1020VDS00600,남해1지선,1020,S,-1
r102-0,13000.0,6.1,1020VDS00500,남해1지선,1020,S,-1
r102-0,14900.0,4.2,1020VDS00400,남해1지선,1020,S,-1
r102-0,15800.0,3.3,1020VDS00300,남해1지선,1020,S,-1
r102-0,16700.0,2.4,1020VDS00200,남해1지선,1020,S,-1
r102-0,18000.0,1.1,1020VDS00100,남해1지선,1020,S,-1
r102-1,670.0,1.1,1020VDE00100,남해1지선,1020,E,1
r102-1,1990.0,2.4,1020VDE00200,남해1지선,1020,E,1
r102-1,2880.0,3.3,1020VDE00300,남해1지선,1020,E,1
r102-1,3780.0,4.2,1020VDE00400,남해1지선,1020,E,1
r102-1,5680.0,6.1,1020VDE00500,남해1지선,1020,E,1
r102-1,6780.0,7.2,1020VDE00550,남해1지선,1020,E,1
r102-1,7480.0,7.9,1020VDE00600,남해1지선,1020,E,1
r102-1,8380.0,8.8,1020VDE00700,남해1지선,1020,E,1
r102-1,9180.0,9.6,1020VDE00800,남해1지선,1020,E,1
r102-1,10290.0,10.7,1020VDE00900,남해1지선,1020,E,1
r102-1,12680.0,13.1,1020VDE01100,남해1지선,1020,E,1
r102-1,15570.0,16.0,1020VDE01300,남해1지선,1020,E,1
r102-1,16570.0,17.0,1020VDE01400,남해1지선,1020,E,1
r102-1,17490.0,17.9,1020VDE01450,남해1지선,1020,E,1
r102-1,17990.0,18.4,1020VDE01500,남해1지선,1020,E,1
r104-0,820.0,19.3,1040VDS01300,남해2지선,1040,S,-1
r104-0,2620.0,17.5,1040VDS01200,남해2지선,1040,S,-1
r104-0,3820.0,16.3,1040VDS01100,남해2지선,1040,S,-1
r104-0,5020.0,15.1,1040VDS01000,남해2지선,1040,S,-1
r104-0,6020.0,14.1,1040VDS00900,남해2지선,1040,S,-1
r104-0,7330.0,12.8,1040VDS00800,남해2지선,1040,S,-1
r104-0,8410.0,11.7,1040VDS00700,남해2지선,1040,S,-1
r104-0,10210.0,9.9,1040VDS00600,남해2지선,1040,S,-1
r104-0,11420.0,8.7,1040VDS00500,남해2지선,1040,S,-1
r104-0,12320.0,7.8,1040VDS00400,남해2지선,1040,S,-1
r104-0,13420.0,6.7,1040VDS00350,남해2지선,1040,S,-1
r104-0,14510.0,5.6,1040VDS00300,남해2지선,1040,S,-1
r104-0,15400.0,4.7,1040VDS00250,남해2지선,1040,S,-1
r104-0,16210.0,3.9,1040VDS00200,남해2지선,1040,S,-1
r104-0,17110.0,3.0,1040VDS00150,남해2지선,1040,S,-1
r104-0,18510.0,1.6,1040VDS00100,남해2지선,1040,S,-1
r104-1,1000.0,1.6,1040VDE00100,남해2지선,1040,E,1
r104-1,2410.0,3.0,1040VDE00150,남해2지선,1040,E,1
r104-1,3310.0,3.9,1040VDE00200,남해2지선,1040,E,1
r104-1,4100.0,4.7,1040VDE00250,남해2지선,1040,E,1
r104-1,5000.0,5.6,1040VDE00300,남해2지선,1040,E,1
r104-1,6110.0,6.7,1040VDE00350,남해2지선,1040,E,1
r104-1,7210.0,7.8,1040VDE00400,남해2지선,1040,E,1
r104-1,8110.0,8.7,1040VDE00500,남해2지선,1040,E,1
r104-1,9300.0,9.9,1040VDE00600,남해2지선,1040,E,1
r104-1,11100.0,11.7,1040VDE00700,남해2지선,1040,E,1
r104-1,12200.0,12.8,1040VDE00800,남해2지선,1040,E,1
r104-1,13500.0,14.1,1040VDE00900,남해2지선,1040,E,1
r104-1,14500.0,15.1,1040VDE01000,남해2지선,1040,E,1
r104-1,15700.0,16.3,1040VDE01100,남해2지선,1040,E,1
r104-1,16900.0,17.5,1040VDE01200,남해2지선,1040,E,1
r104-1,18700.0,19.3,1040VDE01300,남해2지선,1040,E,1
r110-0,58670.0,123.6,1000VDE07200,수도권제1순환선,1000,E,1
r110-0,59470.0,124.4,1000VDE07300,수도권제1순환선,1000,E,1
r110-0,62100.0,127.2,1000VDE07500,수도권제1순환선,1000,E,1
r110-0,21540.0,2.2,1100VDE00200,제2경인선,1100,E,1
r110-0,22640.0,3.3,1100VDE00300,제2경인선,1100,E,1
r110-0,23540.0,4.2,1100VDE00400,제2경인선,1100,E,1
r110-0,24740.0,5.4,1100VDE00500,제2경인선,1100,E,1
r110-0,25040.0,5.7,1100VDE00570,제2경인선,1100,E,1
r110-0,25640.0,6.3,1100VDE00600,제2경인선,1100,E,1
r110-0,26640.0,7.3,1100VDE00700,제2경인선,1100,E,1
r110-0,27740.0,8.4,1100VDE00800,제2경인선,1100,E,1
r110-0,28640.0,9.3,1100VDE00900,제2경인선,1100,E,1
r110-0,30240.0,10.9,1100VDE01000,제2경인선,1100,E,1
r110-0,32140.0,12.8,1100VDE01050,제2경인선,1100,E,1
r110-0,32240.0,12.9,1100VDE01100,제2경인선,1100,E,1
r110-0,33140.0,13.8,1100VDE01200,제2경인선,1100,E,1
r110-0,34550.0,15.2,1100VDE01300,제2경인선,1100,E,1
r110-0,35950.0,16.6,1100VDE01400,제2경인선,1100,E,1
r110-0,37550.0,18.2,1100VDE01500,제2경인선,1100,E,1
r110-0,38550.0,19.2,1100VDE01600,제2경인선,1100,E,1
r110-0,39450.0,20.1,1100VDE01700,제2경인선,1100,E,1
r110-0,40340.0,21.0,1100VDE01800,제2경인선,1100,E,1
r110-0,41550.0,22.2,1100VDE01802,제2경인선,1100,E,1
r110-0,42150.0,22.8,1100VDE01900,제2경인선,1100,E,1
r110-0,42250.0,22.92,1100VDE01920,제2경인선,1100,E,1
r110-0,42950.0,23.6,1100VDE02000,제2경인선,1100,E,1
r110-0,44750.0,25.4,1100VDE02100,제2경인선,1100,E,1
r110-0,45050.0,25.72,1100VDE02750,제2경인선,1100,E,1
r110-1,20780.0,25.72,1100VDS02750,제2경인선,1100,S,-1
r110-1,21080.0,25.4,1100VDS02100,제2경인선,1100,S,-1
r110-1,22880.0,23.6,1100VDS02000,제2경인선,1100,S,-1
r110-1,23680.0,22.8,1100VDS01900,제2경인선,1100,S,-1
r110-1,25080.0,21.4,1100VDS01802,제2경인선,1100,S,-1
r110-1,25480.0,21.0,1100VDS01800,제2경인선,1100,S,-1
r110-1,26380.0,20.1,1100VDS01700,제2경인선,1100,S,-1
r110-1,26980.0,19.5,1100VDS01650,제2경인선,1100,S,-1
r110-1,27280.0,19.2,1100VDS01600,제2경인선,1100,S,-1
r110-1,28280.0,18.2,1100VDS01500,제2경인선,1100,S,-1
r110-1,29890.0,16.6,1100VDS01400,제2경인선,1100,S,-1
r110-1,31290.0,15.2,1100VDS01300,제2경인선,1100,S,-1
r110-1,32680.0,13.8,1100VDS01200,제2경인선,1100,S,-1
r110-1,33590.0,12.9,1100VDS01100,제2경인선,1100,S,-1
r110-1,34990.0,11.5,1100VDS01050,제2경인선,1100,S,-1
r110-1,35590.0,10.9,1100VDS01000,제2경인선,1100,S,-1
r110-1,37190.0,9.3,1100VDS00900,제2경인선,1100,S,-1
r110-1,38090.0,8.4,1100VDS00800,제2경인선,1100,S,-1
r110-1,39190.0,7.3,1100VDS00700,제2경인선,1100,S,-1
r110-1,40190.0,6.3,1100VDS00600,제2경인선,1100,S,-1
r110-1,41090.0,5.4,1100VDS00500,제2경인선,1100,S,-1
r110-1,42290.0,4.2,1100VDS00400,제2경인선,1100,S,-1
r110-1,43090.0,3.4,1100VDS00340,제2경인선,1100,S,-1
r110-1,43190.0,3.3,1100VDS00300,제2경인선,1100,S,-1
r110-1,44290.0,2.2,1100VDS00200,제2경인선,1100,S,-1
r120-0,1120.0,22.8,1200VDS02200,경인선,1200,S,-1
r120-0,1520.0,22.4,1200VDS02100,경인선,1200,S,-1
r120-0,2820.0,21.1,1200VDS02000,경인선,1200,S,-1
r120-0,4220.0,19.7,1200VDS01900,경인선,1200,S,-1
r120-0,4820.0,19.1,1200VDS01800,경인선,1200,S,-1
r120-0,6120.0,17.8,1200VDS01700,경인선,1200,S,-1
r120-0,6720.0,17.2,1200VDS01660,경인선,1200,S,-1
r120-0,8130.0,15.8,1200VDS01600,경인선,1200,S,-1
r120-0,9130.0,14.8,1200VDS01500,경인선,1200,S,-1
r120-0,9930.0,14.0,1200VDS01400,경인선,1200,S,-1
r120-0,11130.0,12.8,1200VDS01300,경인선,1200,S,-1
r120-0,11230.0,12.7,1200VDS01250,경인선,1200,S,-1
r120-0,12330.0,11.6,1200VDS01200,경인선,1200,S,-1
r120-1,60.0,11.6,1200VDE01200,경인선,1200,E,1
r120-1,1260.0,12.8,1200VDE01300,경인선,1200,E,1
r120-1,1360.0,12.88,1200VDE01350,경인선,1200,E,1
r120-1,2460.0,14.0,1200VDE01400,경인선,1200,E,1
r120-1,3260.0,14.8,1200VDE01500,경인선,1200,E,1
r120-1,4260.0,15.8,1200VDE01600,경인선,1200,E,1
r120-1,5670.0,17.2,1200VDE01650,경인선,1200,E,1
r120-1,6270.0,17.8,1200VDE01700,경인선,1200,E,1
r120-1,7570.0,19.1,1200VDE01800,경인선,1200,E,1
r120-1,8170.0,19.7,1200VDE01900,경인선,1200,E,1
r120-1,9570.0,21.1,1200VDE02000,경인선,1200,E,1
r120-1,10870.0,22.4,1200VDE02100,경인선,1200,E,1
r120-1,11370.0,22.88,1200VDE02200,경인선,1200,E,1
r130-0,2640.0,33.91,1300VDS00340,인천공항선,1300,S,-1
r130-0,3760.0,32.79,1300VDS00330,인천공항선,1300,S,-1
r130-0,5660.0,30.9,1300VDS00310,인천공항선,1300,S,-1
r130-0,7460.0,29.07,1300VDS00290,인천공항선,1300,S,-1
r130-0,9440.0,27.12,1300VDS00260,인천공항선,1300,S,-1
r130-0,10440.0,26.13,1300VDS00250,인천공항선,1300,S,-1
r130-0,12140.0,24.36,1300VDS00230,인천공항선,1300,S,-1
r130-0,14440.0,22.06,1300VDS00210,인천공항선,1300,S,-1
r130-0,16340.0,20.24,1300VDS00190,인천공항선,1300,S,-1
r130-0,18250.0,18.26,1300VDS00170,인천공항선,1300,S,-1
r130-0,20140.0,16.35,1300VDS00140,인천공항선,1300,S,-1
r130-0,21130.0,15.41,1300VDS00130,인천공항선,1300,S,-1
r130-0,26970.0,9.64,1300VDS00120,인천공항선,1300,S,-1
r130-0,29170.0,7.35,1300VDS00100,인천공항선,1300,S,-1
r130-0,30270.0,6.25,1300VDS00080,인천공항선,1300,S,-1
r130-0,30970.0,5.56,1300VDS00070,인천공항선,1300,S,-1
r130-0,32970.0,3.62,1300VDS00050,인천공항선,1300,S,-1
r130-0,35270.0,1.25,1300VDS00020,인천공항선,1300,S,-1
r130-0,36480.0,0.11,1300VDS00010,인천공항선,1300,S,-1
r130-1,110.0,0.11,1300VDE00010,인천공항선,1300,E,1
r130-1,1300.0,1.25,1300VDE00020,인천공항선,1300,E,1
r130-1,3600.0,3.62,1300VDE00060,인천공항선,1300,E,1
r130-1,5590.0,5.56,1300VDE00080,인천공항선,1300,E,1
r130-1,6290.0,6.25,1300VDE00090,인천공항선,1300,E,1
r130-1,7400.0,7.35,1300VDE00100,인천공항선,1300,E,1
r130-1,9600.0,9.64,1300VDE00120,인천공항선,1300,E,1
r130-1,15390.0,15.41,1300VDE00130,인천공항선,1300,E,1
r130-1,16390.0,16.35,1300VDE00140,인천공항선,1300,E,1
r130-1,18290.0,18.26,1300VDE00160,인천공항선,1300,E,1
r130-1,20190.0,20.24,1300VDE00190,인천공항선,1300,E,1
r130-1,22090.0,22.06,1300VDE00210,인천공항선,1300,E,1
r130-1,24390.0,24.36,1300VDE00230,인천공항선,1300,E,1
r130-1,26090.0,26.13,1300VDE00250,인천공항선,1300,E,1
r130-1,27090.0,27.12,1300VDE00270,인천공항선,1300,E,1
r130-1,29080.0,29.07,1300VDE00300,인천공항선,1300,E,1
r130-1,30880.0,30.9,1300VDE00320,인천공항선,1300,E,1
r130-1,32770.0,32.79,1300VDE00340,인천공항선,1300,E,1
r130-1,33870.0,33.91,1300VDE00350,인천공항선,1300,E,1
r151-0,1150.0,59.9,1510VDS05900,서천공주선,1510,S,-1
r151-0,2540.0,58.5,1510VDS05700,서천공주선,1510,S,-1
r151-0,3840.0,57.2,1510VDS05600,서천공주선,1510,S,-1
r151-0,6350.0,54.7,1510VDS05400,서천공주선,1510,S,-1
r151-0,7950.0,53.1,1510VDS05300,서천공주선,1510,S,-1
r151-0,9740.0,51.3,1510VDS05100,서천공주선,1510,S,-1
r151-0,10540.0,50.5,1510VDS05000,서천공주선,1510,S,-1
r151-0,13340.0,47.7,1510VDS04700,서천공주선,1510,S,-1
r151-0,14440.0,46.6,1510VDS04600,서천공주선,1510,S,-1
r151-0,16240.0,44.8,1510VDS04400,서천공주선,1510,S,-1
r151-0,17140.0,43.9,1510VDS04300,서천공주선,1510,S,-1
r151-0,19740.0,41.3,1510VDS04100,서천공주선,1510,S,-1
r151-0,20640.0,40.4,1510VDS04000,서천공주선,1510,S,-1
r151-0,22540.0,38.5,1510VDS03800,서천공주선,1510,S,-1
r151-0,23640.0,37.4,1510VDS03700,서천공주선,1510,S,-1
r151-0,26540.0,34.5,1510VDS03400,서천공주선,1510,S,-1
r151-0,28340.0,32.7,1510VDS03200,서천공주선,1510,S,-1
r151-0,30140.0,30.9,1510VDS03000,서천공주선,1510,S,-1
r151-0,31050.0,30.0,1510VDS02900,서천공주선,1510,S,-1
r151-0,32840.0,28.2,1510VDS02700,서천공주선,1510,S,-1
r151-0,33940.0,27.1,1510VDS02600,서천공주선,1510,S,-1
r151-0,36540.0,24.5,1510VDS02300,서천공주선,1510,S,-1
r151-0,37950.0,23.1,1510VDS02200,서천공주선,1510,S,-1
r151-0,39950.0,21.1,1510VDS02000,서천공주선,1510,S,-1
r151-0,40950.0,20.1,1510VDS01900,서천공주선,1510,S,-1
r151-0,42730.0,18.3,1510VDS01700,서천공주선,1510,S,-1
r151-0,43650.0,17.4,1510VDS01600,서천공주선,1510,S,-1
r151-0,46350.0,14.7,1510VDS01400,서천공주선,1510,S,-1
r151-0,47240.0,13.8,1510VDS01300,서천공주선,1510,S,-1
r151-0,48940.0,12.1,1510VDS01100,서천공주선,1510,S,-1
r151-0,51030.0,10.0,1510VDS00900,서천공주선,1510,S,-1
r151-0,53030.0,8.0,1510VDS00700,서천공주선,1510,S,-1
r151-0,53930.0,7.1,1510VDS00600,서천공주선,1510,S,-1
r151-0,56330.0,4.7,1510VDS00400,서천공주선,1510,S,-1
r151-0,57130.0,3.9,1510VDS00300,서천공주선,1510,S,-1
r151-0,59330.0,1.7,1510VDS00100,서천공주선,1510,S,-1
r151-0,61010.0,0.0,1510VDS00101,서천공주선,1510,S,-1
r151-1,0.0,0.0,1510VDE00101,서천공주선,1510,E,1
r151-1,1680.0,1.7,1510VDE00100,서천공주선,1510,E,1
r151-1,3880.0,3.9,1510VDE00300,서천공주선,1510,E,1
r151-1,4680.0,4.7,1510VDE00400,서천공주선,1510,E,1
r151-1,7080.0,7.1,1510VDE00600,서천공주선,1510,E,1
r151-1,7980.0,8.0,1510VDE00700,서천공주선,1510,E,1
r151-1,9980.0,10.0,1510VDE00900,서천공주선,1510,E,1
r151-1,12060.0,12.1,1510VDE01100,서천공주선,1510,E,1
r151-1,13760.0,13.8,1510VDE01300,서천공주선,1510,E,1
r151-1,14660.0,14.7,1510VDE01400,서천공주선,1510,E,1
r151-1,17360.0,17.4,1510VDE01600,서천공주선,1510,E,1
r151-1,18280.0,18.3,1510VDE01700,서천공주선,1510,E,1
r151-1,20060.0,20.1,1510VDE01900,서천공주선,1510,E,1
r151-1,21060.0,21.1,1510VDE02000,서천공주선,1510,E,1
r151-1,23060.0,23.1,1510VDE02200,서천공주선,1510,E,1
r151-1,24460.0,24.5,1510VDE02300,서천공주선,1510,E,1
r151-1,27060.0,27.1,1510VDE02600,서천공주선,1510,E,1
r151-1,28150.0,28.2,1510VDE02700,서천공주선,1510,E,1
r151-1,29950.0,30.0,1510VDE02900,서천공주선,1510,E,1
r151-1,30850.0,30.9,1510VDE03000,서천공주선,1510,E,1
r151-1,32650.0,32.7,1510VDE03200,서천공주선,1510,E,1
r151-1,34460.0,34.5,1510VDE03400,서천공주선,1510,E,1
r151-1,37350.0,37.4,1510VDE03700,서천공주선,1510,E,1
r151-1,38450.0,38.5,1510VDE03800,서천공주선,1510,E,1
r151-1,40350.0,40.4,1510VDE04000,서천공주선,1510,E,1
r151-1,41250.0,41.3,1510VDE04100,서천공주선,1510,E,1
r151-1,43850.0,43.9,1510VDE04300,서천공주선,1510,E,1
r151-1,44750.0,44.8,1510VDE04400,서천공주선,1510,E,1
r151-1,46550.0,46.6,1510VDE04600,서천공주선,1510,E,1
r151-1,47660.0,47.7,1510VDE04700,서천공주선,1510,E,1
r151-1,50460.0,50.5,1510VDE05000,서천공주선,1510,E,1
r151-1,51260.0,51.3,1510VDE05100,서천공주선,1510,E,1
r151-1,53060.0,53.1,1510VDE05300,서천공주선,1510,E,1
r151-1,54660.0,54.7,1510VDE05400,서천공주선,1510,E,1
r151-1,57160.0,57.2,1510VDE05600,서천공주선,1510,E,1
r151-1,58460.0,58.5,1510VDE05700,서천공주선,1510,E,1
r151-1,59870.0,59.9,1510VDE05900,서천공주선,1510,E,1
r204-0,30.0,24.5,0201VDS02400,익산장수선,0201,S,-1
r204-0,1520.0,23.0,0201VDS02300,익산장수선,0201,S,-1
r204-0,3620.0,20.9,0201VDS02100,익산장수선,0201,S,-1
r204-0,5630.0,18.9,0201VDS01900,익산장수선,0201,S,-1
r204-0,7540.0,17.0,0201VDS01700,익산장수선,0201,S,-1
r204-0,9440.0,15.1,0201VDS01500,익산장수선,0201,S,-1
r204-0,11440.0,13.1,0201VDS01300,익산장수선,0201,S,-1
r204-0,12240.0,12.3,0201VDS01200,익산장수선,0201,S,-1
r204-0,14540.0,10.0,0201VDS01000,익산장수선,0201,S,-1
r204-0,16430.0,8.1,0201VDS00800,익산장수선,0201,S,-1
r204-0,17640.0,6.9,0201VDS00700,익산장수선,0201,S,-1
r204-0,18630.0,5.9,0201VDS00600,익산장수선,0201,S,-1
r204-0,19930.0,4.6,0201VDS00400,익산장수선,0201,S,-1
r204-0,21430.0,3.1,0201VDS00300,익산장수선,0201,S,-1
r204-0,23330.0,1.2,0201VDS00100,익산장수선,0201,S,-1
r204-1,270.0,1.2,0201VDE00100,익산장수선,0201,E,1
r204-1,2170.0,3.1,0201VDE00300,익산장수선,0201,E,1
r204-1,3670.0,4.6,0201VDE00400,익산장수선,0201,E,1
r204-1,4970.0,5.9,0201VDE00600,익산장수선,0201,E,1
r204-1,5970.0,6.9,0201VDE00700,익산장수선,0201,E,1
r204-1,7170.0,8.1,0201VDE00800,익산장수선,0201,E,1
r204-1,9070.0,10.0,0201VDE01000,익산장수선,0201,E,1
r204-1,11370.0,12.3,0201VDE01200,익산장수선,0201,E,1
r204-1,12170.0,13.1,0201VDE01300,익산장수선,0201,E,1
r204-1,14170.0,15.1,0201VDE01500,익산장수선,0201,E,1
r204-1,16070.0,17.0,0201VDE01700,익산장수선,0201,E,1
r204-1,17970.0,18.9,0201VDE01900,익산장수선,0201,E,1
r204-1,19960.0,20.9,0201VDE02100,익산장수선,0201,E,1
r204-1,22060.0,23.0,0201VDE02300,익산장수선,0201,E,1
r204-1,23530.0,24.5,0201VDE02400,익산장수선,0201,E,1
r251-0,1260.0,0.6,2510VDE00100,호남지선,2510,E,1
r251-0,3750.0,3.1,2510VDE00300,호남지선,2510,E,1
r251-0,5450.0,4.8,2510VDE00500,호남지선,2510,E,1
r251-0,6150.0,5.5,2510VDE00600,호남지선,2510,E,1
r251-0,8250.0,7.6,2510VDE00800,호남지선,2510,E,1
r251-0,9250.0,8.6,2510VDE00900,호남지선,2510,E,1
r251-0,11140.0,10.5,2510VDE01100,호남지선,2510,E,1
r251-0,12140.0,11.5,2510VDE01200,호남지선,2510,E,1
r251-0,13940.0,13.3,2510VDE01400,호남지선,2510,E,1
r251-0,15400.0,14.8,2510VDE01500,호남지선,2510,E,1
r251-0,17400.0,16.8,2510VDE01700,호남지선,2510,E,1
r251-0,18300.0,17.7,2510VDE01800,호남지선,2510,E,1
r251-0,20200.0,19.6,2510VDE02000,호남지선,2510,E,1
r251-0,21400.0,20.8,2510VDE02100,호남지선,2510,E,1
r251-0,22400.0,21.8,2510VDE02200,호남지선,2510,E,1
r251-0,24590.0,24.0,2510VDE02400,호남지선,2510,E,1
r251-0,26390.0,25.8,2510VDE02600,호남지선,2510,E,1
r251-0,27390.0,26.8,2510VDE02700,호남지선,2510,E,1
r251-0,28590.0,28.0,2510VDE02800,호남지선,2510,E,1
r251-0,29290.0,28.7,2510VDE02900,호남지선,2510,E,1
r251-0,30580.0,30.0,2510VDE03000,호남지선,2510,E,1
r251-0,31680.0,31.1,2510VDE03100,호남지선,2510,E,1
r251-0,32580.0,32.0,2510VDE03200,호남지선,2510,E,1
r251-0,33400.0,32.8,2510VDE03300,호남지선,2510,E,1
r251-0,34900.0,34.3,2510VDE03400,호남지선,2510,E,1
r251-0,35700.0,35.1,2510VDE03500,호남지선,2510,E,1
r251-0,36500.0,35.9,2510VDE03600,호남지선,2510,E,1
r251-0,37400.0,36.8,2510VDE03700,호남지선,2510,E,1
r251-0,38390.0,37.8,2510VDE03800,호남지선,2510,E,1
r251-0,39590.0,39.0,2510VDE03900,호남지선,2510,E,1
r251-0,40290.0,39.7,2510VDE04000,호남지선,2510,E,1
r251-0,41390.0,40.8,2510VDE04100,호남지선,2510,E,1
r251-0,42590.0,42.0,2510VDE04300,호남지선,2510,E,1
r251-0,43680.0,43.1,2510VDE04400,호남지선,2510,E,1
r251-0,44480.0,43.9,2510VDE04500,호남지선,2510,E,1
r251-0,44880.0,44.3,2510VDE05501,호남지선,2510,E,1
r251-0,45380.0,44.8,2510VDE04600,호남지선,2510,E,1
r251-0,47470.0,46.9,2510VDE04700,호남지선,2510,E,1
r251-0,48470.0,47.9,2510VDE04800,호남지선,2510,E,1
r251-0,49470.0,48.9,2510VDE05000,호남지선,2510,E,1
r251-0,50370.0,49.8,2510VDE05100,호남지선,2510,E,1
r251-0,51260.0,50.7,2510VDE05200,호남지선,2510,E,1
r251-0,51760.0,51.2,2510VDE05250,호남지선,2510,E,1
r251-0,52360.0,51.8,2510VDE05300,호남지선,2510,E,1
r251-0,53760.0,53.2,2510VDE05400,호남지선,2510,E,1
r251-1,470.0,53.2,2510VDS05400,호남지선,2510,S,-1
r251-1,1860.0,51.8,2510VDS05300,호남지선,2510,S,-1
r251-1,2970.0,50.7,2510VDS05200,호남지선,2510,S,-1
r251-1,3870.0,49.8,2510VDS05100,호남지선,2510,S,-1
r251-1,4760.0,48.9,2510VDS05000,호남지선,2510,S,-1
r251-1,5660.0,48.0,2510VDS04850,호남지선,2510,S,-1
r251-1,5760.0,47.9,2510VDS04800,호남지선,2510,S,-1
r251-1,6760.0,46.9,2510VDS04700,호남지선,2510,S,-1
r251-1,8860.0,44.8,2510VDS04600,호남지선,2510,S,-1
r251-1,9360.0,44.3,2510VDS05601,호남지선,2510,S,-1
r251-1,9760.0,43.9,2510VDS04500,호남지선,2510,S,-1
r251-1,10560.0,43.1,2510VDS04400,호남지선,2510,S,-1
r251-1,11650.0,42.0,2510VDS04300,호남지선,2510,S,-1
r251-1,12850.0,40.8,2510VDS04100,호남지선,2510,S,-1
r251-1,13950.0,39.7,2510VDS04000,호남지선,2510,S,-1
r251-1,14650.0,39.0,2510VDS03900,호남지선,2510,S,-1
r251-1,15850.0,37.8,2510VDS03800,호남지선,2510,S,-1
r251-1,16850.0,36.8,2510VDS03700,호남지선,2510,S,-1
r251-1,17750.0,35.9,2510VDS03600,호남지선,2510,S,-1
r251-1,18550.0,35.1,2510VDS03500,호남지선,2510,S,-1
r251-1,19340.0,34.3,2510VDS03400,호남지선,2510,S,-1
r251-1,20840.0,32.8,2510VDS03300,호남지선,2510,S,-1
r251-1,21640.0,32.0,2510VDS03200,호남지선,2510,S,-1
r251-1,22510.0,31.1,2510VDS03100,호남지선,2510,S,-1
r251-1,23630.0,30.0,2510VDS03000,호남지선,2510,S,-1
r251-1,24920.0,28.7,2510VDS02900,호남지선,2510,S,-1
r251-1,25630.0,28.0,2510VDS02800,호남지선,2510,S,-1
r251-1,26820.0,26.8,2510VDS02700,호남지선,2510,S,-1
r251-1,27820.0,25.8,2510VDS02600,호남지선,2510,S,-1
r251-1,29620.0,24.0,2510VDS02400,호남지선,2510,S,-1
r251-1,31820.0,21.8,2510VDS02200,호남지선,2510,S,-1
r251-1,32810.0,20.8,2510VDS02100,호남지선,2510,S,-1
r251-1,34010.0,19.6,2510VDS02000,호남지선,2510,S,-1
r251-1,35910.0,17.7,2510VDS01800,호남지선,2510,S,-1
r251-1,36800.0,16.8,2510VDS01700,호남지선,2510,S,-1
r251-1,38800.0,14.8,2510VDS01500,호남지선,2510,S,-1
r251-1,40250.0,13.3,2510VDS01400,호남지선,2510,S,-1
r251-1,42070.0,11.5,2510VDS01200,호남지선,2510,S,-1
r251-1,43070.0,10.5,2510VDS01100,호남지선,2510,S,-1
r251-1,44960.0,8.6,2510VDS00900,호남지선,2510,S,-1
r251-1,45960.0,7.6,2510VDS00800,호남지선,2510,S,-1
r251-1,48060.0,5.5,2510VDS00600,호남지선,2510,S,-1
r251-1,48760.0,4.8,2510VDS00500,호남지선,2510,S,-1
r251-1,50470.0,3.1,2510VDS00300,호남지선,2510,S,-1
r251-1,52960.0,0.6,2510VDS00100,호남지선,2510,S,-1
r253-0,780.0,1.07,0140VDE00100,고창담양선,0140,E,1
r253-0,2680.0,2.99,0140VDE00300,고창담양선,0140,E,1
r253-0,3680.0,4.0,0140VDE00400,고창담양선,0140,E,1
r253-0,4770.0,5.1,0140VDE00500,고창담양선,0140,E,1
r253-0,5880.0,6.2,0140VDE00600,고창담양선,0140,E,1
r253-0,6880.0,7.19,0140VDE00602,고창담양선,0140,E,1
r253-0,8470.0,8.79,0140VDE00606,고창담양선,0140,E,1
r253-0,10070.0,10.43,0140VDE00610,고창담양선,0140,E,1
r253-0,12580.0,12.86,0140VDE00800,고창담양선,0140,E,1
r253-0,14380.0,14.7,0140VDE00900,고창담양선,0140,E,1
r253-0,16580.0,16.9,0140VDE01100,고창담양선,0140,E,1
r253-0,18300.0,18.7,0140VDE01102,고창담양선,0140,E,1
r253-0,19700.0,20.06,0140VDE01106,고창담양선,0140,E,1
r253-0,21200.0,21.62,0140VDE01110,고창담양선,0140,E,1
r253-0,22800.0,23.23,0140VDE01114,고창담양선,0140,E,1
r253-0,24900.0,25.3,0140VDE01200,고창담양선,0140,E,1
r253-0,26810.0,27.2,0140VDE01400,고창담양선,0140,E,1
r253-0,27810.0,28.21,0140VDE01500,고창담양선,0140,E,1
r253-0,29710.0,30.1,0140VDE01700,고창담양선,0140,E,1
r253-0,31510.0,31.9,0140VDE01900,고창담양선,0140,E,1
r253-0,33410.0,33.8,0140VDE02100,고창담양선,0140,E,1
r253-0,35410.0,35.8,0140VDE02300,고창담양선,0140,E,1
r253-0,37410.0,37.8,0140VDE02500,고창담양선,0140,E,1
r253-0,38310.0,38.7,0140VDE02600,고창담양선,0140,E,1
r253-0,40310.0,40.7,0140VDE02800,고창담양선,0140,E,1
r253-1,2180.0,40.7,0140VDS02800,고창담양선,0140,S,-1
r253-1,4180.0,38.7,0140VDS02600,고창담양선,0140,S,-1
r253-1,5080.0,37.8,0140VDS02500,고창담양선,0140,S,-1
r253-1,7080.0,35.8,0140VDS02300,고창담양선,0140,S,-1
r253-1,9080.0,33.8,0140VDS02100,고창담양선,0140,S,-1
r253-1,10980.0,31.9,0140VDS01900,고창담양선,0140,S,-1
r253-1,12780.0,30.1,0140VDS01700,고창담양선,0140,S,-1
r253-1,14680.0,28.21,0140VDS01500,고창담양선,0140,S,-1
r253-1,15680.0,27.2,0140VDS01400,고창담양선,0140,S,-1
r253-1,17570.0,25.3,0140VDS01200,고창담양선,0140,S,-1
r253-1,19270.0,23.57,0140VDS01115,고창담양선,0140,S,-1
r253-1,20760.0,22.06,0140VDS01111,고창담양선,0140,S,-1
r253-1,22160.0,20.68,0140VDS01107,고창담양선,0140,S,-1
r253-1,23770.0,19.11,0140VDS01103,고창담양선,0140,S,-1
r253-1,25900.0,16.9,0140VDS01100,고창담양선,0140,S,-1
r253-1,28110.0,14.7,0140VDS00900,고창담양선,0140,S,-1
r253-1,29920.0,12.86,0140VDS00800,고창담양선,0140,S,-1
r253-1,31810.0,10.96,0140VDS00602,고창담양선,0140,S,-1
r253-1,33410.0,9.36,0140VDS00606,고창담양선,0140,S,-1
r253-1,35000.0,7.76,0140VDS00610,고창담양선,0140,S,-1
r253-1,36600.0,6.2,0140VDS00600,고창담양선,0140,S,-1
r253-1,37700.0,5.1,0140VDS00500,고창담양선,0140,S,-1
r253-1,38800.0,4.0,0140VDS00400,고창담양선,0140,S,-1
r253-1,39800.0,2.99,0140VDS00300,고창담양선,0140,S,-1
r253-1,41700.0,1.07,0140VDS00100,고창담양선,0140,S,-1
r300-0,14160.0,208.9,0351VDE17500,통영대전선,0351,E,1
r300-0,15950.0,210.7,0351VDE17700,통영대전선,0351,E,1
r300-0,18060.0,212.8,0351VDE17900,통영대전선,0351,E,1
r300-0,19060.0,213.8,0351VDE18201,통영대전선,0351,E,1
r300-0,19360.0,214.1,0351VDE18100,통영대전선,0351,E,1
r300-0,0.0,0.3,3000VDE00031,대전남부선,3000,E,1
r300-0,180.0,0.5,3000VDE00100,대전남부선,3000,E,1
r300-0,1980.0,2.3,3000VDE00300,대전남부선,3000,E,1
r300-0,3980.0,4.25,3000VDE00510,대전남부선,3000,E,1
r300-0,5680.0,6.0,3000VDE00600,대전남부선,3000,E,1
r300-0,6570.0,6.9,3000VDE00700,대전남부선,3000,E,1
r300-0,8770.0,9.1,3000VDE00900,대전남부선,3000,E,1
r300-0,11470.0,11.8,3000VDE01100,대전남부선,3000,E,1
r300-0,12370.0,12.7,3000VDE01200,대전남부선,3000,E,1
r300-1,350.0,214.1,0351VDS18100,통영대전선,0351,S,-1
r300-1,1650.0,212.8,0351VDS17900,통영대전선,0351,S,-1
r300-1,3750.0,210.7,0351VDS17700,통영대전선,0351,S,-1
r300-1,5550.0,208.9,0351VDS17500,통영대전선,0351,S,-1
r300-1,7300.0,12.7,3000VDS01200,대전남부선,3000,S,-1
r300-1,8190.0,11.8,3000VDS01100,대전남부선,3000,S,-1
r300-1,10890.0,9.1,3000VDS00900,대전남부선,3000,S,-1
r300-1,13080.0,6.9,3000VDS00700,대전남부선,3000,S,-1
r300-1,13980.0,6.0,3000VDS00600,대전남부선,3000,S,-1
r300-1,15770.0,4.2,3000VDS00500,대전남부선,3000,S,-1
r300-1,17680.0,2.3,3000VDS00300,대전남부선,3000,S,-1
r300-1,19470.0,0.5,3000VDS00100,대전남부선,3000,S,-1
r302-0,1740.0,73.0,0301VDE07000,당진대전선,0301,E,1
r302-0,2740.0,74.0,0301VDE07100,당진대전선,0301,E,1
r302-0,5140.0,76.4,0301VDE07300,당진대전선,0301,E,1
r302-0,6040.0,77.3,0301VDE07400,당진대전선,0301,E,1
r302-0,7940.0,79.2,0301VDE07600,당진대전선,0301,E,1
r302-0,9040.0,80.3,0301VDE07700,당진대전선,0301,E,1
r302-0,10040.0,81.3,0301VDE07800,당진대전선,0301,E,1
r302-0,12040.0,83.3,0301VDE08000,당진대전선,0301,E,1
r302-0,13040.0,84.3,0301VDE08100,당진대전선,0301,E,1
r302-0,15140.0,86.4,0301VDE08300,당진대전선,0301,E,1
r302-0,16440.0,87.7,0301VDE08400,당진대전선,0301,E,1
r302-0,17340.0,88.6,0301VDE08500,당진대전선,0301,E,1
r302-1,2830.0,88.6,0301VDS08500,당진대전선,0301,S,-1
r302-1,3730.0,87.7,0301VDS08400,당진대전선,0301,S,-1
r302-1,5030.0,86.4,0301VDS08300,당진대전선,0301,S,-1
r302-1,7130.0,84.3,0301VDS08100,당진대전선,0301,S,-1
r302-1,8130.0,83.3,0301VDS08000,당진대전선,0301,S,-1
r302-1,10130.0,81.3,0301VDS07800,당진대전선,0301,S,-1
r302-1,11120.0,80.3,0301VDS07700,당진대전선,0301,S,-1
r302-1,12220.0,79.2,0301VDS07600,당진대전선,0301,S,-1
r302-1,14130.0,77.3,0301VDS07400,당진대전선,0301,S,-1
r302-1,15030.0,76.4,0301VDS07300,당진대전선,0301,S,-1
r302-1,17430.0,74.0,0301VDS07100,당진대전선,0301,S,-1
r302-1,18430.0,73.0,0301VDS07000,당진대전선,0301,S,-1
r451-0,1740.0,0.95,4510VDE00100,중부내륙지선,4510,E,1
r451-0,3940.0,3.2,4510VDE00300,중부내륙지선,4510,E,1
r451-0,5040.0,4.3,4510VDE00400,중부내륙지선,4510,E,1
r451-0,5930.0,5.2,4510VDE00500,중부내륙지선,4510,E,1
r451-0,7430.0,6.7,4510VDE00600,중부내륙지선,4510,E,1
r451-0,8520.0,7.8,4510VDE00700,중부내륙지선,4510,E,1
r451-0,9650.0,8.9,4510VDE00702,중부내륙지선,4510,E,1
r451-0,10460.0,9.7,4510VDE00704,중부내륙지선,4510,E,1
r451-0,10560.0,9.8,4510VDE00800,중부내륙지선,4510,E,1
r451-0,10760.0,10.0,4510VDE00801,중부내륙지선,4510,E,1
r451-0,11560.0,10.8,4510VDE00803,중부내륙지선,4510,E,1
r451-0,12760.0,12.0,4510VDE00900,중부내륙지선,4510,E,1
r451-0,14160.0,13.4,4510VDE01000,중부내륙지선,4510,E,1
r451-0,18410.0,17.7,4510VDE01100,중부내륙지선,4510,E,1
r451-0,19710.0,19.0,4510VDE01200,중부내륙지선,4510,E,1
r451-0,21110.0,20.4,4510VDE01350,중부내륙지선,4510,E,1
r451-0,21210.0,20.5,4510VDE01701,중부내륙지선,4510,E,1
r451-0,22340.0,21.5,4510VDE01400,중부내륙지선,4510,E,1
r451-0,23640.0,22.8,4510VDE01500,중부내륙지선,4510,E,1
r451-0,25840.0,25.0,4510VDE01501,중부내륙지선,4510,E,1
r451-0,29200.0,28.5,4510VDE01570,중부내륙지선,4510,E,1
r451-1,2040.0,28.5,4510VDS01570,중부내륙지선,4510,S,-1
r451-1,5390.0,25.0,4510VDS01501,중부내륙지선,4510,S,-1
r451-1,7590.0,22.8,4510VDS01500,중부내륙지선,4510,S,-1
r451-1,8890.0,21.5,4510VDS01400,중부내륙지선,4510,S,-1
r451-1,10010.0,20.5,4510VDS01601,중부내륙지선,4510,S,-1
r451-1,10110.0,20.4,4510VDS01350,중부내륙지선,4510,S,-1
r451-1,11510.0,19.0,4510VDS01200,중부내륙지선,4510,S,-1
r451-1,12410.0,18.1,4510VDS01100,중부내륙지선,4510,S,-1
r451-1,17130.0,13.4,4510VDS01000,중부내륙지선,4510,S,-1
r451-1,18520.0,12.0,4510VDS00900,중부내륙지선,4510,S,-1
r451-1,19320.0,11.2,4510VDS00804,중부내륙지선,4510,S,-1
r451-1,20120.0,10.4,4510VDS00802,중부내륙지선,4510,S,-1
r451-1,20720.0,9.8,4510VDS00800,중부내륙지선,4510,S,-1
r451-1,20820.0,9.7,4510VDS00703,중부내륙지선,4510,S,-1
r451-1,21620.0,8.9,4510VDS00701,중부내륙지선,4510,S,-1
r451-1,22720.0,7.8,4510VDS00700,중부내륙지선,4510,S,-1
r451-1,23820.0,6.7,4510VDS00600,중부내륙지선,4510,S,-1
r451-1,25310.0,5.2,4510VDS00500,중부내륙지선,4510,S,-1
r451-1,26210.0,4.3,4510VDS00400,중부내륙지선,4510,S,-1
r451-1,27310.0,3.2,4510VDS00300,중부내륙지선,4510,S,-1
r451-1,29510.0,0.95,4510VDS00100,중부내륙지선,4510,S,-1
r551-0,390.0,16.1,5510VDS00900,중앙선지선,5510,S,-1
r551-0,1990.0,14.5,5510VDS00800,중앙선지선,5510,S,-1
r551-0,3100.0,13.4,5510VDS00700,중앙선지선,5510,S,-1
r551-0,3900.0,12.61,5510VDS00601,중앙선지선,5510,S,-1
r551-0,4890.0,11.6,5510VDS00500,중앙선지선,5510,S,-1
r551-0,6290.0,10.2,5510VDS00400,중앙선지선,5510,S,-1
r551-0,7000.0,9.5,5510VDS00300,중앙선지선,5510,S,-1
r551-0,8000.0,8.5,5510VDS00200,중앙선지선,5510,S,-1
r551-0,9000.0,7.5,5510VDS00123,중앙선지선,5510,S,-1
r551-0,10200.0,6.27,5510VDS00121,중앙선지선,5510,S,-1
r551-0,11500.0,5.0,5510VDS00114,중앙선지선,5510,S,-1
r551-0,12590.0,3.92,5510VDS00112,중앙선지선,5510,S,-1
r551-0,13290.0,3.2,5510VDS00106,중앙선지선,5510,S,-1
r551-0,14390.0,2.1,5510VDS00103,중앙선지선,5510,S,-1
r551-0,15290.0,1.2,5510VDS00102,중앙선지선,5510,S,-1
r551-1,690.0,1.1,5510VDE00101,중앙선지선,5510,E,1
r551-1,1690.0,2.1,5510VDE00104,중앙선지선,5510,E,1
r551-1,2590.0,3.0,5510VDE00105,중앙선지선,5510,E,1
r551-1,3290.0,3.7,5510VDE00111,중앙선지선,5510,E,1
r551-1,4390.0,4.8,5510VDE00113,중앙선지선,5510,E,1
r551-1,5880.0,6.27,5510VDE00122,중앙선지선,5510,E,1
r551-1,7070.0,7.5,5510VDE00124,중앙선지선,5510,E,1
r551-1,8070.0,8.5,5510VDE00200,중앙선지선,5510,E,1
r551-1,9070.0,9.5,5510VDE00300,중앙선지선,5510,E,1
r551-1,9780.0,10.2,5510VDE00400,중앙선지선,5510,E,1
r551-1,9780.0,10.21,5510VDE00401,중앙선지선,5510,E,1
r551-1,11180.0,11.6,5510VDE00500,중앙선지선,5510,E,1
r551-1,12180.0,12.6,5510VDE00600,중앙선지선,5510,E,1
r551-1,12980.0,13.4,5510VDE00700,중앙선지선,5510,E,1
r551-1,14080.0,14.5,5510VDE00801,중앙선지선,5510,E,1
r551-1,15680.0,16.1,5510VDE00900,중앙선지선,5510,E,1
r600-0,960.0,1.06,6000VDE00100,부산외곽선,6000,E,1
r600-0,1850.0,1.99,6000VDE00202,부산외곽선,6000,E,1
r600-0,2750.0,2.85,6000VDE00302,부산외곽선,6000,E,1
r600-0,3950.0,4.1,6000VDE00400,부산외곽선,6000,E,1
r600-0,6040.0,6.23,6000VDE00450,부산외곽선,6000,E,1
r600-0,6840.0,6.95,6000VDE00502,부산외곽선,6000,E,1
r600-0,7740.0,7.85,6000VDE00602,부산외곽선,6000,E,1
r600-0,8740.0,8.9,6000VDE00700,부산외곽선,6000,E,1
r600-0,9840.0,9.96,6000VDE00802,부산외곽선,6000,E,1
r600-0,11240.0,11.43,6000VDE00902,부산외곽선,6000,E,1
r600-0,12540.0,12.72,6000VDE01002,부산외곽선,6000,E,1
r600-0,13940.0,14.06,6000VDE01102,부산외곽선,6000,E,1
r600-0,15440.0,15.57,6000VDE01202,부산외곽선,6000,E,1
r600-0,16440.0,16.61,6000VDE01300,부산외곽선,6000,E,1
r600-0,17440.0,17.59,6000VDE01400,부산외곽선,6000,E,1
r600-0,18940.0,19.08,6000VDE01502,부산외곽선,6000,E,1
r600-0,20040.0,20.19,6000VDE01602,부산외곽선,6000,E,1
r600-0,21040.0,21.21,6000VDE01702,부산외곽선,6000,E,1
r600-0,22240.0,22.38,6000VDE01802,부산외곽선,6000,E,1
r600-0,23440.0,23.55,6000VDE01902,부산외곽선,6000,E,1
r600-0,24540.0,24.69,6000VDE02002,부산외곽선,6000,E,1
r600-0,25530.0,25.67,6000VDE02100,부산외곽선,6000,E,1
r600-0,26540.0,26.69,6000VDE02150,부산외곽선,6000,E,1
r600-0,26740.0,26.9,6000VDE02171,부산외곽선,6000,E,1
r600-0,27840.0,27.99,6000VDE02200,부산외곽선,6000,E,1
r600-0,29430.0,29.6,6000VDE02302,부산외곽선,6000,E,1
r600-0,30540.0,30.71,6000VDE02402,부산외곽선,6000,E,1
r600-0,31530.0,31.69,6000VDE02502,부산외곽선,6000,E,1
r600-0,32530.0,32.67,6000VDE02602,부산외곽선,6000,E,1
r600-0,33530.0,33.65,6000VDE02702,부산외곽선,6000,E,1
r600-0,34430.0,34.62,6000VDE02802,부산외곽선,6000,E,1
r600-0,35430.0,35.59,6000VDE02902,부산외곽선,6000,E,1
r600-0,36530.0,36.7,6000VDE03002,부산외곽선,6000,E,1
r600-0,37630.0,37.79,6000VDE03100,부산외곽선,6000,E,1
r600-0,38430.0,38.59,6000VDE03150,부산외곽선,6000,E,1
r600-0,40930.0,41.06,6000VDE03200,부산외곽선,6000,E,1
r600-0,43230.0,43.39,6000VDE03300,부산외곽선,6000,E,1
r600-0,44530.0,44.7,6000VDE03350,부산외곽선,6000,E,1
r600-0,45030.0,45.16,6000VDE03400,부산외곽선,6000,E,1
r600-0,47230.0,47.41,6000VDE03500,부산외곽선,6000,E,1
r600-1,1590.0,47.41,6000VDS03500,부산외곽선,6000,S,-1
r600-1,3290.0,45.7,6000VDS03450,부산외곽선,6000,S,-1
r600-1,3790.0,45.16,6000VDS03400,부산외곽선,6000,S,-1
r600-1,5590.0,43.39,6000VDS03300,부산외곽선,6000,S,-1
r600-1,7890.0,41.06,6000VDS03200,부산외곽선,6000,S,-1
r600-1,10390.0,38.59,6000VDS03150,부산외곽선,6000,S,-1
r600-1,11190.0,37.79,6000VDS03100,부산외곽선,6000,S,-1
r600-1,12390.0,36.6,6000VDS03001,부산외곽선,6000,S,-1
r600-1,13400.0,35.62,6000VDS02901,부산외곽선,6000,S,-1
r600-1,14410.0,34.64,6000VDS02801,부산외곽선,6000,S,-1
r600-1,15320.0,33.65,6000VDS02701,부산외곽선,6000,S,-1
r600-1,16320.0,32.69,6000VDS02601,부산외곽선,6000,S,-1
r600-1,17320.0,31.71,6000VDS02501,부산외곽선,6000,S,-1
r600-1,18320.0,30.74,6000VDS02401,부산외곽선,6000,S,-1
r600-1,19220.0,29.77,6000VDS02301,부산외곽선,6000,S,-1
r600-1,21010.0,27.99,6000VDS02200,부산외곽선,6000,S,-1
r600-1,22110.0,26.9,6000VDS02170,부산외곽선,6000,S,-1
r600-1,22310.0,26.69,6000VDS02150,부산외곽선,6000,S,-1
r600-1,23310.0,25.67,6000VDS02100,부산외곽선,6000,S,-1
r600-1,24300.0,24.7,6000VDS02001,부산외곽선,6000,S,-1
r600-1,25390.0,23.55,6000VDS01901,부산외곽선,6000,S,-1
r600-1,26590.0,22.39,6000VDS01801,부산외곽선,6000,S,-1
r600-1,27800.0,21.18,6000VDS01701,부산외곽선,6000,S,-1
r600-1,28800.0,20.2,6000VDS01601,부산외곽선,6000,S,-1
r600-1,29900.0,19.09,6000VDS01501,부산외곽선,6000,S,-1
r600-1,31400.0,17.59,6000VDS01400,부산외곽선,6000,S,-1
r600-1,32400.0,16.61,6000VDS01300,부산외곽선,6000,S,-1
r600-1,33400.0,15.56,6000VDS01201,부산외곽선,6000,S,-1
r600-1,34900.0,14.06,6000VDS01101,부산외곽선,6000,S,-1
r600-1,36190.0,12.75,6000VDS01001,부산외곽선,6000,S,-1
r600-1,37490.0,11.45,6000VDS00901,부산외곽선,6000,S,-1
r600-1,38990.0,9.97,6000VDS00801,부산외곽선,6000,S,-1
r600-1,40090.0,8.9,6000VDS00700,부산외곽선,6000,S,-1
r600-1,41090.0,7.89,6000VDS00601,부산외곽선,6000,S,-1
r600-1,41990.0,6.96,6000VDS00501,부산외곽선,6000,S,-1
r600-1,42790.0,6.23,6000VDS00450,부산외곽선,6000,S,-1
r600-1,44890.0,4.1,6000VDS00400,부산외곽선,6000,S,-1
r600-1,46180.0,2.77,6000VDS00301,부산외곽선,6000,S,-1
r600-1,46980.0,2.0,6000VDS00201,부산외곽선,6000,S,-1
r600-1,47900.0,1.06,6000VDS00100,부산외곽선,6000,S,-1
